client_id,age_group,region,income_band,client_since
1,35-44,Шымкент,400-700к,2025-01-14
2,25-34,Астана,200-400к,2024-05-23
3,45-54,Алматы,до 200к,2021-03-12
4,35-44,Костанай,до 200к,2020-12-07
5,18-24,Алматы,200-400к,2021-11-06
6,55+,Алматы,200-400к,2022-07-12
7,35-44,Алматы,до 200к,2021-08-10
8,45-54,Павлодар,400-700к,2020-06-28
9,18-24,Актобе,до 200к,2022-09-22
10,25-34,Астана,400-700к,2022-04-03
11,25-34,Костанай,700к+,2021-09-02
12,45-54,Алматы,200-400к,2024-07-10
13,35-44,Павлодар,700к+,2021-08-02
14,45-54,Алматы,до 200к,2024-11-20
15,25-34,Астана,200-400к,2020-01-23
16,25-34,Алматы,700к+,2022-11-04
17,35-44,Костанай,400-700к,2025-03-15
18,18-24,Павлодар,до 200к,2021-07-26
19,45-54,Шымкент,до 200к,2023-08-03
20,35-44,Алматы,до 200к,2024-01-06
21,35-44,Алматы,700к+,2021-11-15
22,25-34,Астана,до 200к,2023-07-01
23,55+,Астана,200-400к,2023-07-28
24,45-54,Алматы,200-400к,2022-07-29
25,35-44,Караганда,200-400к,2022-01-23
26,25-34,Шымкент,200-400к,2022-08-08
27,25-34,Павлодар,200-400к,2020-10-24
28,18-24,Астана,200-400к,2022-09-13
29,25-34,Астана,200-400к,2021-10-12
30,35-44,Шымкент,200-400к,2021-11-09
31,35-44,Алматы,200-400к,2021-05-06
32,55+,Караганда,200-400к,2022-11-03
33,25-34,Актобе,400-700к,2020-01-16
34,25-34,Алматы,200-400к,2020-04-24
35,25-34,Астана,200-400к,2021-02-21
36,25-34,Атырау,до 200к,2023-02-14
37,18-24,Шымкент,до 200к,2021-05-28
38,25-34,Шымкент,400-700к,2022-09-19
39,25-34,Актобе,400-700к,2020-10-22
40,35-44,Шымкент,до 200к,2022-04-21
41,25-34,Алматы,200-400к,2022-06-26
42,45-54,Атырау,200-400к,2021-10-09
43,35-44,Павлодар,400-700к,2020-04-09
44,25-34,Алматы,до 200к,2023-05-28
45,45-54,Алматы,700к+,2021-02-11
46,45-54,Караганда,до 200к,2022-08-27
47,25-34,Шымкент,700к+,2023-11-19
48,25-34,Астана,до 200к,2020-07-20
49,35-44,Шымкент,200-400к,2023-09-19
50,18-24,Караганда,до 200к,2022-01-18
51,25-34,Шымкент,до 200к,2022-10-04
52,18-24,Алматы,700к+,2020-06-02
53,45-54,Алматы,200-400к,2022-09-25
54,35-44,Астана,до 200к,2022-01-28
55,35-44,Павлодар,700к+,2020-12-22
56,45-54,Шымкент,до 200к,2022-12-01
57,25-34,Астана,до 200к,2023-07-25
58,35-44,Павлодар,до 200к,2022-02-21
59,18-24,Астана,200-400к,2023-06-22
60,18-24,Шымкент,700к+,2021-11-14
61,35-44,Алматы,до 200к,2024-07-18
62,25-34,Актобе,400-700к,2021-07-16
63,35-44,Караганда,до 200к,2024-05-15
64,35-44,Атырау,до 200к,2022-02-02
65,35-44,Астана,400-700к,2023-01-21
66,35-44,Астана,400-700к,2020-05-18
67,35-44,Алматы,200-400к,2020-05-28
68,25-34,Костанай,до 200к,2025-06-10
69,18-24,Алматы,до 200к,2020-01-16
70,25-34,Караганда,400-700к,2023-01-15
71,25-34,Караганда,200-400к,2022-07-03
72,25-34,Алматы,200-400к,2023-06-26
73,45-54,Астана,до 200к,2020-01-08
74,25-34,Алматы,400-700к,2021-01-01
75,18-24,Шымкент,до 200к,2021-11-08
76,25-34,Костанай,200-400к,2025-01-20
77,25-34,Астана,400-700к,2021-11-30
78,35-44,Костанай,до 200к,2023-02-16
79,35-44,Алматы,200-400к,2023-02-20
80,45-54,Астана,200-400к,2022-04-08
81,35-44,Павлодар,200-400к,2024-07-16
82,25-34,Павлодар,700к+,2023-11-27
83,45-54,Астана,200-400к,2022-06-07
84,25-34,Караганда,до 200к,2021-08-31
85,18-24,Павлодар,200-400к,2021-07-09
86,18-24,Актобе,200-400к,2025-02-12
87,35-44,Караганда,200-400к,2020-09-08
88,25-34,Алматы,400-700к,2020-12-04
89,25-34,Алматы,до 200к,2021-06-07
90,35-44,Шымкент,до 200к,2024-07-24
91,25-34,Шымкент,до 200к,2023-10-08
92,35-44,Алматы,400-700к,2025-04-17
93,25-34,Астана,400-700к,2023-12-14
94,25-34,Астана,200-400к,2022-09-10
95,25-34,Астана,200-400к,2020-03-21
96,35-44,Астана,700к+,2024-10-19
97,25-34,Астана,400-700к,2023-09-01
98,18-24,Алматы,200-400к,2020-05-23
99,18-24,Атырау,400-700к,2025-04-25
100,55+,Шымкент,700к+,2023-05-26
101,45-54,Алматы,200-400к,2023-05-24
102,35-44,Астана,200-400к,2021-12-13
103,25-34,Астана,200-400к,2021-10-23
104,55+,Шымкент,200-400к,2021-12-29
105,35-44,Шымкент,400-700к,2020-04-10
106,35-44,Караганда,200-400к,2022-06-19
107,25-34,Караганда,до 200к,2020-05-04
108,25-34,Алматы,200-400к,2023-04-08
109,18-24,Астана,200-400к,2021-02-18
110,45-54,Алматы,до 200к,2023-05-17
111,25-34,Астана,200-400к,2022-01-16
112,25-34,Астана,до 200к,2021-07-10
113,25-34,Актобе,400-700к,2020-10-16
114,35-44,Алматы,до 200к,2022-02-06
115,25-34,Караганда,до 200к,2020-05-18
116,45-54,Астана,400-700к,2021-05-14
117,35-44,Астана,до 200к,2022-07-16
118,35-44,Актобе,400-700к,2023-06-19
119,25-34,Алматы,200-400к,2022-07-08
120,35-44,Астана,400-700к,2020-07-23
121,35-44,Астана,до 200к,2023-12-12
122,35-44,Актобе,до 200к,2022-04-27
123,18-24,Алматы,до 200к,2023-06-07
124,25-34,Костанай,700к+,2025-05-10
125,18-24,Костанай,400-700к,2020-04-07
126,25-34,Атырау,до 200к,2025-05-31
127,25-34,Астана,до 200к,2025-03-18
128,25-34,Караганда,до 200к,2022-11-01
129,18-24,Алматы,до 200к,2020-02-24
130,35-44,Павлодар,до 200к,2021-05-09
131,25-34,Шымкент,400-700к,2021-03-27
132,45-54,Алматы,до 200к,2023-03-12
133,35-44,Астана,400-700к,2023-10-15
134,25-34,Атырау,до 200к,2022-09-03
135,35-44,Павлодар,400-700к,2021-12-12
136,18-24,Шымкент,200-400к,2020-03-25
137,55+,Астана,до 200к,2025-02-21
138,25-34,Актобе,400-700к,2025-06-01
139,45-54,Атырау,до 200к,2020-03-06
140,18-24,Актобе,400-700к,2021-10-16
141,25-34,Астана,400-700к,2025-05-19
142,25-34,Караганда,700к+,2022-03-09
143,55+,Атырау,400-700к,2023-05-30
144,35-44,Алматы,до 200к,2022-10-24
145,25-34,Астана,200-400к,2023-06-20
146,25-34,Алматы,400-700к,2024-10-26
147,25-34,Астана,200-400к,2022-01-29
148,35-44,Актобе,200-400к,2024-05-17
149,25-34,Алматы,до 200к,2022-07-01
150,18-24,Шымкент,200-400к,2021-02-15
151,45-54,Алматы,200-400к,2020-05-29
152,45-54,Павлодар,до 200к,2023-12-03
153,25-34,Атырау,700к+,2023-04-20
154,35-44,Шымкент,400-700к,2024-10-15
155,18-24,Караганда,200-400к,2021-04-15
156,35-44,Алматы,до 200к,2023-11-29
157,25-34,Атырау,400-700к,2020-02-16
158,35-44,Актобе,до 200к,2020-10-05
159,35-44,Алматы,200-400к,2023-04-03
160,35-44,Костанай,400-700к,2022-12-13
161,18-24,Алматы,до 200к,2023-03-30
162,45-54,Караганда,до 200к,2024-08-04
163,25-34,Алматы,до 200к,2024-07-25
164,18-24,Актобе,200-400к,2021-01-26
165,35-44,Алматы,200-400к,2021-02-09
166,25-34,Алматы,до 200к,2022-12-13
167,45-54,Астана,700к+,2025-03-29
168,45-54,Костанай,400-700к,2023-09-01
169,25-34,Алматы,до 200к,2020-10-19
170,55+,Шымкент,200-400к,2023-06-24
171,25-34,Шымкент,200-400к,2021-11-07
172,35-44,Атырау,200-400к,2020-08-01
173,25-34,Астана,200-400к,2023-11-25
174,55+,Шымкент,до 200к,2021-07-08
175,25-34,Костанай,до 200к,2024-03-31
176,18-24,Астана,до 200к,2023-01-09
177,25-34,Астана,до 200к,2022-06-12
178,55+,Павлодар,200-400к,2021-02-21
179,45-54,Астана,700к+,2021-08-07
180,35-44,Астана,200-400к,2021-10-29
181,45-54,Астана,700к+,2023-10-18
182,45-54,Атырау,200-400к,2022-04-10
183,35-44,Павлодар,до 200к,2020-03-08
184,25-34,Караганда,400-700к,2020-01-28
185,35-44,Караганда,до 200к,2021-07-03
186,35-44,Астана,до 200к,2022-10-17
187,25-34,Алматы,700к+,2021-10-28
188,18-24,Алматы,200-400к,2025-06-12
189,35-44,Алматы,700к+,2021-04-07
190,25-34,Алматы,до 200к,2022-03-27
191,55+,Караганда,400-700к,2022-03-06
192,25-34,Алматы,до 200к,2021-07-02
193,18-24,Алматы,200-400к,2024-10-31
194,45-54,Астана,400-700к,2021-05-20
195,25-34,Алматы,200-400к,2020-01-22
196,25-34,Алматы,200-400к,2022-10-27
197,35-44,Алматы,400-700к,2023-06-23
198,45-54,Алматы,400-700к,2022-07-01
199,25-34,Шымкент,до 200к,2022-04-22
200,25-34,Актобе,до 200к,2024-09-19
201,35-44,Атырау,700к+,2022-01-17
202,55+,Актобе,200-400к,2023-07-02
203,35-44,Караганда,200-400к,2024-08-01
204,25-34,Павлодар,до 200к,2022-03-08
205,18-24,Шымкент,до 200к,2022-12-17
206,25-34,Караганда,700к+,2022-02-10
207,18-24,Астана,200-400к,2023-05-13
208,35-44,Астана,400-700к,2022-12-30
209,18-24,Астана,до 200к,2024-08-31
210,35-44,Алматы,до 200к,2021-05-21
211,35-44,Атырау,200-400к,2020-11-19
212,35-44,Алматы,400-700к,2022-04-25
213,25-34,Караганда,до 200к,2023-05-09
214,45-54,Атырау,200-400к,2021-07-24
215,35-44,Астана,200-400к,2025-06-19
216,35-44,Алматы,до 200к,2022-10-27
217,18-24,Астана,200-400к,2024-06-11
218,18-24,Астана,200-400к,2022-12-29
219,45-54,Костанай,до 200к,2022-02-24
220,25-34,Караганда,200-400к,2024-08-20
221,25-34,Актобе,до 200к,2020-11-11
222,25-34,Шымкент,400-700к,2021-05-17
223,35-44,Караганда,400-700к,2024-03-10
224,55+,Актобе,400-700к,2024-12-14
225,25-34,Алматы,200-400к,2021-08-04
226,45-54,Алматы,200-400к,2022-12-06
227,18-24,Алматы,200-400к,2022-08-30
228,35-44,Шымкент,200-400к,2023-12-24
229,35-44,Павлодар,до 200к,2022-09-25
230,18-24,Шымкент,400-700к,2023-05-08
231,25-34,Шымкент,до 200к,2023-08-31
232,25-34,Павлодар,200-400к,2024-07-16
233,55+,Алматы,200-400к,2020-10-04
234,35-44,Алматы,200-400к,2023-08-19
235,55+,Павлодар,200-400к,2020-12-27
236,45-54,Павлодар,200-400к,2020-01-23
237,25-34,Караганда,200-400к,2023-12-03
238,45-54,Алматы,700к+,2022-02-19
239,18-24,Костанай,200-400к,2023-12-04
240,18-24,Актобе,до 200к,2025-02-19
241,45-54,Караганда,400-700к,2020-09-14
242,45-54,Алматы,до 200к,2022-06-21
243,25-34,Шымкент,до 200к,2020-07-16
244,35-44,Атырау,до 200к,2024-07-14
245,35-44,Атырау,200-400к,2025-06-22
246,45-54,Шымкент,200-400к,2024-10-03
247,35-44,Шымкент,200-400к,2025-06-10
248,25-34,Караганда,400-700к,2021-10-27
249,25-34,Шымкент,200-400к,2021-07-10
250,25-34,Астана,до 200к,2024-09-11
251,35-44,Алматы,200-400к,2023-07-27
252,45-54,Алматы,400-700к,2022-01-24
253,25-34,Актобе,200-400к,2021-02-24
254,25-34,Алматы,200-400к,2020-02-20
255,25-34,Алматы,200-400к,2020-03-17
256,35-44,Павлодар,200-400к,2023-10-20
257,45-54,Караганда,200-400к,2021-06-11
258,18-24,Алматы,400-700к,2024-06-28
259,18-24,Астана,до 200к,2024-08-19
260,35-44,Актобе,до 200к,2022-06-22
261,25-34,Астана,400-700к,2021-08-22
262,45-54,Астана,400-700к,2020-12-12
263,25-34,Астана,200-400к,2021-05-28
264,25-34,Алматы,200-400к,2023-05-15
265,45-54,Актобе,700к+,2024-02-20
266,25-34,Алматы,200-400к,2024-01-16
267,25-34,Шымкент,200-400к,2025-04-01
268,25-34,Алматы,200-400к,2023-08-02
269,18-24,Алматы,200-400к,2022-10-12
270,18-24,Алматы,200-400к,2021-12-12
271,18-24,Атырау,700к+,2021-11-03
272,25-34,Алматы,до 200к,2022-01-06
273,18-24,Алматы,до 200к,2024-10-25
274,35-44,Алматы,200-400к,2023-01-03
275,35-44,Актобе,200-400к,2021-03-17
276,25-34,Астана,400-700к,2021-01-21
277,25-34,Костанай,700к+,2020-02-26
278,35-44,Караганда,400-700к,2024-08-19
279,45-54,Шымкент,700к+,2021-03-15
280,45-54,Караганда,до 200к,2020-07-23
281,18-24,Алматы,до 200к,2021-08-02
282,25-34,Костанай,200-400к,2022-08-31
283,25-34,Костанай,400-700к,2025-04-03
284,25-34,Алматы,до 200к,2024-09-14
285,35-44,Караганда,до 200к,2020-12-07
286,25-34,Алматы,200-400к,2022-11-24
287,18-24,Шымкент,200-400к,2024-07-06
288,25-34,Актобе,200-400к,2024-03-01
289,35-44,Павлодар,400-700к,2022-07-28
290,18-24,Астана,до 200к,2021-04-24
291,45-54,Караганда,200-400к,2024-04-19
292,18-24,Актобе,до 200к,2022-06-10
293,45-54,Алматы,до 200к,2021-04-19
294,18-24,Караганда,200-400к,2023-11-27
295,45-54,Караганда,200-400к,2024-10-31
296,45-54,Актобе,200-400к,2024-11-11
297,55+,Костанай,200-400к,2025-02-17
298,45-54,Алматы,400-700к,2023-07-10
299,35-44,Алматы,до 200к,2024-03-15
300,35-44,Алматы,400-700к,2021-04-30
301,35-44,Алматы,200-400к,2021-10-09
302,18-24,Астана,до 200к,2020-10-19
303,35-44,Павлодар,200-400к,2020-06-11
304,35-44,Астана,до 200к,2024-08-10
305,45-54,Караганда,до 200к,2022-07-03
306,25-34,Астана,до 200к,2023-01-13
307,25-34,Астана,до 200к,2020-06-23
308,35-44,Атырау,700к+,2021-01-02
309,25-34,Караганда,400-700к,2020-06-01
310,18-24,Астана,200-400к,2022-08-29
311,25-34,Павлодар,400-700к,2023-03-07
312,25-34,Астана,700к+,2020-09-09
313,25-34,Алматы,200-400к,2023-11-17
314,25-34,Астана,200-400к,2020-07-29
315,25-34,Караганда,200-400к,2024-08-04
316,25-34,Астана,700к+,2025-01-13
317,25-34,Атырау,400-700к,2023-07-04
318,35-44,Шымкент,до 200к,2022-12-25
319,25-34,Астана,400-700к,2024-01-03
320,55+,Атырау,до 200к,2021-05-12
321,45-54,Астана,до 200к,2025-01-16
322,25-34,Астана,200-400к,2024-10-28
323,25-34,Алматы,400-700к,2023-10-23
324,35-44,Астана,до 200к,2025-06-20
325,45-54,Астана,200-400к,2021-08-28
326,35-44,Алматы,400-700к,2024-11-03
327,45-54,Шымкент,до 200к,2020-03-08
328,35-44,Алматы,400-700к,2024-02-04
329,35-44,Алматы,200-400к,2021-08-01
330,25-34,Шымкент,200-400к,2025-04-08
331,35-44,Алматы,до 200к,2023-02-08
332,25-34,Караганда,700к+,2021-01-29
333,35-44,Караганда,700к+,2021-09-21
334,45-54,Астана,до 200к,2024-10-21
335,18-24,Алматы,200-400к,2024-05-28
336,35-44,Астана,400-700к,2021-12-18
337,18-24,Алматы,до 200к,2021-06-09
338,35-44,Шымкент,200-400к,2020-03-05
339,18-24,Актобе,400-700к,2020-09-03
340,55+,Караганда,200-400к,2020-03-05
341,18-24,Астана,700к+,2021-10-21
342,55+,Костанай,до 200к,2021-01-10
343,45-54,Алматы,700к+,2020-02-10
344,35-44,Павлодар,700к+,2024-04-07
345,45-54,Атырау,до 200к,2024-10-24
346,45-54,Астана,200-400к,2024-11-28
347,55+,Алматы,200-400к,2024-07-31
348,25-34,Алматы,400-700к,2020-09-12
349,35-44,Павлодар,до 200к,2020-11-24
350,18-24,Алматы,200-400к,2024-08-17
351,35-44,Павлодар,400-700к,2020-01-31
352,25-34,Шымкент,200-400к,2024-02-19
353,35-44,Астана,200-400к,2020-09-09
354,35-44,Шымкент,200-400к,2020-04-14
355,25-34,Алматы,700к+,2024-04-09
356,35-44,Астана,до 200к,2024-01-02
357,35-44,Павлодар,700к+,2020-06-19
358,45-54,Алматы,200-400к,2020-03-17
359,25-34,Павлодар,700к+,2024-11-01
360,35-44,Костанай,до 200к,2021-06-09
361,55+,Алматы,200-400к,2025-04-22
362,18-24,Шымкент,400-700к,2022-11-27
363,18-24,Алматы,400-700к,2025-05-11
364,18-24,Караганда,до 200к,2024-12-23
365,35-44,Костанай,200-400к,2023-05-16
366,25-34,Павлодар,до 200к,2020-07-29
367,35-44,Павлодар,до 200к,2024-11-29
368,35-44,Алматы,400-700к,2021-11-27
369,25-34,Шымкент,700к+,2021-05-19
370,45-54,Алматы,200-400к,2023-02-27
371,35-44,Павлодар,до 200к,2021-12-15
372,25-34,Алматы,до 200к,2024-01-20
373,25-34,Алматы,200-400к,2021-06-13
374,25-34,Алматы,до 200к,2025-01-04
375,25-34,Алматы,400-700к,2020-07-18
376,25-34,Алматы,до 200к,2022-07-26
377,55+,Алматы,до 200к,2025-04-04
378,25-34,Атырау,400-700к,2024-08-08
379,25-34,Актобе,до 200к,2024-06-28
380,35-44,Алматы,200-400к,2023-05-19
381,35-44,Актобе,200-400к,2023-02-12
382,55+,Астана,до 200к,2021-02-12
383,45-54,Актобе,200-400к,2021-08-18
384,25-34,Астана,200-400к,2023-03-05
385,25-34,Шымкент,200-400к,2021-09-05
386,55+,Астана,до 200к,2021-09-19
387,35-44,Алматы,200-400к,2023-09-20
388,55+,Шымкент,200-400к,2023-11-08
389,18-24,Актобе,до 200к,2022-09-19
390,45-54,Актобе,до 200к,2021-07-23
391,35-44,Астана,до 200к,2020-12-18
392,18-24,Шымкент,до 200к,2021-06-09
393,35-44,Актобе,до 200к,2021-10-21
394,35-44,Алматы,700к+,2025-03-05
395,18-24,Алматы,200-400к,2021-10-07
396,25-34,Астана,200-400к,2024-12-22
397,45-54,Алматы,до 200к,2022-12-12
398,25-34,Астана,до 200к,2022-06-22
399,25-34,Алматы,400-700к,2021-06-19
400,25-34,Шымкент,400-700к,2024-03-10
401,25-34,Караганда,700к+,2024-08-12
402,45-54,Атырау,до 200к,2025-05-18
403,45-54,Караганда,до 200к,2024-06-28
404,18-24,Астана,400-700к,2020-06-26
405,55+,Павлодар,200-400к,2024-10-24
406,45-54,Актобе,до 200к,2023-04-27
407,25-34,Шымкент,200-400к,2022-10-23
408,45-54,Алматы,до 200к,2021-05-21
409,18-24,Караганда,400-700к,2022-10-10
410,55+,Шымкент,400-700к,2024-05-19
411,35-44,Караганда,200-400к,2023-03-24
412,35-44,Актобе,200-400к,2020-07-21
413,18-24,Павлодар,400-700к,2024-02-20
414,45-54,Костанай,200-400к,2024-04-26
415,18-24,Караганда,400-700к,2023-09-06
416,25-34,Костанай,200-400к,2021-02-05
417,25-34,Павлодар,700к+,2021-08-13
418,35-44,Алматы,до 200к,2022-07-01
419,25-34,Караганда,200-400к,2024-10-04
420,45-54,Алматы,400-700к,2024-06-15
421,35-44,Астана,400-700к,2020-07-09
422,18-24,Астана,700к+,2020-05-14
423,18-24,Астана,200-400к,2020-04-09
424,18-24,Алматы,400-700к,2025-01-30
425,35-44,Алматы,до 200к,2024-09-23
426,45-54,Алматы,200-400к,2021-03-10
427,25-34,Караганда,до 200к,2025-01-06
428,45-54,Павлодар,200-400к,2022-09-28
429,18-24,Костанай,700к+,2021-09-18
430,45-54,Астана,400-700к,2024-01-09
431,45-54,Алматы,200-400к,2020-05-18
432,35-44,Атырау,до 200к,2020-09-03
433,35-44,Алматы,200-400к,2021-05-27
434,45-54,Костанай,до 200к,2023-05-02
435,18-24,Актобе,до 200к,2024-08-03
436,25-34,Шымкент,700к+,2022-10-28
437,18-24,Алматы,200-400к,2022-05-29
438,35-44,Алматы,до 200к,2023-03-17
439,35-44,Шымкент,400-700к,2020-01-24
440,35-44,Астана,до 200к,2023-08-17
441,45-54,Атырау,200-400к,2024-05-28
442,25-34,Караганда,до 200к,2022-04-21
443,35-44,Астана,до 200к,2023-07-19
444,25-34,Алматы,200-400к,2021-08-20
445,25-34,Астана,400-700к,2025-02-15
446,35-44,Алматы,200-400к,2021-01-02
447,55+,Караганда,400-700к,2020-10-02
448,35-44,Шымкент,700к+,2025-02-21
449,18-24,Атырау,400-700к,2022-10-11
450,35-44,Астана,700к+,2022-03-13
451,18-24,Алматы,700к+,2024-06-19
452,45-54,Атырау,400-700к,2021-07-18
453,35-44,Караганда,до 200к,2021-08-14
454,25-34,Караганда,до 200к,2020-04-15
455,18-24,Шымкент,400-700к,2022-11-02
456,25-34,Павлодар,400-700к,2024-02-11
457,55+,Алматы,400-700к,2025-05-26
458,25-34,Астана,200-400к,2022-11-21
459,45-54,Атырау,400-700к,2020-05-29
460,35-44,Алматы,400-700к,2021-01-16
461,35-44,Атырау,200-400к,2021-07-16
462,25-34,Астана,до 200к,2024-11-21
463,55+,Алматы,200-400к,2023-03-07
464,25-34,Алматы,до 200к,2025-02-10
465,35-44,Атырау,до 200к,2024-08-15
466,35-44,Актобе,200-400к,2024-10-27
467,35-44,Астана,до 200к,2021-07-13
468,55+,Алматы,700к+,2023-01-26
469,25-34,Алматы,200-400к,2020-04-30
470,35-44,Алматы,400-700к,2022-01-16
471,25-34,Актобе,до 200к,2021-09-18
472,25-34,Алматы,400-700к,2020-11-19
473,18-24,Алматы,200-400к,2020-05-03
474,18-24,Алматы,200-400к,2022-01-24
475,25-34,Шымкент,200-400к,2020-05-20
476,25-34,Караганда,200-400к,2023-05-09
477,25-34,Караганда,200-400к,2021-07-08
478,35-44,Шымкент,400-700к,2021-03-29
479,35-44,Костанай,400-700к,2020-08-09
480,25-34,Астана,200-400к,2022-07-16
481,25-34,Атырау,700к+,2020-12-03
482,25-34,Караганда,200-400к,2023-02-20
483,35-44,Алматы,до 200к,2025-05-26
484,25-34,Атырау,200-400к,2024-01-02
485,18-24,Шымкент,200-400к,2020-08-20
486,25-34,Караганда,200-400к,2020-07-01
487,25-34,Алматы,400-700к,2024-10-16
488,25-34,Астана,200-400к,2024-09-29
489,35-44,Павлодар,700к+,2021-12-26
490,35-44,Алматы,до 200к,2022-07-01
491,35-44,Алматы,200-400к,2022-01-24
492,35-44,Алматы,до 200к,2023-03-09
493,35-44,Астана,200-400к,2021-02-21
494,25-34,Атырау,200-400к,2025-02-23
495,45-54,Караганда,400-700к,2022-03-18
496,35-44,Павлодар,400-700к,2020-12-01
497,25-34,Астана,до 200к,2021-08-25
498,35-44,Астана,до 200к,2024-11-03
499,25-34,Алматы,200-400к,2021-07-31
500,35-44,Алматы,до 200к,2024-05-27
501,35-44,Актобе,200-400к,2024-03-11
502,45-54,Алматы,200-400к,2025-06-11
503,45-54,Алматы,400-700к,2020-11-02
504,35-44,Павлодар,700к+,2022-02-25
505,35-44,Шымкент,200-400к,2024-08-09
506,45-54,Алматы,700к+,2020-09-10
507,25-34,Караганда,400-700к,2020-03-09
508,45-54,Шымкент,до 200к,2020-01-29
509,25-34,Атырау,400-700к,2020-06-13
510,18-24,Караганда,200-400к,2024-05-04
511,18-24,Алматы,400-700к,2021-11-28
512,45-54,Алматы,400-700к,2020-09-30
513,18-24,Алматы,400-700к,2023-11-08
514,25-34,Караганда,400-700к,2021-09-04
515,25-34,Шымкент,400-700к,2020-10-04
516,25-34,Актобе,200-400к,2025-05-28
517,25-34,Шымкент,700к+,2023-03-14
518,35-44,Астана,200-400к,2022-06-03
519,18-24,Алматы,400-700к,2025-01-16
520,45-54,Алматы,400-700к,2021-04-07
521,45-54,Астана,до 200к,2023-03-25
522,25-34,Шымкент,200-400к,2024-02-15
523,25-34,Павлодар,400-700к,2020-01-12
524,35-44,Алматы,700к+,2021-06-27
525,18-24,Караганда,400-700к,2020-07-10
526,25-34,Алматы,200-400к,2022-11-28
527,55+,Актобе,до 200к,2023-09-22
528,55+,Алматы,200-400к,2020-11-10
529,35-44,Караганда,200-400к,2020-10-11
530,25-34,Алматы,400-700к,2022-07-10
531,35-44,Алматы,200-400к,2022-03-05
532,35-44,Шымкент,200-400к,2020-08-05
533,25-34,Астана,200-400к,2023-09-24
534,35-44,Астана,700к+,2024-03-26
535,18-24,Астана,200-400к,2022-05-06
536,25-34,Костанай,до 200к,2021-12-31
537,35-44,Астана,200-400к,2020-11-16
538,25-34,Шымкент,200-400к,2021-09-29
539,25-34,Атырау,200-400к,2022-10-11
540,45-54,Караганда,400-700к,2025-06-10
541,55+,Астана,до 200к,2021-01-06
542,35-44,Шымкент,200-400к,2024-07-17
543,45-54,Алматы,200-400к,2022-10-01
544,55+,Шымкент,200-400к,2023-01-12
545,25-34,Астана,200-400к,2021-08-23
546,25-34,Актобе,400-700к,2025-03-03
547,25-34,Атырау,до 200к,2020-05-08
548,18-24,Алматы,до 200к,2021-02-26
549,35-44,Алматы,400-700к,2021-09-26
550,25-34,Астана,700к+,2023-02-20
551,25-34,Шымкент,до 200к,2022-04-26
552,25-34,Астана,до 200к,2025-02-01
553,25-34,Караганда,700к+,2021-01-04
554,45-54,Шымкент,до 200к,2023-02-13
555,18-24,Павлодар,700к+,2022-08-26
556,25-34,Астана,400-700к,2021-09-07
557,25-34,Алматы,до 200к,2020-02-16
558,25-34,Астана,до 200к,2024-06-11
559,35-44,Шымкент,700к+,2021-02-04
560,25-34,Алматы,до 200к,2020-10-04
561,18-24,Алматы,200-400к,2023-02-14
562,25-34,Астана,до 200к,2020-10-31
563,45-54,Актобе,200-400к,2023-07-02
564,35-44,Костанай,400-700к,2024-01-02
565,35-44,Астана,200-400к,2021-04-04
566,35-44,Алматы,до 200к,2020-05-18
567,35-44,Астана,200-400к,2020-07-12
568,18-24,Астана,200-400к,2020-04-11
569,25-34,Костанай,до 200к,2022-08-26
570,35-44,Астана,400-700к,2022-01-28
571,25-34,Караганда,200-400к,2024-04-04
572,45-54,Павлодар,до 200к,2022-03-06
573,25-34,Караганда,700к+,2023-07-25
574,35-44,Алматы,200-400к,2022-07-28
575,45-54,Шымкент,до 200к,2022-05-06
576,35-44,Астана,до 200к,2024-01-21
577,45-54,Астана,200-400к,2022-10-14
578,35-44,Костанай,200-400к,2023-02-11
579,45-54,Алматы,до 200к,2022-06-19
580,25-34,Астана,400-700к,2023-11-28
581,25-34,Алматы,200-400к,2021-09-01
582,35-44,Алматы,до 200к,2020-04-09
583,18-24,Шымкент,400-700к,2022-04-27
584,25-34,Актобе,400-700к,2021-09-23
585,45-54,Караганда,200-400к,2024-11-28
586,35-44,Астана,700к+,2025-04-16
587,25-34,Алматы,до 200к,2021-03-11
588,25-34,Астана,до 200к,2022-05-05
589,25-34,Шымкент,до 200к,2022-05-14
590,18-24,Актобе,200-400к,2021-03-20
591,45-54,Караганда,200-400к,2020-01-20
592,25-34,Павлодар,до 200к,2025-06-07
593,25-34,Актобе,200-400к,2023-07-28
594,35-44,Астана,700к+,2022-04-02
595,18-24,Караганда,400-700к,2021-01-02
596,25-34,Актобе,200-400к,2022-08-15
597,35-44,Костанай,200-400к,2021-06-28
598,35-44,Астана,400-700к,2021-03-23
599,55+,Караганда,200-400к,2025-03-30
600,35-44,Астана,200-400к,2023-08-05
601,25-34,Актобе,200-400к,2021-09-08
602,35-44,Павлодар,до 200к,2021-02-18
603,45-54,Павлодар,200-400к,2024-03-17
604,35-44,Алматы,200-400к,2023-05-04
605,55+,Алматы,до 200к,2024-09-05
606,45-54,Актобе,до 200к,2024-02-23
607,45-54,Караганда,400-700к,2022-03-15
608,18-24,Павлодар,до 200к,2023-07-28
609,35-44,Астана,200-400к,2022-01-31
610,25-34,Атырау,до 200к,2020-06-29
611,35-44,Караганда,до 200к,2020-03-04
612,35-44,Алматы,400-700к,2020-06-08
613,55+,Алматы,до 200к,2025-01-12
614,55+,Караганда,до 200к,2024-08-11
615,25-34,Алматы,700к+,2022-02-21
616,35-44,Атырау,200-400к,2024-12-14
617,35-44,Шымкент,200-400к,2024-01-14
618,25-34,Астана,200-400к,2020-09-28
619,18-24,Алматы,до 200к,2021-03-27
620,18-24,Костанай,200-400к,2022-01-20
621,35-44,Актобе,200-400к,2024-05-28
622,25-34,Актобе,до 200к,2023-08-01
623,55+,Актобе,до 200к,2022-02-25
624,25-34,Шымкент,200-400к,2024-07-28
625,55+,Павлодар,до 200к,2021-10-12
626,25-34,Шымкент,до 200к,2024-12-22
627,45-54,Шымкент,200-400к,2023-12-13
628,18-24,Алматы,200-400к,2023-10-29
629,35-44,Астана,200-400к,2020-06-24
630,45-54,Актобе,до 200к,2020-10-21
631,45-54,Астана,400-700к,2025-05-20
632,45-54,Актобе,400-700к,2024-03-16
633,18-24,Костанай,200-400к,2021-05-29
634,25-34,Астана,400-700к,2024-09-14
635,18-24,Алматы,200-400к,2021-09-07
636,18-24,Караганда,до 200к,2021-12-03
637,35-44,Алматы,200-400к,2021-08-31
638,35-44,Актобе,200-400к,2022-09-15
639,35-44,Шымкент,400-700к,2024-03-03
640,45-54,Астана,200-400к,2020-11-28
641,35-44,Шымкент,200-400к,2025-04-18
642,45-54,Шымкент,400-700к,2021-09-01
643,18-24,Астана,до 200к,2025-04-20
644,25-34,Астана,200-400к,2024-10-05
645,35-44,Астана,200-400к,2022-12-31
646,45-54,Павлодар,700к+,2020-06-26
647,18-24,Алматы,до 200к,2023-02-21
648,35-44,Астана,400-700к,2024-03-04
649,35-44,Алматы,200-400к,2025-05-18
650,18-24,Астана,700к+,2020-07-14
651,25-34,Алматы,700к+,2024-01-29
652,45-54,Актобе,400-700к,2021-08-08
653,35-44,Алматы,до 200к,2024-02-08
654,25-34,Караганда,200-400к,2023-03-10
655,45-54,Алматы,400-700к,2024-09-28
656,25-34,Астана,200-400к,2020-01-07
657,45-54,Алматы,400-700к,2022-10-07
658,25-34,Актобе,400-700к,2023-09-12
659,35-44,Костанай,200-400к,2022-01-28
660,25-34,Алматы,до 200к,2021-09-24
661,25-34,Костанай,200-400к,2021-10-16
662,45-54,Астана,400-700к,2024-02-06
663,25-34,Шымкент,200-400к,2021-02-19
664,18-24,Караганда,до 200к,2025-05-04
665,25-34,Алматы,400-700к,2021-02-22
666,35-44,Астана,до 200к,2022-04-12
667,45-54,Алматы,200-400к,2025-06-09
668,55+,Караганда,200-400к,2020-02-29
669,25-34,Астана,200-400к,2021-11-03
670,25-34,Павлодар,до 200к,2024-08-24
671,18-24,Алматы,400-700к,2021-09-24
672,35-44,Павлодар,400-700к,2021-07-03
673,55+,Алматы,400-700к,2020-01-03
674,35-44,Шымкент,700к+,2020-10-24
675,35-44,Астана,до 200к,2021-01-26
676,25-34,Алматы,до 200к,2024-10-24
677,45-54,Алматы,до 200к,2022-12-28
678,25-34,Караганда,400-700к,2021-04-10
679,18-24,Алматы,до 200к,2024-06-06
680,25-34,Шымкент,700к+,2023-04-25
681,18-24,Костанай,200-400к,2021-09-23
682,25-34,Астана,400-700к,2021-05-22
683,18-24,Алматы,200-400к,2021-03-17
684,25-34,Алматы,400-700к,2023-11-25
685,35-44,Алматы,200-400к,2023-12-03
686,25-34,Астана,200-400к,2023-07-21
687,25-34,Актобе,400-700к,2022-06-13
688,55+,Астана,до 200к,2022-10-15
689,35-44,Алматы,400-700к,2024-11-30
690,35-44,Караганда,400-700к,2023-01-15
691,25-34,Астана,400-700к,2023-05-13
692,45-54,Шымкент,до 200к,2021-03-30
693,25-34,Павлодар,до 200к,2022-06-29
694,25-34,Астана,до 200к,2020-02-13
695,45-54,Шымкент,200-400к,2022-07-11
696,35-44,Атырау,до 200к,2024-05-20
697,35-44,Караганда,700к+,2023-09-03
698,35-44,Актобе,700к+,2024-11-13
699,35-44,Актобе,до 200к,2021-11-11
700,25-34,Шымкент,400-700к,2024-04-04
701,25-34,Шымкент,до 200к,2024-01-04
702,25-34,Актобе,200-400к,2023-11-16
703,25-34,Караганда,до 200к,2024-05-17
704,45-54,Караганда,400-700к,2022-08-01
705,25-34,Астана,400-700к,2021-11-14
706,35-44,Атырау,до 200к,2023-03-13
707,45-54,Алматы,до 200к,2022-02-07
708,45-54,Алматы,200-400к,2023-10-15
709,25-34,Астана,200-400к,2024-09-27
710,25-34,Алматы,до 200к,2020-02-22
711,55+,Караганда,400-700к,2023-05-26
712,35-44,Алматы,700к+,2022-04-27
713,45-54,Караганда,200-400к,2020-07-28
714,45-54,Шымкент,400-700к,2021-03-25
715,45-54,Алматы,200-400к,2024-07-09
716,25-34,Алматы,200-400к,2021-12-29
717,35-44,Шымкент,400-700к,2020-06-23
718,18-24,Актобе,200-400к,2024-02-07
719,35-44,Астана,200-400к,2021-04-19
720,55+,Алматы,до 200к,2021-12-27
721,35-44,Астана,400-700к,2021-01-27
722,25-34,Алматы,до 200к,2024-01-18
723,18-24,Алматы,до 200к,2025-01-10
724,55+,Костанай,200-400к,2025-04-27
725,18-24,Алматы,200-400к,2020-05-29
726,18-24,Алматы,до 200к,2025-01-20
727,25-34,Павлодар,до 200к,2023-06-23
728,18-24,Караганда,400-700к,2024-07-13
729,25-34,Астана,200-400к,2020-05-30
730,35-44,Караганда,200-400к,2024-09-01
731,25-34,Павлодар,400-700к,2021-10-17
732,18-24,Алматы,400-700к,2022-02-26
733,18-24,Алматы,до 200к,2024-11-26
734,25-34,Атырау,200-400к,2024-01-03
735,18-24,Актобе,200-400к,2022-10-21
736,35-44,Костанай,200-400к,2023-08-27
737,25-34,Астана,400-700к,2021-12-12
738,25-34,Костанай,до 200к,2025-05-19
739,25-34,Астана,200-400к,2020-05-19
740,25-34,Актобе,до 200к,2023-02-23
741,18-24,Павлодар,200-400к,2020-03-29
742,18-24,Алматы,до 200к,2022-05-09
743,45-54,Алматы,400-700к,2022-10-13
744,18-24,Шымкент,200-400к,2024-08-01
745,35-44,Атырау,до 200к,2025-02-19
746,25-34,Алматы,400-700к,2024-02-08
747,25-34,Атырау,до 200к,2025-04-12
748,25-34,Астана,200-400к,2020-09-06
749,45-54,Астана,200-400к,2022-11-17
750,45-54,Астана,до 200к,2023-04-07
751,25-34,Павлодар,до 200к,2020-06-03
752,25-34,Алматы,до 200к,2023-03-30
753,25-34,Шымкент,400-700к,2020-03-26
754,25-34,Алматы,400-700к,2023-06-17
755,35-44,Павлодар,до 200к,2021-03-18
756,25-34,Атырау,до 200к,2025-02-25
757,25-34,Алматы,400-700к,2021-10-14
758,55+,Астана,до 200к,2023-04-19
759,18-24,Астана,200-400к,2023-05-03
760,25-34,Астана,400-700к,2024-10-06
761,35-44,Атырау,до 200к,2021-11-04
762,25-34,Шымкент,700к+,2021-12-17
763,18-24,Астана,до 200к,2023-09-28
764,18-24,Актобе,400-700к,2020-04-24
765,45-54,Астана,200-400к,2023-01-12
766,18-24,Алматы,до 200к,2022-01-20
767,25-34,Алматы,200-400к,2025-05-09
768,18-24,Астана,700к+,2022-12-01
769,18-24,Шымкент,200-400к,2024-03-22
770,35-44,Алматы,до 200к,2024-07-24
771,25-34,Шымкент,700к+,2020-10-19
772,35-44,Алматы,до 200к,2023-06-17
773,35-44,Караганда,до 200к,2023-09-21
774,45-54,Алматы,до 200к,2022-06-03
775,18-24,Астана,400-700к,2021-01-31
776,45-54,Алматы,до 200к,2022-07-12
777,35-44,Астана,до 200к,2020-04-12
778,25-34,Алматы,700к+,2025-06-16
779,35-44,Астана,200-400к,2020-06-26
780,45-54,Актобе,до 200к,2020-10-09
781,25-34,Алматы,200-400к,2020-09-30
782,45-54,Актобе,до 200к,2021-02-15
783,25-34,Шымкент,200-400к,2021-01-02
784,35-44,Шымкент,200-400к,2023-06-04
785,55+,Шымкент,200-400к,2020-08-11
786,25-34,Астана,400-700к,2023-11-03
787,45-54,Актобе,200-400к,2022-03-26
788,25-34,Актобе,до 200к,2022-02-28
789,45-54,Актобе,200-400к,2022-10-16
790,35-44,Алматы,400-700к,2020-03-05
791,25-34,Караганда,400-700к,2022-09-27
792,25-34,Алматы,400-700к,2022-11-10
793,25-34,Астана,700к+,2024-02-07
794,18-24,Алматы,400-700к,2020-10-15
795,18-24,Алматы,700к+,2020-04-12
796,25-34,Караганда,200-400к,2020-04-22
797,18-24,Павлодар,до 200к,2025-04-01
798,25-34,Алматы,200-400к,2021-11-20
799,35-44,Шымкент,до 200к,2021-04-16
800,35-44,Караганда,до 200к,2020-09-28
801,35-44,Павлодар,200-400к,2021-05-27
802,25-34,Караганда,200-400к,2022-05-27
803,45-54,Алматы,400-700к,2025-04-23
804,35-44,Алматы,200-400к,2024-03-03
805,18-24,Караганда,до 200к,2024-08-29
806,25-34,Алматы,700к+,2020-04-04
807,35-44,Павлодар,200-400к,2023-02-22
808,25-34,Павлодар,до 200к,2022-09-26
809,35-44,Костанай,до 200к,2021-01-25
810,55+,Астана,до 200к,2022-09-20
811,18-24,Актобе,700к+,2023-03-15
812,18-24,Караганда,до 200к,2020-01-04
813,55+,Алматы,700к+,2025-05-15
814,35-44,Алматы,до 200к,2024-01-16
815,18-24,Алматы,400-700к,2025-01-25
816,45-54,Астана,до 200к,2020-06-28
817,45-54,Костанай,200-400к,2020-04-30
818,35-44,Атырау,200-400к,2025-02-07
819,35-44,Астана,200-400к,2025-02-08
820,25-34,Шымкент,700к+,2023-07-02
821,18-24,Алматы,400-700к,2021-02-05
822,35-44,Алматы,до 200к,2021-07-29
823,25-34,Алматы,400-700к,2024-05-07
824,35-44,Караганда,до 200к,2025-01-24
825,45-54,Караганда,700к+,2023-09-05
826,18-24,Атырау,200-400к,2022-03-11
827,35-44,Павлодар,до 200к,2024-07-01
828,25-34,Алматы,до 200к,2021-06-04
829,45-54,Актобе,до 200к,2020-09-15
830,25-34,Алматы,700к+,2022-02-08
831,35-44,Астана,200-400к,2022-07-24
832,35-44,Шымкент,до 200к,2023-05-08
833,25-34,Алматы,400-700к,2023-10-08
834,35-44,Алматы,до 200к,2023-12-18
835,35-44,Алматы,до 200к,2021-02-13
836,35-44,Алматы,200-400к,2023-08-16
837,35-44,Павлодар,до 200к,2020-03-30
838,55+,Астана,400-700к,2025-01-16
839,25-34,Шымкент,200-400к,2022-06-02
840,35-44,Костанай,до 200к,2025-03-27
841,18-24,Шымкент,200-400к,2024-10-01
842,45-54,Астана,до 200к,2021-01-29
843,35-44,Павлодар,200-400к,2020-08-11
844,25-34,Алматы,200-400к,2024-12-30
845,18-24,Алматы,400-700к,2022-09-09
846,45-54,Шымкент,200-400к,2020-08-01
847,25-34,Астана,400-700к,2023-05-02
848,35-44,Атырау,до 200к,2025-03-28
849,25-34,Алматы,700к+,2023-04-17
850,55+,Шымкент,до 200к,2021-06-02
851,25-34,Актобе,400-700к,2021-11-05
852,25-34,Костанай,200-400к,2021-06-15
853,45-54,Алматы,до 200к,2022-12-12
854,45-54,Алматы,200-400к,2022-04-23
855,25-34,Павлодар,700к+,2021-11-16
856,25-34,Караганда,400-700к,2020-12-29
857,35-44,Алматы,400-700к,2020-02-27
858,45-54,Алматы,200-400к,2024-07-13
859,25-34,Актобе,200-400к,2024-05-25
860,35-44,Шымкент,до 200к,2020-09-06
861,35-44,Шымкент,200-400к,2021-03-31
862,35-44,Павлодар,до 200к,2022-05-28
863,45-54,Алматы,400-700к,2023-04-06
864,35-44,Алматы,400-700к,2024-12-19
865,18-24,Шымкент,200-400к,2023-10-26
866,45-54,Павлодар,200-400к,2023-06-24
867,45-54,Алматы,200-400к,2024-01-27
868,45-54,Караганда,до 200к,2023-04-29
869,18-24,Алматы,до 200к,2025-02-02
870,25-34,Алматы,до 200к,2025-06-12
871,35-44,Павлодар,до 200к,2022-06-21
872,18-24,Алматы,200-400к,2020-02-15
873,55+,Алматы,400-700к,2025-06-11
874,25-34,Актобе,200-400к,2021-10-01
875,35-44,Астана,700к+,2021-06-20
876,45-54,Астана,400-700к,2020-09-07
877,25-34,Атырау,до 200к,2024-03-04
878,25-34,Алматы,200-400к,2021-01-04
879,35-44,Караганда,700к+,2025-04-12
880,35-44,Астана,до 200к,2021-03-08
881,25-34,Алматы,200-400к,2020-05-24
882,35-44,Караганда,700к+,2023-06-07
883,55+,Астана,400-700к,2021-02-15
884,25-34,Атырау,400-700к,2021-06-28
885,25-34,Павлодар,400-700к,2020-07-29
886,25-34,Атырау,до 200к,2023-08-21
887,25-34,Астана,400-700к,2021-03-16
888,18-24,Алматы,400-700к,2024-01-16
889,25-34,Павлодар,до 200к,2021-06-02
890,35-44,Астана,до 200к,2022-03-14
891,25-34,Караганда,до 200к,2022-09-10
892,55+,Атырау,400-700к,2022-12-08
893,25-34,Алматы,400-700к,2024-07-13
894,18-24,Алматы,400-700к,2020-09-21
895,35-44,Караганда,200-400к,2021-03-31
896,45-54,Шымкент,200-400к,2024-02-14
897,25-34,Алматы,до 200к,2024-09-06
898,25-34,Шымкент,700к+,2022-04-18
899,25-34,Атырау,200-400к,2020-01-12
900,35-44,Астана,400-700к,2024-07-27
901,25-34,Алматы,до 200к,2023-05-08
902,25-34,Актобе,до 200к,2022-11-18
903,18-24,Актобе,до 200к,2022-02-17
904,25-34,Костанай,400-700к,2023-10-25
905,55+,Алматы,до 200к,2021-07-31
906,35-44,Павлодар,400-700к,2021-12-18
907,25-34,Актобе,до 200к,2024-03-17
908,18-24,Караганда,200-400к,2022-01-13
909,25-34,Астана,до 200к,2025-03-07
910,25-34,Алматы,до 200к,2022-05-23
911,35-44,Шымкент,200-400к,2023-01-29
912,45-54,Астана,200-400к,2023-06-26
913,45-54,Астана,200-400к,2023-10-29
914,55+,Павлодар,200-400к,2022-10-10
915,55+,Алматы,200-400к,2021-12-27
916,55+,Павлодар,200-400к,2024-05-27
917,18-24,Шымкент,200-400к,2023-12-03
918,18-24,Атырау,до 200к,2020-04-19
919,25-34,Астана,200-400к,2023-06-04
920,35-44,Караганда,до 200к,2024-12-06
921,18-24,Шымкент,до 200к,2023-01-24
922,45-54,Павлодар,до 200к,2025-01-26
923,35-44,Алматы,200-400к,2022-02-19
924,35-44,Алматы,до 200к,2021-05-03
925,25-34,Костанай,400-700к,2022-09-24
926,25-34,Алматы,400-700к,2020-07-20
927,25-34,Караганда,до 200к,2020-05-09
928,45-54,Алматы,200-400к,2023-02-17
929,35-44,Алматы,до 200к,2020-02-29
930,35-44,Шымкент,до 200к,2020-05-08
931,25-34,Шымкент,700к+,2022-06-29
932,25-34,Шымкент,200-400к,2021-04-04
933,25-34,Астана,до 200к,2020-12-25
934,35-44,Актобе,400-700к,2022-10-12
935,35-44,Костанай,700к+,2021-10-17
936,25-34,Алматы,200-400к,2023-05-12
937,55+,Астана,400-700к,2022-05-01
938,18-24,Астана,400-700к,2021-01-23
939,45-54,Актобе,400-700к,2023-11-09
940,18-24,Астана,200-400к,2025-02-08
941,25-34,Караганда,400-700к,2023-12-24
942,45-54,Астана,200-400к,2020-12-28
943,25-34,Шымкент,до 200к,2023-01-20
944,25-34,Атырау,до 200к,2020-11-03
945,25-34,Шымкент,200-400к,2020-02-22
946,25-34,Астана,до 200к,2020-11-20
947,35-44,Алматы,до 200к,2024-06-07
948,45-54,Шымкент,200-400к,2025-02-02
949,45-54,Алматы,700к+,2023-04-09
950,25-34,Атырау,до 200к,2024-10-23
951,35-44,Астана,до 200к,2022-03-30
952,25-34,Алматы,400-700к,2020-03-07
953,25-34,Алматы,200-400к,2024-12-13
954,25-34,Шымкент,400-700к,2023-12-24
955,55+,Павлодар,200-400к,2023-08-10
956,45-54,Астана,200-400к,2020-05-26
957,35-44,Алматы,до 200к,2025-04-09
958,35-44,Астана,200-400к,2020-05-30
959,25-34,Костанай,200-400к,2020-01-31
960,35-44,Атырау,до 200к,2020-06-01
961,35-44,Алматы,до 200к,2025-02-25
962,25-34,Шымкент,200-400к,2024-07-17
963,18-24,Атырау,200-400к,2020-08-14
964,18-24,Актобе,200-400к,2022-05-04
965,55+,Астана,400-700к,2022-11-22
966,25-34,Актобе,400-700к,2023-01-19
967,55+,Шымкент,до 200к,2021-02-07
968,25-34,Алматы,700к+,2020-03-02
969,35-44,Алматы,400-700к,2020-03-02
970,25-34,Астана,до 200к,2024-12-06
971,25-34,Алматы,200-400к,2023-05-28
972,18-24,Астана,200-400к,2025-05-18
973,18-24,Атырау,700к+,2024-09-16
974,45-54,Атырау,200-400к,2021-04-15
975,25-34,Алматы,200-400к,2020-06-28
976,35-44,Алматы,700к+,2023-08-06
977,25-34,Караганда,200-400к,2021-03-25
978,25-34,Астана,до 200к,2023-09-19
979,35-44,Алматы,200-400к,2025-04-19
980,25-34,Атырау,400-700к,2025-04-16
981,55+,Алматы,200-400к,2021-05-17
982,45-54,Алматы,200-400к,2022-08-25
983,35-44,Актобе,200-400к,2023-11-15
984,25-34,Шымкент,200-400к,2021-04-20
985,25-34,Астана,700к+,2023-01-30
986,45-54,Караганда,200-400к,2021-12-21
987,25-34,Павлодар,200-400к,2023-02-21
988,18-24,Алматы,400-700к,2023-07-03
989,25-34,Караганда,до 200к,2024-10-18
990,45-54,Алматы,до 200к,2022-08-02
991,35-44,Астана,700к+,2021-07-28
992,35-44,Астана,400-700к,2020-06-07
993,45-54,Астана,200-400к,2023-10-31
994,25-34,Алматы,до 200к,2024-06-02
995,45-54,Атырау,до 200к,2022-04-01
996,25-34,Астана,до 200к,2024-09-24
997,35-44,Павлодар,200-400к,2022-08-06
998,18-24,Астана,200-400к,2022-08-14
999,55+,Атырау,до 200к,2020-04-02
1000,25-34,Шымкент,200-400к,2022-11-12
1001,18-24,Астана,700к+,2023-04-04
1002,25-34,Караганда,700к+,2022-09-10
1003,18-24,Актобе,400-700к,2022-12-11
1004,25-34,Астана,200-400к,2022-11-25
1005,35-44,Астана,200-400к,2023-10-30
1006,25-34,Шымкент,200-400к,2020-07-24
1007,45-54,Шымкент,до 200к,2022-11-26
1008,25-34,Астана,400-700к,2022-05-17
1009,35-44,Актобе,200-400к,2021-11-24
1010,25-34,Астана,200-400к,2022-06-14
1011,35-44,Астана,до 200к,2023-09-20
1012,35-44,Шымкент,до 200к,2025-06-18
1013,25-34,Костанай,400-700к,2021-03-18
1014,55+,Алматы,до 200к,2020-04-07
1015,25-34,Алматы,до 200к,2021-11-29
1016,25-34,Алматы,200-400к,2021-09-16
1017,35-44,Караганда,400-700к,2020-05-18
1018,45-54,Астана,до 200к,2022-09-18
1019,18-24,Астана,до 200к,2022-11-02
1020,25-34,Алматы,400-700к,2024-08-21
1021,45-54,Павлодар,700к+,2023-10-29
1022,35-44,Астана,200-400к,2022-07-11
1023,55+,Шымкент,400-700к,2023-08-08
1024,35-44,Алматы,200-400к,2021-08-05
1025,35-44,Алматы,400-700к,2020-11-09
1026,25-34,Алматы,200-400к,2022-12-06
1027,55+,Астана,400-700к,2022-09-20
1028,25-34,Астана,400-700к,2021-08-17
1029,35-44,Алматы,до 200к,2024-12-04
1030,25-34,Астана,до 200к,2023-01-01
1031,35-44,Алматы,400-700к,2023-02-09
1032,35-44,Астана,до 200к,2023-10-11
1033,35-44,Алматы,200-400к,2021-08-03
1034,45-54,Алматы,200-400к,2022-11-27
1035,25-34,Алматы,до 200к,2024-11-28
1036,35-44,Караганда,400-700к,2023-05-04
1037,25-34,Павлодар,200-400к,2024-08-30
1038,25-34,Караганда,400-700к,2020-03-18
1039,25-34,Алматы,до 200к,2023-12-11
1040,18-24,Костанай,до 200к,2023-08-10
1041,18-24,Костанай,до 200к,2024-11-30
1042,35-44,Астана,до 200к,2025-04-23
1043,35-44,Алматы,200-400к,2020-10-05
1044,35-44,Актобе,200-400к,2022-09-10
1045,18-24,Костанай,до 200к,2025-02-08
1046,25-34,Актобе,700к+,2024-05-24
1047,25-34,Караганда,до 200к,2020-07-21
1048,35-44,Шымкент,200-400к,2023-01-02
1049,45-54,Костанай,400-700к,2021-11-27
1050,25-34,Алматы,200-400к,2023-11-08
1051,35-44,Алматы,200-400к,2022-10-22
1052,18-24,Атырау,700к+,2021-09-11
1053,25-34,Алматы,200-400к,2022-04-14
1054,18-24,Астана,до 200к,2025-04-17
1055,25-34,Астана,до 200к,2022-01-01
1056,35-44,Алматы,700к+,2021-03-06
1057,45-54,Алматы,до 200к,2020-08-12
1058,25-34,Шымкент,400-700к,2020-11-14
1059,35-44,Астана,до 200к,2020-04-16
1060,35-44,Шымкент,до 200к,2020-04-01
1061,55+,Астана,400-700к,2022-12-02
1062,35-44,Костанай,700к+,2022-12-18
1063,25-34,Шымкент,до 200к,2024-05-10
1064,35-44,Костанай,до 200к,2023-05-22
1065,25-34,Астана,400-700к,2021-01-17
1066,55+,Алматы,200-400к,2023-07-23
1067,25-34,Актобе,200-400к,2022-06-05
1068,35-44,Атырау,до 200к,2020-12-10
1069,18-24,Алматы,700к+,2023-07-24
1070,25-34,Караганда,до 200к,2023-07-26
1071,45-54,Караганда,до 200к,2022-04-26
1072,35-44,Алматы,200-400к,2020-11-26
1073,25-34,Шымкент,до 200к,2020-02-29
1074,55+,Алматы,200-400к,2024-02-18
1075,45-54,Алматы,200-400к,2020-11-07
1076,25-34,Атырау,200-400к,2021-07-04
1077,35-44,Астана,200-400к,2023-09-13
1078,25-34,Актобе,до 200к,2022-04-24
1079,35-44,Актобе,400-700к,2024-06-29
1080,25-34,Костанай,200-400к,2022-01-04
1081,25-34,Астана,200-400к,2024-11-19
1082,45-54,Астана,до 200к,2022-01-05
1083,45-54,Астана,200-400к,2020-06-14
1084,45-54,Караганда,400-700к,2023-12-12
1085,55+,Астана,200-400к,2023-08-13
1086,35-44,Актобе,400-700к,2025-06-18
1087,35-44,Астана,до 200к,2020-07-17
1088,35-44,Алматы,700к+,2022-11-20
1089,25-34,Атырау,до 200к,2023-11-20
1090,25-34,Атырау,до 200к,2022-03-13
1091,25-34,Астана,200-400к,2021-06-08
1092,35-44,Караганда,до 200к,2021-08-10
1093,25-34,Астана,200-400к,2020-01-22
1094,25-34,Актобе,до 200к,2023-06-02
1095,35-44,Астана,400-700к,2024-04-05
1096,25-34,Шымкент,400-700к,2022-06-21
1097,25-34,Алматы,200-400к,2020-03-19
1098,45-54,Алматы,200-400к,2024-03-25
1099,45-54,Актобе,200-400к,2024-12-21
1100,25-34,Астана,400-700к,2023-04-28
1101,18-24,Алматы,200-400к,2020-06-23
1102,25-34,Алматы,200-400к,2022-04-03
1103,45-54,Астана,до 200к,2023-02-12
1104,45-54,Актобе,до 200к,2025-03-21
1105,18-24,Астана,200-400к,2022-09-25
1106,35-44,Актобе,400-700к,2020-01-23
1107,18-24,Атырау,400-700к,2023-11-09
1108,25-34,Астана,700к+,2023-10-10
1109,55+,Атырау,200-400к,2021-04-15
1110,25-34,Алматы,200-400к,2022-04-01
1111,25-34,Астана,400-700к,2020-03-26
1112,25-34,Алматы,200-400к,2020-08-31
1113,35-44,Алматы,200-400к,2021-09-14
1114,55+,Алматы,200-400к,2020-07-04
1115,55+,Алматы,до 200к,2021-07-06
1116,18-24,Атырау,до 200к,2023-07-22
1117,18-24,Шымкент,200-400к,2022-02-04
1118,45-54,Костанай,200-400к,2020-10-22
1119,25-34,Шымкент,до 200к,2023-06-02
1120,45-54,Караганда,до 200к,2024-09-08
1121,35-44,Алматы,до 200к,2023-03-26
1122,18-24,Шымкент,400-700к,2021-09-13
1123,45-54,Астана,400-700к,2024-06-01
1124,25-34,Павлодар,700к+,2021-11-18
1125,25-34,Павлодар,400-700к,2020-01-31
1126,35-44,Алматы,до 200к,2023-08-13
1127,35-44,Караганда,до 200к,2023-12-08
1128,35-44,Караганда,200-400к,2021-03-16
1129,35-44,Шымкент,200-400к,2022-01-23
1130,55+,Алматы,400-700к,2020-01-15
1131,55+,Караганда,до 200к,2022-07-28
1132,35-44,Атырау,700к+,2022-06-10
1133,18-24,Астана,200-400к,2021-05-31
1134,35-44,Шымкент,200-400к,2022-11-21
1135,55+,Алматы,400-700к,2023-09-19
1136,25-34,Павлодар,200-400к,2022-06-10
1137,25-34,Алматы,400-700к,2024-05-10
1138,25-34,Алматы,400-700к,2022-07-04
1139,18-24,Астана,400-700к,2022-03-29
1140,35-44,Атырау,400-700к,2023-08-24
1141,25-34,Караганда,200-400к,2020-12-08
1142,45-54,Алматы,200-400к,2024-08-18
1143,45-54,Алматы,400-700к,2023-04-24
1144,45-54,Актобе,200-400к,2022-01-01
1145,25-34,Астана,200-400к,2021-04-13
1146,25-34,Алматы,200-400к,2024-04-29
1147,35-44,Костанай,до 200к,2020-01-28
1148,45-54,Алматы,200-400к,2020-05-05
1149,25-34,Шымкент,700к+,2023-04-30
1150,45-54,Алматы,до 200к,2022-08-18
1151,25-34,Актобе,до 200к,2020-12-09
1152,45-54,Актобе,до 200к,2022-01-22
1153,18-24,Астана,200-400к,2024-04-14
1154,25-34,Караганда,до 200к,2022-07-20
1155,35-44,Павлодар,400-700к,2022-11-22
1156,18-24,Атырау,до 200к,2020-07-01
1157,18-24,Астана,до 200к,2023-12-13
1158,18-24,Астана,до 200к,2020-10-04
1159,25-34,Павлодар,до 200к,2021-04-11
1160,35-44,Алматы,400-700к,2021-08-09
1161,18-24,Алматы,700к+,2022-05-11
1162,35-44,Алматы,400-700к,2021-07-01
1163,45-54,Атырау,400-700к,2024-06-19
1164,25-34,Алматы,до 200к,2022-02-09
1165,25-34,Астана,400-700к,2020-03-12
1166,45-54,Караганда,200-400к,2022-07-03
1167,45-54,Алматы,400-700к,2020-09-03
1168,35-44,Астана,200-400к,2021-03-18
1169,45-54,Астана,200-400к,2023-03-28
1170,18-24,Алматы,до 200к,2023-05-23
1171,25-34,Костанай,до 200к,2023-08-26
1172,35-44,Алматы,200-400к,2022-01-21
1173,25-34,Атырау,200-400к,2024-08-02
1174,35-44,Астана,700к+,2020-04-30
1175,35-44,Алматы,до 200к,2022-01-28
1176,35-44,Алматы,200-400к,2021-05-02
1177,25-34,Шымкент,200-400к,2020-03-23
1178,25-34,Астана,до 200к,2023-01-25
1179,25-34,Алматы,200-400к,2020-04-23
1180,25-34,Костанай,200-400к,2023-04-28
1181,35-44,Астана,200-400к,2024-09-05
1182,18-24,Павлодар,до 200к,2024-05-18
1183,18-24,Алматы,до 200к,2023-09-24
1184,25-34,Алматы,до 200к,2021-05-05
1185,25-34,Шымкент,400-700к,2023-07-31
1186,45-54,Алматы,400-700к,2023-01-29
1187,25-34,Алматы,до 200к,2022-09-15
1188,55+,Алматы,200-400к,2022-08-10
1189,18-24,Алматы,700к+,2020-10-10
1190,35-44,Актобе,до 200к,2024-08-24
1191,25-34,Астана,до 200к,2024-07-30
1192,25-34,Костанай,до 200к,2023-12-30
1193,45-54,Алматы,до 200к,2022-12-31
1194,55+,Астана,400-700к,2020-09-20
1195,45-54,Астана,400-700к,2023-06-23
1196,25-34,Шымкент,200-400к,2025-04-01
1197,25-34,Павлодар,200-400к,2020-09-22
1198,35-44,Атырау,400-700к,2021-12-11
1199,25-34,Алматы,до 200к,2024-12-16
1200,35-44,Астана,до 200к,2025-03-24
1201,35-44,Атырау,до 200к,2022-06-10
1202,35-44,Алматы,400-700к,2021-07-24
1203,45-54,Шымкент,400-700к,2021-07-27
1204,35-44,Алматы,200-400к,2022-07-26
1205,18-24,Астана,400-700к,2021-10-01
1206,18-24,Астана,до 200к,2023-01-05
1207,35-44,Астана,200-400к,2020-06-08
1208,25-34,Павлодар,400-700к,2020-05-07
1209,25-34,Шымкент,700к+,2020-01-10
1210,25-34,Павлодар,200-400к,2023-12-02
1211,35-44,Актобе,до 200к,2025-01-21
1212,45-54,Астана,700к+,2020-07-28
1213,35-44,Астана,200-400к,2025-01-03
1214,25-34,Астана,200-400к,2020-11-24
1215,25-34,Атырау,до 200к,2020-04-06
1216,35-44,Алматы,до 200к,2021-08-03
1217,25-34,Павлодар,200-400к,2021-08-08
1218,35-44,Шымкент,200-400к,2025-04-05
1219,35-44,Шымкент,до 200к,2020-08-13
1220,18-24,Шымкент,до 200к,2025-04-30
1221,18-24,Шымкент,200-400к,2024-09-19
1222,25-34,Караганда,200-400к,2022-09-05
1223,45-54,Караганда,200-400к,2023-09-08
1224,35-44,Алматы,до 200к,2022-12-02
1225,25-34,Шымкент,400-700к,2024-12-25
1226,45-54,Астана,700к+,2021-02-27
1227,25-34,Караганда,200-400к,2025-03-26
1228,25-34,Шымкент,400-700к,2022-04-16
1229,55+,Алматы,400-700к,2025-02-07
1230,18-24,Актобе,до 200к,2025-05-22
1231,25-34,Астана,700к+,2024-08-23
1232,35-44,Шымкент,200-400к,2024-04-30
1233,25-34,Караганда,200-400к,2022-05-19
1234,35-44,Караганда,200-400к,2023-10-26
1235,25-34,Актобе,до 200к,2021-05-04
1236,18-24,Алматы,400-700к,2021-07-10
1237,25-34,Алматы,400-700к,2024-01-22
1238,25-34,Караганда,до 200к,2024-03-06
1239,25-34,Алматы,200-400к,2021-06-06
1240,18-24,Алматы,700к+,2025-04-17
1241,45-54,Алматы,400-700к,2023-09-26
1242,25-34,Астана,200-400к,2025-05-29
1243,25-34,Костанай,до 200к,2022-08-15
1244,18-24,Алматы,200-400к,2023-04-14
1245,25-34,Астана,до 200к,2023-07-28
1246,25-34,Павлодар,400-700к,2020-11-17
1247,35-44,Костанай,400-700к,2021-07-13
1248,25-34,Алматы,700к+,2025-04-12
1249,45-54,Павлодар,до 200к,2023-09-09
1250,45-54,Алматы,700к+,2022-12-18
1251,18-24,Актобе,700к+,2020-01-06
1252,18-24,Алматы,200-400к,2020-03-17
1253,18-24,Астана,400-700к,2023-01-18
1254,35-44,Алматы,200-400к,2020-06-11
1255,18-24,Караганда,200-400к,2020-10-11
1256,45-54,Алматы,до 200к,2023-02-28
1257,35-44,Астана,до 200к,2025-04-05
1258,45-54,Караганда,до 200к,2024-07-28
1259,35-44,Алматы,400-700к,2022-07-19
1260,55+,Павлодар,200-400к,2025-02-26
1261,18-24,Астана,до 200к,2023-04-26
1262,25-34,Алматы,до 200к,2025-03-03
1263,25-34,Алматы,200-400к,2021-04-20
1264,55+,Астана,700к+,2023-03-03
1265,35-44,Алматы,200-400к,2025-01-18
1266,45-54,Шымкент,400-700к,2025-05-16
1267,25-34,Караганда,700к+,2024-09-16
1268,55+,Астана,400-700к,2020-10-26
1269,25-34,Астана,400-700к,2023-05-22
1270,25-34,Актобе,200-400к,2020-07-08
1271,55+,Астана,700к+,2022-02-04
1272,25-34,Караганда,до 200к,2020-03-01
1273,25-34,Павлодар,400-700к,2024-02-27
1274,35-44,Алматы,200-400к,2024-03-28
1275,18-24,Шымкент,до 200к,2020-07-03
1276,25-34,Костанай,400-700к,2025-01-07
1277,25-34,Шымкент,400-700к,2024-08-05
1278,18-24,Костанай,400-700к,2024-08-06
1279,45-54,Астана,700к+,2022-06-13
1280,35-44,Шымкент,400-700к,2025-02-22
1281,25-34,Астана,200-400к,2025-05-20
1282,25-34,Алматы,700к+,2023-01-01
1283,25-34,Костанай,до 200к,2022-01-27
1284,35-44,Алматы,до 200к,2024-03-06
1285,45-54,Костанай,200-400к,2020-03-29
1286,55+,Караганда,200-400к,2021-11-04
1287,25-34,Павлодар,200-400к,2020-01-09
1288,25-34,Костанай,400-700к,2024-03-13
1289,25-34,Шымкент,до 200к,2020-03-27
1290,35-44,Костанай,400-700к,2024-02-15
1291,25-34,Актобе,200-400к,2023-02-05
1292,35-44,Шымкент,700к+,2022-05-21
1293,35-44,Караганда,200-400к,2023-06-15
1294,25-34,Алматы,200-400к,2020-03-28
1295,25-34,Алматы,400-700к,2024-06-10
1296,25-34,Алматы,200-400к,2021-06-16
1297,18-24,Астана,до 200к,2024-08-12
1298,25-34,Алматы,до 200к,2024-11-05
1299,35-44,Шымкент,до 200к,2023-01-06
1300,25-34,Караганда,200-400к,2023-03-20
1301,25-34,Караганда,200-400к,2025-01-21
1302,35-44,Павлодар,200-400к,2022-03-21
1303,35-44,Костанай,400-700к,2022-03-06
1304,25-34,Павлодар,до 200к,2025-03-09
1305,45-54,Караганда,до 200к,2022-03-18
1306,45-54,Алматы,400-700к,2022-01-02
1307,35-44,Костанай,400-700к,2020-01-12
1308,35-44,Алматы,400-700к,2021-10-18
1309,18-24,Алматы,400-700к,2021-05-14
1310,55+,Астана,700к+,2024-03-20
1311,25-34,Шымкент,700к+,2022-09-27
1312,45-54,Караганда,200-400к,2021-12-11
1313,35-44,Алматы,200-400к,2025-02-10
1314,18-24,Актобе,до 200к,2022-06-11
1315,18-24,Алматы,200-400к,2022-04-11
1316,35-44,Астана,200-400к,2023-12-15
1317,35-44,Астана,до 200к,2021-06-06
1318,18-24,Астана,до 200к,2022-05-10
1319,35-44,Актобе,700к+,2023-11-13
1320,45-54,Алматы,до 200к,2021-10-06
1321,25-34,Алматы,400-700к,2022-05-08
1322,25-34,Алматы,700к+,2020-01-31
1323,18-24,Актобе,400-700к,2024-05-07
1324,45-54,Костанай,до 200к,2024-09-17
1325,25-34,Караганда,400-700к,2023-08-29
1326,45-54,Шымкент,200-400к,2022-11-19
1327,25-34,Павлодар,до 200к,2024-11-21
1328,35-44,Алматы,200-400к,2024-08-29
1329,25-34,Алматы,до 200к,2022-07-26
1330,25-34,Шымкент,400-700к,2023-05-20
1331,35-44,Алматы,700к+,2025-02-20
1332,25-34,Астана,200-400к,2021-02-05
1333,35-44,Астана,700к+,2024-04-05
1334,55+,Астана,200-400к,2021-12-27
1335,55+,Астана,400-700к,2020-07-04
1336,45-54,Астана,400-700к,2022-04-14
1337,25-34,Алматы,до 200к,2022-11-02
1338,35-44,Атырау,700к+,2024-01-19
1339,45-54,Караганда,700к+,2020-10-30
1340,25-34,Алматы,200-400к,2023-01-01
1341,18-24,Алматы,400-700к,2023-08-15
1342,45-54,Алматы,до 200к,2023-06-27
1343,25-34,Алматы,до 200к,2024-07-22
1344,35-44,Алматы,до 200к,2024-02-15
1345,55+,Алматы,200-400к,2022-07-19
1346,35-44,Атырау,до 200к,2021-07-01
1347,25-34,Атырау,до 200к,2024-10-27
1348,25-34,Актобе,700к+,2024-10-29
1349,25-34,Шымкент,200-400к,2020-09-16
1350,18-24,Актобе,400-700к,2022-06-25
1351,45-54,Актобе,до 200к,2024-02-12
1352,45-54,Павлодар,до 200к,2023-08-15
1353,25-34,Актобе,400-700к,2024-10-15
1354,25-34,Актобе,200-400к,2021-03-12
1355,45-54,Атырау,200-400к,2025-02-25
1356,18-24,Шымкент,700к+,2021-04-11
1357,35-44,Алматы,200-400к,2020-07-10
1358,25-34,Алматы,200-400к,2024-01-09
1359,35-44,Астана,200-400к,2025-01-29
1360,25-34,Алматы,до 200к,2021-12-01
1361,35-44,Алматы,400-700к,2020-11-15
1362,25-34,Алматы,200-400к,2024-10-17
1363,35-44,Астана,до 200к,2020-07-09
1364,18-24,Костанай,200-400к,2023-08-22
1365,25-34,Астана,200-400к,2020-09-10
1366,35-44,Алматы,200-400к,2023-08-23
1367,25-34,Астана,700к+,2020-08-15
1368,18-24,Астана,400-700к,2022-01-30
1369,25-34,Караганда,200-400к,2022-07-18
1370,25-34,Караганда,700к+,2024-12-10
1371,18-24,Алматы,400-700к,2023-11-23
1372,55+,Шымкент,до 200к,2025-03-04
1373,25-34,Алматы,до 200к,2022-12-15
1374,45-54,Караганда,до 200к,2021-05-30
1375,55+,Павлодар,до 200к,2022-04-29
1376,18-24,Павлодар,200-400к,2022-10-26
1377,35-44,Алматы,200-400к,2023-02-01
1378,45-54,Актобе,700к+,2024-12-18
1379,35-44,Атырау,200-400к,2024-11-29
1380,25-34,Атырау,до 200к,2020-07-21
1381,25-34,Алматы,700к+,2024-05-07
1382,18-24,Астана,200-400к,2021-08-18
1383,35-44,Алматы,до 200к,2023-03-21
1384,55+,Алматы,до 200к,2025-03-23
1385,55+,Караганда,200-400к,2024-10-30
1386,18-24,Астана,200-400к,2022-08-27
1387,35-44,Алматы,200-400к,2020-04-01
1388,25-34,Атырау,400-700к,2025-03-18
1389,45-54,Астана,400-700к,2024-12-19
1390,18-24,Костанай,400-700к,2022-01-30
1391,55+,Атырау,400-700к,2020-10-01
1392,45-54,Атырау,200-400к,2022-11-20
1393,18-24,Актобе,до 200к,2024-05-22
1394,18-24,Алматы,200-400к,2022-06-27
1395,45-54,Алматы,200-400к,2020-02-12
1396,25-34,Павлодар,200-400к,2022-07-03
1397,35-44,Алматы,200-400к,2022-10-26
1398,45-54,Астана,200-400к,2025-01-09
1399,35-44,Шымкент,200-400к,2024-06-03
1400,25-34,Алматы,200-400к,2023-10-21
1401,25-34,Алматы,200-400к,2022-03-20
1402,18-24,Астана,700к+,2025-03-06
1403,55+,Астана,200-400к,2021-04-08
1404,25-34,Караганда,400-700к,2021-10-21
1405,25-34,Алматы,200-400к,2024-08-19
1406,25-34,Астана,200-400к,2025-06-10
1407,55+,Алматы,400-700к,2024-06-17
1408,18-24,Шымкент,700к+,2023-11-16
1409,45-54,Алматы,400-700к,2025-02-18
1410,35-44,Алматы,700к+,2020-09-19
1411,45-54,Атырау,200-400к,2023-08-31
1412,55+,Алматы,700к+,2022-04-05
1413,45-54,Актобе,400-700к,2023-04-11
1414,55+,Алматы,400-700к,2021-05-12
1415,18-24,Алматы,400-700к,2022-09-04
1416,45-54,Астана,400-700к,2021-04-15
1417,35-44,Павлодар,200-400к,2023-07-10
1418,35-44,Астана,200-400к,2025-02-02
1419,45-54,Алматы,200-400к,2020-04-27
1420,55+,Шымкент,200-400к,2025-04-03
1421,35-44,Астана,200-400к,2023-08-11
1422,25-34,Атырау,400-700к,2020-01-29
1423,25-34,Костанай,200-400к,2023-03-04
1424,25-34,Шымкент,200-400к,2020-10-03
1425,25-34,Астана,до 200к,2024-05-24
1426,25-34,Астана,до 200к,2021-07-09
1427,18-24,Костанай,200-400к,2020-04-24
1428,18-24,Астана,200-400к,2024-08-22
1429,35-44,Алматы,до 200к,2022-12-09
1430,25-34,Костанай,200-400к,2023-05-07
1431,55+,Костанай,200-400к,2024-07-21
1432,35-44,Астана,до 200к,2023-02-04
1433,18-24,Астана,до 200к,2024-05-11
1434,25-34,Караганда,400-700к,2023-04-11
1435,25-34,Атырау,400-700к,2020-02-25
1436,55+,Астана,700к+,2025-03-16
1437,25-34,Астана,до 200к,2025-04-02
1438,35-44,Астана,200-400к,2021-07-05
1439,55+,Астана,до 200к,2023-07-25
1440,55+,Алматы,200-400к,2020-09-03
1441,25-34,Актобе,до 200к,2021-07-23
1442,18-24,Алматы,до 200к,2023-04-30
1443,25-34,Астана,200-400к,2021-11-26
1444,18-24,Атырау,200-400к,2025-04-21
1445,25-34,Астана,200-400к,2020-06-05
1446,35-44,Астана,200-400к,2023-11-21
1447,45-54,Костанай,400-700к,2023-05-10
1448,35-44,Алматы,200-400к,2024-11-19
1449,35-44,Павлодар,до 200к,2024-06-06
1450,25-34,Алматы,200-400к,2024-11-27
1451,45-54,Астана,до 200к,2024-05-06
1452,35-44,Караганда,до 200к,2021-03-14
1453,45-54,Астана,200-400к,2022-04-29
1454,55+,Шымкент,до 200к,2023-10-03
1455,25-34,Алматы,до 200к,2025-06-21
1456,18-24,Шымкент,200-400к,2024-09-20
1457,25-34,Алматы,400-700к,2023-07-23
1458,25-34,Атырау,до 200к,2020-07-21
1459,55+,Шымкент,200-400к,2022-04-21
1460,25-34,Астана,700к+,2023-07-26
1461,35-44,Алматы,до 200к,2024-03-23
1462,35-44,Астана,400-700к,2021-06-28
1463,25-34,Шымкент,до 200к,2022-07-23
1464,25-34,Алматы,700к+,2024-07-01
1465,35-44,Караганда,до 200к,2024-07-25
1466,35-44,Алматы,до 200к,2021-03-22
1467,25-34,Алматы,700к+,2021-05-22
1468,25-34,Актобе,200-400к,2022-01-16
1469,35-44,Алматы,до 200к,2023-07-11
1470,25-34,Алматы,400-700к,2023-09-15
1471,55+,Караганда,400-700к,2024-02-27
1472,25-34,Актобе,200-400к,2023-01-16
1473,18-24,Алматы,до 200к,2025-01-09
1474,25-34,Алматы,до 200к,2020-08-27
1475,35-44,Астана,700к+,2022-11-15
1476,35-44,Шымкент,до 200к,2021-03-26
1477,25-34,Астана,200-400к,2022-12-13
1478,55+,Караганда,до 200к,2024-11-06
1479,25-34,Актобе,до 200к,2024-11-05
1480,25-34,Костанай,200-400к,2025-05-31
1481,25-34,Астана,200-400к,2022-09-06
1482,18-24,Алматы,до 200к,2023-10-19
1483,35-44,Алматы,до 200к,2022-08-11
1484,25-34,Алматы,до 200к,2020-01-20
1485,35-44,Астана,до 200к,2021-07-20
1486,18-24,Павлодар,до 200к,2024-01-26
1487,55+,Астана,400-700к,2020-04-17
1488,25-34,Алматы,до 200к,2023-07-09
1489,45-54,Шымкент,200-400к,2022-07-06
1490,25-34,Костанай,200-400к,2022-04-03
1491,18-24,Алматы,400-700к,2024-01-11
1492,45-54,Актобе,200-400к,2021-04-01
1493,35-44,Атырау,700к+,2021-06-02
1494,45-54,Астана,до 200к,2020-11-27
1495,25-34,Шымкент,до 200к,2020-08-04
1496,35-44,Астана,до 200к,2020-06-16
1497,45-54,Алматы,до 200к,2020-07-26
1498,35-44,Астана,700к+,2023-07-02
1499,25-34,Алматы,200-400к,2021-08-22
1500,35-44,Караганда,400-700к,2021-11-05
1501,35-44,Атырау,700к+,2024-02-15
1502,55+,Астана,400-700к,2022-11-02
1503,25-34,Шымкент,200-400к,2020-06-03
1504,25-34,Алматы,400-700к,2022-11-16
1505,45-54,Алматы,200-400к,2023-08-15
1506,35-44,Караганда,до 200к,2023-04-29
1507,35-44,Алматы,200-400к,2024-10-02
1508,25-34,Актобе,700к+,2023-04-04
1509,25-34,Алматы,400-700к,2024-06-12
1510,35-44,Атырау,200-400к,2022-11-04
1511,18-24,Астана,400-700к,2023-06-27
1512,25-34,Астана,200-400к,2020-11-06
1513,35-44,Актобе,400-700к,2025-06-07
1514,35-44,Шымкент,200-400к,2020-02-24
1515,45-54,Алматы,до 200к,2025-04-20
1516,25-34,Атырау,200-400к,2023-02-26
1517,18-24,Астана,400-700к,2021-11-05
1518,55+,Алматы,700к+,2022-04-26
1519,25-34,Астана,до 200к,2020-06-02
1520,25-34,Шымкент,до 200к,2022-03-31
1521,25-34,Шымкент,до 200к,2020-05-22
1522,35-44,Атырау,400-700к,2022-05-10
1523,45-54,Шымкент,200-400к,2020-09-29
1524,35-44,Алматы,200-400к,2020-08-15
1525,35-44,Алматы,до 200к,2023-11-25
1526,25-34,Алматы,до 200к,2020-12-24
1527,25-34,Актобе,700к+,2021-11-01
1528,25-34,Алматы,200-400к,2023-08-17
1529,25-34,Шымкент,до 200к,2022-10-06
1530,25-34,Шымкент,до 200к,2022-10-24
1531,25-34,Актобе,до 200к,2022-06-02
1532,18-24,Алматы,до 200к,2023-05-04
1533,35-44,Алматы,до 200к,2023-07-29
1534,35-44,Павлодар,400-700к,2020-09-15
1535,18-24,Шымкент,до 200к,2025-04-10
1536,25-34,Астана,200-400к,2024-06-16
1537,45-54,Актобе,200-400к,2022-04-28
1538,35-44,Павлодар,200-400к,2022-01-15
1539,45-54,Алматы,200-400к,2023-12-22
1540,25-34,Павлодар,400-700к,2023-05-11
1541,45-54,Алматы,до 200к,2024-05-24
1542,25-34,Костанай,400-700к,2022-07-20
1543,25-34,Алматы,до 200к,2022-06-01
1544,25-34,Алматы,до 200к,2022-07-25
1545,25-34,Алматы,до 200к,2021-08-14
1546,25-34,Атырау,400-700к,2024-04-06
1547,25-34,Костанай,200-400к,2024-05-11
1548,35-44,Астана,400-700к,2020-08-08
1549,25-34,Астана,до 200к,2020-07-05
1550,25-34,Алматы,200-400к,2020-05-29
1551,18-24,Алматы,до 200к,2021-10-20
1552,25-34,Актобе,до 200к,2020-07-21
1553,25-34,Алматы,200-400к,2023-02-13
1554,25-34,Костанай,до 200к,2025-06-13
1555,25-34,Павлодар,200-400к,2023-11-10
1556,35-44,Алматы,200-400к,2025-01-28
1557,55+,Шымкент,400-700к,2020-10-24
1558,25-34,Костанай,400-700к,2023-11-02
1559,35-44,Атырау,до 200к,2023-12-28
1560,45-54,Актобе,до 200к,2022-06-14
1561,55+,Алматы,200-400к,2024-01-31
1562,35-44,Алматы,до 200к,2020-06-19
1563,45-54,Атырау,200-400к,2023-05-16
1564,45-54,Астана,200-400к,2024-06-29
1565,45-54,Караганда,200-400к,2022-02-25
1566,25-34,Актобе,200-400к,2021-01-13
1567,18-24,Астана,до 200к,2020-01-21
1568,18-24,Алматы,до 200к,2021-06-29
1569,25-34,Астана,до 200к,2024-06-30
1570,25-34,Павлодар,до 200к,2024-08-08
1571,25-34,Астана,400-700к,2023-05-18
1572,35-44,Алматы,до 200к,2021-05-29
1573,35-44,Костанай,до 200к,2021-06-03
1574,45-54,Караганда,400-700к,2024-08-16
1575,18-24,Шымкент,200-400к,2023-03-13
1576,25-34,Атырау,до 200к,2024-04-20
1577,45-54,Астана,400-700к,2022-01-10
1578,45-54,Костанай,200-400к,2024-08-01
1579,55+,Атырау,700к+,2022-07-30
1580,45-54,Астана,400-700к,2023-09-10
1581,45-54,Астана,400-700к,2024-08-29
1582,25-34,Алматы,до 200к,2021-12-05
1583,25-34,Караганда,200-400к,2024-04-24
1584,25-34,Караганда,до 200к,2023-07-30
1585,35-44,Шымкент,200-400к,2022-09-21
1586,55+,Костанай,700к+,2024-07-16
1587,25-34,Астана,до 200к,2022-05-29
1588,35-44,Актобе,400-700к,2024-02-07
1589,25-34,Караганда,200-400к,2020-06-01
1590,25-34,Шымкент,до 200к,2024-09-20
1591,25-34,Алматы,400-700к,2025-04-13
1592,18-24,Караганда,200-400к,2025-05-21
1593,55+,Караганда,200-400к,2024-08-15
1594,25-34,Алматы,200-400к,2023-10-12
1595,45-54,Атырау,до 200к,2024-01-22
1596,35-44,Астана,до 200к,2025-01-30
1597,25-34,Астана,200-400к,2023-12-31
1598,25-34,Атырау,400-700к,2021-06-27
1599,45-54,Астана,400-700к,2020-11-15
1600,25-34,Караганда,400-700к,2025-04-30
1601,45-54,Шымкент,400-700к,2020-10-05
1602,25-34,Алматы,до 200к,2024-12-25
1603,35-44,Астана,400-700к,2025-02-14
1604,45-54,Алматы,400-700к,2020-03-23
1605,25-34,Алматы,200-400к,2024-06-02
1606,25-34,Караганда,200-400к,2023-03-26
1607,55+,Алматы,400-700к,2022-02-18
1608,25-34,Костанай,700к+,2022-10-02
1609,25-34,Астана,700к+,2022-05-06
1610,25-34,Астана,200-400к,2024-06-19
1611,25-34,Павлодар,400-700к,2022-04-03
1612,35-44,Астана,200-400к,2020-09-09
1613,35-44,Шымкент,400-700к,2022-03-04
1614,25-34,Караганда,200-400к,2022-11-21
1615,45-54,Павлодар,700к+,2022-06-19
1616,25-34,Алматы,700к+,2022-09-29
1617,18-24,Алматы,200-400к,2025-05-28
1618,35-44,Костанай,700к+,2022-03-02
1619,55+,Алматы,400-700к,2024-06-23
1620,18-24,Караганда,до 200к,2025-06-07
1621,25-34,Шымкент,до 200к,2024-07-19
1622,35-44,Шымкент,400-700к,2022-12-15
1623,45-54,Актобе,до 200к,2025-06-01
1624,18-24,Костанай,до 200к,2022-04-06
1625,25-34,Алматы,200-400к,2021-07-12
1626,35-44,Шымкент,до 200к,2024-09-08
1627,25-34,Актобе,200-400к,2025-01-11
1628,25-34,Астана,400-700к,2020-10-05
1629,25-34,Павлодар,до 200к,2021-09-30
1630,25-34,Астана,200-400к,2021-07-29
1631,25-34,Алматы,до 200к,2024-06-27
1632,45-54,Атырау,400-700к,2021-07-11
1633,35-44,Костанай,200-400к,2023-08-19
1634,35-44,Алматы,400-700к,2025-02-10
1635,55+,Актобе,400-700к,2024-12-24
1636,25-34,Алматы,400-700к,2024-10-26
1637,25-34,Алматы,200-400к,2022-11-24
1638,45-54,Алматы,200-400к,2023-04-28
1639,25-34,Атырау,до 200к,2023-12-21
1640,35-44,Алматы,200-400к,2021-10-01
1641,35-44,Алматы,200-400к,2022-09-29
1642,18-24,Актобе,200-400к,2022-07-25
1643,25-34,Астана,до 200к,2024-05-20
1644,25-34,Алматы,200-400к,2023-02-16
1645,25-34,Алматы,200-400к,2022-06-09
1646,25-34,Атырау,200-400к,2022-12-16
1647,25-34,Караганда,200-400к,2020-12-10
1648,45-54,Актобе,200-400к,2021-05-26
1649,45-54,Алматы,200-400к,2024-05-20
1650,45-54,Астана,200-400к,2020-09-17
1651,25-34,Атырау,400-700к,2023-09-27
1652,25-34,Алматы,400-700к,2024-12-20
1653,25-34,Алматы,до 200к,2023-09-29
1654,18-24,Астана,до 200к,2023-07-05
1655,55+,Астана,200-400к,2023-12-05
1656,25-34,Алматы,400-700к,2020-10-17
1657,25-34,Костанай,до 200к,2020-09-30
1658,45-54,Астана,200-400к,2025-06-02
1659,25-34,Шымкент,200-400к,2022-05-03
1660,18-24,Алматы,400-700к,2022-04-02
1661,25-34,Шымкент,до 200к,2020-11-12
1662,35-44,Шымкент,400-700к,2024-01-05
1663,45-54,Павлодар,200-400к,2020-03-09
1664,25-34,Астана,400-700к,2020-12-19
1665,45-54,Актобе,700к+,2021-03-25
1666,45-54,Астана,200-400к,2025-02-08
1667,45-54,Шымкент,400-700к,2025-03-15
1668,25-34,Павлодар,400-700к,2020-06-07
1669,18-24,Караганда,400-700к,2020-10-05
1670,45-54,Актобе,200-400к,2025-03-26
1671,25-34,Павлодар,до 200к,2023-06-22
1672,35-44,Павлодар,700к+,2023-12-25
1673,35-44,Алматы,до 200к,2023-02-09
1674,18-24,Алматы,700к+,2021-03-30
1675,45-54,Шымкент,до 200к,2023-12-31
1676,55+,Костанай,200-400к,2020-12-27
1677,35-44,Астана,700к+,2020-02-28
1678,25-34,Астана,200-400к,2024-08-01
1679,45-54,Шымкент,200-400к,2022-01-29
1680,35-44,Алматы,200-400к,2020-03-20
1681,35-44,Алматы,до 200к,2022-05-18
1682,45-54,Алматы,до 200к,2020-08-16
1683,35-44,Алматы,200-400к,2022-07-30
1684,25-34,Актобе,200-400к,2023-09-07
1685,18-24,Астана,до 200к,2021-11-07
1686,25-34,Алматы,200-400к,2020-06-03
1687,35-44,Шымкент,700к+,2024-11-15
1688,35-44,Астана,400-700к,2022-12-18
1689,35-44,Астана,200-400к,2020-02-16
1690,25-34,Астана,700к+,2023-02-22
1691,45-54,Алматы,200-400к,2025-01-21
1692,45-54,Караганда,200-400к,2020-02-05
1693,25-34,Алматы,200-400к,2024-04-22
1694,35-44,Алматы,400-700к,2022-01-24
1695,35-44,Алматы,до 200к,2023-11-16
1696,35-44,Астана,до 200к,2020-02-27
1697,25-34,Алматы,700к+,2024-12-18
1698,45-54,Астана,400-700к,2025-04-17
1699,55+,Алматы,400-700к,2023-01-04
1700,35-44,Алматы,400-700к,2021-03-06
1701,45-54,Павлодар,400-700к,2020-10-29
1702,55+,Астана,до 200к,2023-10-11
1703,25-34,Алматы,400-700к,2024-05-05
1704,35-44,Шымкент,до 200к,2023-09-09
1705,25-34,Алматы,до 200к,2022-09-13
1706,55+,Актобе,700к+,2024-03-24
1707,18-24,Алматы,до 200к,2024-01-14
1708,25-34,Астана,до 200к,2021-11-01
1709,45-54,Костанай,200-400к,2024-04-02
1710,25-34,Алматы,400-700к,2021-01-03
1711,45-54,Алматы,700к+,2024-06-28
1712,25-34,Шымкент,до 200к,2022-11-27
1713,55+,Костанай,200-400к,2024-02-03
1714,45-54,Астана,400-700к,2023-10-20
1715,25-34,Караганда,200-400к,2020-07-10
1716,35-44,Алматы,до 200к,2024-02-19
1717,25-34,Караганда,200-400к,2024-04-16
1718,35-44,Алматы,200-400к,2020-04-07
1719,35-44,Шымкент,до 200к,2021-03-27
1720,45-54,Алматы,400-700к,2024-02-14
1721,18-24,Шымкент,до 200к,2021-12-22
1722,25-34,Алматы,400-700к,2020-08-12
1723,35-44,Караганда,400-700к,2024-09-05
1724,35-44,Актобе,200-400к,2022-11-15
1725,25-34,Атырау,400-700к,2022-02-27
1726,18-24,Костанай,до 200к,2023-01-15
1727,25-34,Астана,до 200к,2022-03-10
1728,45-54,Караганда,200-400к,2020-09-11
1729,18-24,Алматы,400-700к,2023-01-28
1730,25-34,Павлодар,400-700к,2025-04-11
1731,55+,Шымкент,200-400к,2025-03-18
1732,18-24,Астана,400-700к,2023-06-30
1733,35-44,Астана,до 200к,2020-11-21
1734,25-34,Актобе,до 200к,2021-03-23
1735,45-54,Атырау,до 200к,2021-09-22
1736,35-44,Атырау,700к+,2020-04-11
1737,45-54,Шымкент,200-400к,2020-10-07
1738,25-34,Астана,200-400к,2024-03-30
1739,35-44,Костанай,400-700к,2022-05-08
1740,35-44,Караганда,до 200к,2024-08-09
1741,25-34,Шымкент,до 200к,2020-05-03
1742,25-34,Шымкент,до 200к,2020-06-30
1743,18-24,Караганда,до 200к,2023-10-11
1744,55+,Актобе,200-400к,2021-05-29
1745,35-44,Шымкент,до 200к,2021-03-27
1746,35-44,Павлодар,400-700к,2023-07-08
1747,35-44,Атырау,400-700к,2024-12-31
1748,35-44,Астана,700к+,2022-04-17
1749,25-34,Алматы,до 200к,2024-03-05
1750,25-34,Шымкент,200-400к,2021-11-16
1751,35-44,Караганда,до 200к,2024-08-05
1752,25-34,Шымкент,до 200к,2022-04-28
1753,45-54,Павлодар,200-400к,2020-10-30
1754,45-54,Алматы,200-400к,2022-10-07
1755,25-34,Астана,400-700к,2021-08-07
1756,35-44,Атырау,400-700к,2021-01-04
1757,25-34,Павлодар,до 200к,2021-01-02
1758,55+,Астана,700к+,2022-02-15
1759,45-54,Алматы,до 200к,2020-01-20
1760,45-54,Астана,700к+,2020-05-19
1761,25-34,Астана,200-400к,2023-03-25
1762,25-34,Шымкент,до 200к,2020-01-13
1763,25-34,Алматы,200-400к,2024-03-24
1764,18-24,Астана,до 200к,2025-05-04
1765,18-24,Караганда,400-700к,2021-01-02
1766,18-24,Караганда,до 200к,2020-04-19
1767,55+,Караганда,400-700к,2021-02-24
1768,18-24,Астана,200-400к,2020-03-27
1769,18-24,Астана,700к+,2021-06-22
1770,45-54,Астана,до 200к,2024-11-14
1771,35-44,Костанай,400-700к,2024-06-27
1772,35-44,Астана,400-700к,2025-05-06
1773,35-44,Шымкент,до 200к,2024-06-11
1774,45-54,Шымкент,до 200к,2024-08-16
1775,35-44,Павлодар,200-400к,2023-03-30
1776,35-44,Астана,200-400к,2020-10-06
1777,35-44,Астана,400-700к,2024-03-17
1778,25-34,Атырау,до 200к,2023-07-03
1779,25-34,Алматы,400-700к,2025-04-08
1780,25-34,Шымкент,700к+,2023-10-25
1781,25-34,Астана,400-700к,2022-12-27
1782,45-54,Костанай,до 200к,2024-03-23
1783,25-34,Актобе,до 200к,2023-08-05
1784,25-34,Алматы,700к+,2020-08-13
1785,25-34,Атырау,400-700к,2023-05-07
1786,45-54,Караганда,200-400к,2022-02-20
1787,25-34,Шымкент,700к+,2020-11-21
1788,35-44,Алматы,до 200к,2021-07-06
1789,45-54,Алматы,400-700к,2024-07-27
1790,18-24,Караганда,200-400к,2023-08-02
1791,35-44,Астана,400-700к,2020-04-26
1792,25-34,Атырау,400-700к,2021-11-18
1793,25-34,Алматы,200-400к,2023-10-03
1794,35-44,Караганда,до 200к,2022-10-14
1795,45-54,Алматы,700к+,2024-04-01
1796,25-34,Караганда,400-700к,2023-06-06
1797,35-44,Алматы,200-400к,2020-03-15
1798,25-34,Астана,700к+,2024-09-27
1799,35-44,Алматы,200-400к,2023-02-14
1800,35-44,Шымкент,200-400к,2025-01-15
1801,35-44,Астана,700к+,2021-03-16
1802,35-44,Актобе,200-400к,2023-10-18
1803,18-24,Алматы,400-700к,2020-02-28
1804,35-44,Шымкент,400-700к,2020-11-08
1805,35-44,Шымкент,200-400к,2024-10-31
1806,35-44,Алматы,до 200к,2024-11-12
1807,18-24,Алматы,400-700к,2025-03-23
1808,25-34,Астана,200-400к,2021-02-13
1809,25-34,Шымкент,200-400к,2024-11-19
1810,18-24,Костанай,200-400к,2020-04-16
1811,25-34,Алматы,до 200к,2022-03-12
1812,25-34,Караганда,до 200к,2022-05-24
1813,35-44,Караганда,200-400к,2024-05-03
1814,25-34,Караганда,400-700к,2023-10-01
1815,45-54,Шымкент,200-400к,2021-12-19
1816,35-44,Костанай,до 200к,2020-10-25
1817,35-44,Шымкент,200-400к,2021-12-31
1818,25-34,Атырау,400-700к,2021-08-21
1819,25-34,Алматы,до 200к,2023-09-02
1820,35-44,Атырау,200-400к,2020-06-09
1821,45-54,Костанай,400-700к,2022-04-02
1822,25-34,Павлодар,200-400к,2023-05-21
1823,35-44,Астана,200-400к,2023-07-16
1824,35-44,Атырау,400-700к,2023-11-17
1825,35-44,Алматы,до 200к,2021-07-26
1826,18-24,Караганда,до 200к,2022-11-05
1827,35-44,Астана,до 200к,2020-07-15
1828,25-34,Караганда,400-700к,2022-06-07
1829,45-54,Астана,700к+,2025-05-18
1830,25-34,Алматы,400-700к,2024-08-22
1831,25-34,Алматы,700к+,2023-05-30
1832,55+,Алматы,400-700к,2022-04-18
1833,25-34,Астана,до 200к,2024-12-06
1834,25-34,Атырау,до 200к,2022-06-02
1835,25-34,Актобе,200-400к,2024-03-06
1836,18-24,Актобе,200-400к,2023-02-28
1837,18-24,Атырау,200-400к,2020-02-12
1838,25-34,Астана,200-400к,2023-11-08
1839,35-44,Шымкент,200-400к,2024-11-21
1840,35-44,Шымкент,200-400к,2024-04-03
1841,18-24,Алматы,200-400к,2023-05-14
1842,35-44,Шымкент,400-700к,2020-03-22
1843,25-34,Актобе,400-700к,2020-02-16
1844,55+,Шымкент,200-400к,2024-08-29
1845,25-34,Актобе,400-700к,2022-08-07
1846,35-44,Алматы,200-400к,2022-06-21
1847,25-34,Актобе,200-400к,2023-07-05
1848,35-44,Алматы,400-700к,2024-12-16
1849,25-34,Павлодар,700к+,2022-05-23
1850,35-44,Алматы,700к+,2022-12-08
1851,25-34,Астана,до 200к,2023-01-22
1852,45-54,Астана,до 200к,2022-08-09
1853,35-44,Алматы,400-700к,2023-08-06
1854,35-44,Астана,400-700к,2021-01-25
1855,45-54,Алматы,200-400к,2022-01-16
1856,55+,Шымкент,до 200к,2022-07-28
1857,25-34,Павлодар,200-400к,2022-11-04
1858,25-34,Астана,до 200к,2022-09-12
1859,25-34,Шымкент,до 200к,2022-04-16
1860,25-34,Атырау,200-400к,2024-11-23
1861,35-44,Астана,до 200к,2024-05-20
1862,55+,Атырау,400-700к,2024-11-09
1863,55+,Астана,200-400к,2023-04-04
1864,35-44,Астана,200-400к,2022-08-30
1865,35-44,Алматы,200-400к,2022-05-11
1866,45-54,Алматы,700к+,2024-10-01
1867,55+,Шымкент,200-400к,2023-08-24
1868,25-34,Атырау,400-700к,2024-09-04
1869,35-44,Алматы,200-400к,2024-08-26
1870,45-54,Павлодар,200-400к,2025-03-11
1871,25-34,Астана,700к+,2022-12-26
1872,25-34,Астана,до 200к,2021-12-24
1873,55+,Павлодар,до 200к,2024-12-22
1874,55+,Павлодар,700к+,2021-02-28
1875,45-54,Шымкент,200-400к,2021-10-07
1876,45-54,Алматы,до 200к,2025-03-02
1877,25-34,Алматы,700к+,2023-11-28
1878,25-34,Алматы,до 200к,2023-03-15
1879,35-44,Актобе,200-400к,2022-11-26
1880,35-44,Астана,400-700к,2022-07-22
1881,35-44,Караганда,400-700к,2024-11-27
1882,35-44,Алматы,200-400к,2022-04-02
1883,25-34,Астана,до 200к,2022-08-16
1884,35-44,Астана,400-700к,2020-06-18
1885,25-34,Шымкент,400-700к,2020-08-17
1886,25-34,Шымкент,до 200к,2021-02-12
1887,18-24,Костанай,200-400к,2021-08-22
1888,25-34,Павлодар,200-400к,2021-08-06
1889,45-54,Караганда,до 200к,2023-08-26
1890,25-34,Алматы,400-700к,2023-01-07
1891,25-34,Павлодар,700к+,2020-01-09
1892,35-44,Павлодар,200-400к,2022-10-30
1893,35-44,Павлодар,700к+,2020-06-13
1894,18-24,Астана,400-700к,2022-12-21
1895,25-34,Алматы,400-700к,2020-04-10
1896,25-34,Актобе,700к+,2020-06-01
1897,35-44,Астана,200-400к,2024-07-10
1898,25-34,Астана,700к+,2020-01-20
1899,18-24,Астана,до 200к,2025-04-28
1900,18-24,Шымкент,200-400к,2022-07-15
1901,35-44,Астана,200-400к,2024-07-10
1902,18-24,Караганда,до 200к,2021-01-21
1903,45-54,Караганда,400-700к,2022-07-22
1904,25-34,Шымкент,200-400к,2024-11-18
1905,35-44,Алматы,200-400к,2020-06-03
1906,25-34,Павлодар,200-400к,2022-05-11
1907,25-34,Астана,до 200к,2020-09-02
1908,18-24,Астана,до 200к,2021-12-04
1909,45-54,Астана,до 200к,2025-04-25
1910,45-54,Астана,700к+,2022-12-24
1911,18-24,Караганда,400-700к,2021-10-29
1912,25-34,Алматы,200-400к,2023-06-11
1913,45-54,Павлодар,200-400к,2021-07-17
1914,35-44,Алматы,200-400к,2020-06-12
1915,25-34,Костанай,до 200к,2023-02-04
1916,25-34,Караганда,до 200к,2024-01-22
1917,35-44,Алматы,200-400к,2020-12-23
1918,35-44,Шымкент,до 200к,2020-10-02
1919,35-44,Астана,400-700к,2023-04-10
1920,55+,Костанай,до 200к,2022-02-12
1921,25-34,Актобе,200-400к,2025-02-14
1922,25-34,Шымкент,200-400к,2021-12-14
1923,25-34,Астана,400-700к,2022-02-23
1924,25-34,Костанай,700к+,2023-02-12
1925,25-34,Караганда,200-400к,2025-05-09
1926,18-24,Шымкент,до 200к,2023-10-10
1927,25-34,Астана,200-400к,2023-08-25
1928,35-44,Астана,до 200к,2024-05-20
1929,18-24,Караганда,до 200к,2024-06-19
1930,25-34,Шымкент,200-400к,2022-11-20
1931,35-44,Атырау,до 200к,2021-07-27
1932,35-44,Шымкент,до 200к,2020-11-06
1933,35-44,Шымкент,200-400к,2023-02-08
1934,45-54,Астана,200-400к,2023-10-23
1935,35-44,Актобе,700к+,2022-01-02
1936,18-24,Астана,до 200к,2022-08-15
1937,25-34,Атырау,200-400к,2022-06-09
1938,35-44,Астана,400-700к,2023-03-23
1939,25-34,Караганда,400-700к,2024-06-25
1940,18-24,Павлодар,200-400к,2022-06-06
1941,25-34,Актобе,200-400к,2022-11-04
1942,25-34,Астана,200-400к,2022-04-12
1943,25-34,Караганда,200-400к,2021-08-26
1944,25-34,Алматы,до 200к,2023-11-03
1945,45-54,Алматы,400-700к,2023-05-18
1946,45-54,Атырау,до 200к,2022-11-14
1947,25-34,Атырау,200-400к,2021-08-12
1948,45-54,Алматы,200-400к,2024-10-01
1949,18-24,Костанай,до 200к,2024-05-28
1950,45-54,Астана,до 200к,2024-01-26
1951,55+,Павлодар,200-400к,2024-06-19
1952,18-24,Актобе,400-700к,2022-08-10
1953,35-44,Павлодар,400-700к,2023-06-09
1954,55+,Атырау,200-400к,2021-03-04
1955,45-54,Костанай,200-400к,2024-04-14
1956,55+,Караганда,700к+,2020-02-05
1957,35-44,Алматы,200-400к,2022-10-14
1958,18-24,Астана,400-700к,2021-02-14
1959,45-54,Актобе,до 200к,2023-04-06
1960,35-44,Алматы,до 200к,2021-07-16
1961,35-44,Павлодар,до 200к,2025-04-12
1962,25-34,Алматы,400-700к,2020-08-24
1963,35-44,Павлодар,700к+,2024-07-02
1964,25-34,Астана,до 200к,2023-08-31
1965,35-44,Атырау,400-700к,2025-06-14
1966,18-24,Костанай,400-700к,2021-10-14
1967,35-44,Астана,400-700к,2023-11-11
1968,45-54,Караганда,200-400к,2020-03-01
1969,25-34,Алматы,до 200к,2023-09-15
1970,35-44,Атырау,700к+,2022-05-23
1971,25-34,Атырау,до 200к,2023-12-23
1972,55+,Астана,до 200к,2024-04-17
1973,35-44,Алматы,до 200к,2022-08-31
1974,25-34,Астана,200-400к,2021-11-10
1975,25-34,Алматы,до 200к,2023-11-27
1976,25-34,Атырау,200-400к,2024-12-09
1977,25-34,Алматы,700к+,2021-12-19
1978,55+,Костанай,200-400к,2024-09-01
1979,35-44,Костанай,700к+,2022-06-06
1980,25-34,Павлодар,700к+,2024-11-13
1981,45-54,Шымкент,400-700к,2023-07-21
1982,25-34,Алматы,200-400к,2023-08-28
1983,45-54,Атырау,400-700к,2023-10-08
1984,25-34,Караганда,200-400к,2024-06-01
1985,35-44,Костанай,до 200к,2024-09-18
1986,45-54,Астана,700к+,2022-02-16
1987,25-34,Алматы,200-400к,2024-01-31
1988,35-44,Костанай,700к+,2023-10-18
1989,55+,Атырау,200-400к,2023-03-29
1990,25-34,Алматы,200-400к,2021-03-23
1991,18-24,Актобе,400-700к,2022-07-19
1992,35-44,Алматы,200-400к,2021-02-13
1993,25-34,Шымкент,200-400к,2020-09-30
1994,18-24,Астана,400-700к,2025-03-02
1995,25-34,Астана,200-400к,2023-12-18
1996,35-44,Алматы,до 200к,2023-01-02
1997,25-34,Алматы,400-700к,2022-06-02
1998,25-34,Астана,до 200к,2020-05-23
1999,45-54,Алматы,200-400к,2021-12-03
2000,35-44,Астана,до 200к,2021-01-29
2001,45-54,Шымкент,до 200к,2022-12-12
2002,25-34,Актобе,700к+,2022-07-11
2003,55+,Караганда,до 200к,2025-04-10
2004,35-44,Алматы,400-700к,2024-08-18
2005,18-24,Алматы,200-400к,2023-04-16
2006,45-54,Атырау,до 200к,2024-11-26
2007,25-34,Павлодар,700к+,2021-10-20
2008,25-34,Костанай,до 200к,2020-08-14
2009,25-34,Костанай,200-400к,2023-01-26
2010,35-44,Караганда,400-700к,2020-05-04
2011,18-24,Павлодар,400-700к,2025-02-28
2012,25-34,Астана,200-400к,2020-08-31
2013,18-24,Актобе,400-700к,2024-09-08
2014,25-34,Костанай,700к+,2023-09-04
2015,25-34,Атырау,200-400к,2021-05-08
2016,35-44,Астана,200-400к,2022-12-01
2017,25-34,Астана,200-400к,2022-12-23
2018,18-24,Астана,200-400к,2024-01-15
2019,35-44,Астана,200-400к,2022-05-03
2020,25-34,Атырау,до 200к,2023-04-01
2021,35-44,Караганда,400-700к,2022-04-11
2022,18-24,Алматы,до 200к,2020-07-10
2023,18-24,Актобе,до 200к,2023-11-22
2024,25-34,Астана,200-400к,2021-05-30
2025,25-34,Шымкент,до 200к,2021-07-11
2026,25-34,Астана,200-400к,2021-10-25
2027,45-54,Шымкент,200-400к,2023-02-07
2028,25-34,Актобе,до 200к,2023-11-16
2029,35-44,Актобе,до 200к,2024-06-17
2030,35-44,Актобе,до 200к,2023-04-08
2031,18-24,Астана,200-400к,2022-03-06
2032,35-44,Караганда,до 200к,2025-03-08
2033,25-34,Алматы,400-700к,2022-08-08
2034,25-34,Астана,200-400к,2020-10-18
2035,18-24,Шымкент,200-400к,2024-05-22
2036,45-54,Караганда,до 200к,2025-02-20
2037,55+,Павлодар,200-400к,2021-08-04
2038,18-24,Астана,200-400к,2021-03-16
2039,35-44,Атырау,200-400к,2021-12-05
2040,35-44,Астана,700к+,2021-11-17
2041,25-34,Шымкент,до 200к,2021-01-19
2042,45-54,Атырау,до 200к,2020-03-10
2043,35-44,Актобе,400-700к,2021-01-10
2044,45-54,Атырау,700к+,2021-08-16
2045,55+,Атырау,200-400к,2021-01-11
2046,18-24,Алматы,200-400к,2021-02-03
2047,25-34,Костанай,до 200к,2025-03-01
2048,35-44,Павлодар,400-700к,2021-03-10
2049,25-34,Астана,200-400к,2024-07-01
2050,25-34,Алматы,200-400к,2023-02-18
2051,55+,Астана,200-400к,2022-05-22
2052,18-24,Атырау,200-400к,2024-04-10
2053,25-34,Костанай,400-700к,2020-02-03
2054,45-54,Атырау,до 200к,2024-01-29
2055,25-34,Астана,200-400к,2022-04-12
2056,25-34,Алматы,до 200к,2024-07-16
2057,55+,Шымкент,400-700к,2025-04-08
2058,25-34,Астана,до 200к,2024-01-02
2059,18-24,Алматы,700к+,2020-08-16
2060,18-24,Алматы,200-400к,2025-05-07
2061,55+,Алматы,200-400к,2024-02-28
2062,25-34,Алматы,200-400к,2020-02-06
2063,35-44,Актобе,200-400к,2021-01-15
2064,18-24,Астана,200-400к,2025-05-29
2065,25-34,Астана,200-400к,2024-07-31
2066,55+,Шымкент,до 200к,2022-03-30
2067,35-44,Костанай,200-400к,2025-03-27
2068,55+,Актобе,400-700к,2022-08-13
2069,25-34,Караганда,до 200к,2024-09-30
2070,35-44,Актобе,400-700к,2023-02-28
2071,45-54,Актобе,400-700к,2023-08-13
2072,25-34,Караганда,200-400к,2020-01-18
2073,25-34,Астана,до 200к,2025-04-24
2074,45-54,Шымкент,200-400к,2020-12-29
2075,25-34,Астана,400-700к,2021-03-02
2076,35-44,Астана,200-400к,2022-06-10
2077,55+,Алматы,до 200к,2024-02-19
2078,25-34,Астана,200-400к,2024-03-19
2079,25-34,Астана,200-400к,2023-06-07
2080,18-24,Шымкент,до 200к,2024-10-06
2081,25-34,Астана,до 200к,2023-10-19
2082,25-34,Алматы,200-400к,2020-10-22
2083,35-44,Астана,200-400к,2024-04-16
2084,25-34,Астана,до 200к,2021-06-09
2085,35-44,Караганда,700к+,2022-11-05
2086,25-34,Астана,до 200к,2023-04-29
2087,25-34,Алматы,до 200к,2022-02-23
2088,25-34,Алматы,до 200к,2021-12-22
2089,35-44,Астана,до 200к,2021-06-19
2090,25-34,Алматы,200-400к,2021-08-18
2091,25-34,Астана,до 200к,2025-05-26
2092,45-54,Шымкент,400-700к,2022-02-05
2093,35-44,Павлодар,400-700к,2022-08-03
2094,25-34,Караганда,200-400к,2023-11-04
2095,45-54,Алматы,400-700к,2021-05-12
2096,25-34,Астана,200-400к,2021-02-01
2097,18-24,Атырау,400-700к,2021-02-24
2098,25-34,Алматы,до 200к,2020-05-03
2099,18-24,Павлодар,200-400к,2022-06-21
2100,25-34,Шымкент,до 200к,2020-01-07
2101,35-44,Алматы,до 200к,2022-01-27
2102,18-24,Алматы,400-700к,2022-11-19
2103,45-54,Павлодар,до 200к,2021-05-31
2104,55+,Костанай,200-400к,2021-05-15
2105,35-44,Атырау,до 200к,2023-04-16
2106,35-44,Астана,400-700к,2023-01-28
2107,35-44,Актобе,200-400к,2024-04-26
2108,55+,Алматы,до 200к,2024-10-27
2109,25-34,Астана,200-400к,2021-05-11
2110,25-34,Караганда,до 200к,2021-08-10
2111,35-44,Костанай,до 200к,2022-11-14
2112,35-44,Астана,200-400к,2021-01-02
2113,25-34,Астана,700к+,2023-12-27
2114,35-44,Алматы,400-700к,2020-01-04
2115,18-24,Астана,до 200к,2022-01-04
2116,45-54,Алматы,200-400к,2025-05-16
2117,25-34,Атырау,400-700к,2024-01-07
2118,18-24,Алматы,до 200к,2022-10-30
2119,18-24,Караганда,400-700к,2020-01-08
2120,25-34,Алматы,200-400к,2024-05-23
2121,25-34,Астана,400-700к,2022-06-10
2122,18-24,Астана,200-400к,2024-09-12
2123,25-34,Астана,700к+,2024-04-16
2124,25-34,Шымкент,200-400к,2025-06-13
2125,25-34,Караганда,400-700к,2020-08-23
2126,25-34,Костанай,до 200к,2024-09-15
2127,25-34,Астана,200-400к,2023-11-24
2128,25-34,Шымкент,200-400к,2021-08-11
2129,18-24,Павлодар,до 200к,2024-08-15
2130,18-24,Астана,200-400к,2023-02-02
2131,25-34,Атырау,до 200к,2023-08-12
2132,35-44,Костанай,700к+,2025-04-09
2133,55+,Атырау,400-700к,2023-02-19
2134,45-54,Шымкент,400-700к,2023-06-20
2135,35-44,Актобе,200-400к,2024-09-26
2136,35-44,Астана,до 200к,2024-03-18
2137,25-34,Шымкент,200-400к,2023-07-06
2138,35-44,Костанай,до 200к,2024-12-18
2139,35-44,Алматы,200-400к,2024-12-25
2140,45-54,Атырау,400-700к,2023-05-12
2141,45-54,Шымкент,до 200к,2020-07-15
2142,25-34,Алматы,до 200к,2023-10-16
2143,35-44,Караганда,до 200к,2021-10-27
2144,45-54,Атырау,200-400к,2023-03-22
2145,25-34,Шымкент,до 200к,2022-01-24
2146,45-54,Атырау,200-400к,2021-11-08
2147,18-24,Астана,до 200к,2025-05-03
2148,55+,Павлодар,до 200к,2021-05-12
2149,35-44,Караганда,400-700к,2020-11-17
2150,18-24,Атырау,700к+,2023-06-21
2151,35-44,Алматы,до 200к,2023-07-12
2152,18-24,Астана,до 200к,2025-05-16
2153,35-44,Павлодар,до 200к,2020-04-24
2154,45-54,Алматы,400-700к,2025-01-06
2155,35-44,Астана,200-400к,2024-08-06
2156,45-54,Актобе,200-400к,2021-02-23
2157,18-24,Актобе,200-400к,2024-06-25
2158,25-34,Атырау,700к+,2024-08-12
2159,25-34,Актобе,до 200к,2020-08-17
2160,18-24,Костанай,до 200к,2020-02-12
2161,25-34,Астана,200-400к,2023-08-14
2162,25-34,Караганда,200-400к,2023-03-24
2163,25-34,Атырау,до 200к,2024-09-22
2164,25-34,Караганда,400-700к,2025-02-03
2165,45-54,Алматы,200-400к,2020-07-27
2166,25-34,Астана,700к+,2025-04-02
2167,45-54,Шымкент,700к+,2024-09-02
2168,25-34,Актобе,200-400к,2023-04-21
2169,25-34,Шымкент,400-700к,2021-12-23
2170,35-44,Актобе,400-700к,2023-06-15
2171,25-34,Атырау,200-400к,2023-02-03
2172,25-34,Алматы,200-400к,2022-02-18
2173,35-44,Шымкент,700к+,2020-06-05
2174,25-34,Шымкент,400-700к,2023-12-18
2175,25-34,Алматы,400-700к,2021-09-03
2176,35-44,Астана,до 200к,2021-05-06
2177,25-34,Шымкент,400-700к,2022-01-20
2178,45-54,Атырау,200-400к,2020-03-08
2179,25-34,Астана,200-400к,2022-02-22
2180,55+,Алматы,200-400к,2024-07-28
2181,45-54,Астана,200-400к,2024-01-02
2182,55+,Атырау,до 200к,2020-04-30
2183,45-54,Шымкент,400-700к,2021-10-22
2184,25-34,Астана,до 200к,2023-08-22
2185,35-44,Павлодар,до 200к,2025-02-05
2186,25-34,Алматы,до 200к,2022-05-23
2187,45-54,Астана,200-400к,2025-05-30
2188,35-44,Астана,до 200к,2020-03-27
2189,25-34,Актобе,200-400к,2024-12-25
2190,45-54,Атырау,400-700к,2020-11-15
2191,18-24,Алматы,200-400к,2023-12-29
2192,35-44,Атырау,400-700к,2020-07-20
2193,35-44,Актобе,200-400к,2025-06-01
2194,18-24,Павлодар,до 200к,2021-03-04
2195,35-44,Павлодар,400-700к,2022-01-06
2196,45-54,Актобе,200-400к,2023-06-24
2197,18-24,Алматы,700к+,2020-04-10
2198,35-44,Астана,до 200к,2023-02-15
2199,25-34,Павлодар,400-700к,2021-08-07
2200,35-44,Шымкент,200-400к,2022-05-15
2201,18-24,Шымкент,400-700к,2021-10-27
2202,55+,Павлодар,до 200к,2024-08-13
2203,45-54,Павлодар,200-400к,2022-07-02
2204,25-34,Актобе,до 200к,2024-02-15
2205,25-34,Павлодар,400-700к,2020-03-24
2206,35-44,Алматы,до 200к,2023-09-27
2207,35-44,Актобе,200-400к,2022-02-05
2208,25-34,Костанай,200-400к,2023-04-12
2209,25-34,Алматы,200-400к,2024-08-20
2210,18-24,Алматы,400-700к,2023-10-24
2211,55+,Атырау,400-700к,2021-12-08
2212,25-34,Шымкент,до 200к,2021-03-29
2213,45-54,Алматы,400-700к,2024-11-09
2214,25-34,Алматы,200-400к,2021-06-03
2215,45-54,Астана,200-400к,2020-03-11
2216,18-24,Астана,до 200к,2021-08-19
2217,18-24,Павлодар,200-400к,2020-01-22
2218,45-54,Караганда,400-700к,2024-01-22
2219,55+,Актобе,700к+,2024-11-14
2220,25-34,Алматы,700к+,2022-05-14
2221,25-34,Астана,400-700к,2023-05-12
2222,25-34,Астана,до 200к,2025-04-03
2223,25-34,Атырау,200-400к,2025-01-24
2224,25-34,Костанай,до 200к,2020-03-21
2225,45-54,Астана,400-700к,2020-05-18
2226,25-34,Костанай,до 200к,2022-02-05
2227,35-44,Алматы,700к+,2021-07-12
2228,18-24,Астана,до 200к,2020-11-05
2229,18-24,Актобе,до 200к,2020-10-29
2230,35-44,Астана,400-700к,2024-06-20
2231,25-34,Павлодар,до 200к,2021-01-22
2232,35-44,Алматы,до 200к,2022-08-17
2233,18-24,Атырау,200-400к,2020-03-30
2234,55+,Алматы,700к+,2023-05-25
2235,35-44,Алматы,до 200к,2024-01-22
2236,45-54,Астана,200-400к,2023-04-10
2237,18-24,Костанай,до 200к,2021-07-23
2238,25-34,Шымкент,200-400к,2020-06-07
2239,25-34,Караганда,200-400к,2022-03-11
2240,35-44,Алматы,200-400к,2024-04-16
2241,25-34,Алматы,200-400к,2020-08-27
2242,18-24,Алматы,700к+,2024-07-01
2243,25-34,Атырау,200-400к,2024-12-31
2244,25-34,Алматы,400-700к,2023-04-29
2245,25-34,Астана,200-400к,2024-08-15
2246,25-34,Шымкент,200-400к,2021-07-15
2247,25-34,Шымкент,200-400к,2023-05-27
2248,35-44,Астана,200-400к,2023-12-19
2249,25-34,Алматы,до 200к,2023-11-30
2250,25-34,Астана,до 200к,2023-11-02
2251,35-44,Актобе,200-400к,2021-01-23
2252,35-44,Алматы,до 200к,2024-12-30
2253,25-34,Караганда,до 200к,2023-09-25
2254,35-44,Алматы,200-400к,2020-08-22
2255,55+,Павлодар,400-700к,2023-07-02
2256,35-44,Костанай,до 200к,2024-12-24
2257,45-54,Алматы,400-700к,2020-02-17
2258,45-54,Астана,до 200к,2024-11-09
2259,18-24,Астана,700к+,2021-10-22
2260,25-34,Атырау,200-400к,2021-08-18
2261,35-44,Шымкент,200-400к,2022-09-02
2262,55+,Шымкент,200-400к,2023-12-03
2263,25-34,Алматы,200-400к,2020-07-25
2264,18-24,Алматы,200-400к,2021-06-11
2265,35-44,Караганда,200-400к,2024-06-02
2266,18-24,Караганда,700к+,2021-04-15
2267,35-44,Атырау,400-700к,2021-11-29
2268,35-44,Атырау,200-400к,2023-07-07
2269,35-44,Караганда,400-700к,2021-05-16
2270,45-54,Шымкент,до 200к,2020-04-10
2271,35-44,Павлодар,200-400к,2022-11-21
2272,35-44,Атырау,200-400к,2020-07-11
2273,35-44,Павлодар,200-400к,2022-02-11
2274,45-54,Костанай,700к+,2023-08-13
2275,45-54,Астана,400-700к,2024-01-19
2276,18-24,Актобе,700к+,2025-03-18
2277,35-44,Караганда,200-400к,2024-10-09
2278,25-34,Алматы,200-400к,2020-03-09
2279,45-54,Караганда,400-700к,2022-08-31
2280,35-44,Астана,до 200к,2020-02-15
2281,25-34,Астана,400-700к,2024-05-21
2282,25-34,Алматы,до 200к,2020-05-29
2283,25-34,Актобе,400-700к,2024-04-03
2284,35-44,Караганда,400-700к,2020-01-04
2285,25-34,Шымкент,до 200к,2020-08-09
2286,18-24,Алматы,до 200к,2025-01-30
2287,45-54,Шымкент,200-400к,2021-01-07
2288,35-44,Алматы,до 200к,2022-08-06
2289,25-34,Астана,400-700к,2022-11-06
2290,25-34,Астана,до 200к,2023-10-16
2291,55+,Павлодар,200-400к,2025-02-13
2292,35-44,Астана,до 200к,2022-04-12
2293,35-44,Шымкент,до 200к,2023-04-21
2294,25-34,Павлодар,до 200к,2025-06-17
2295,25-34,Астана,400-700к,2020-08-04
2296,18-24,Павлодар,400-700к,2022-08-17
2297,35-44,Алматы,700к+,2021-08-29
2298,18-24,Астана,200-400к,2025-02-21
2299,18-24,Алматы,до 200к,2023-05-14
2300,35-44,Шымкент,до 200к,2023-07-23
2301,55+,Костанай,200-400к,2021-01-09
2302,35-44,Караганда,до 200к,2025-03-10
2303,25-34,Караганда,до 200к,2020-05-14
2304,25-34,Алматы,200-400к,2022-09-17
2305,25-34,Павлодар,до 200к,2023-10-30
2306,25-34,Астана,200-400к,2024-10-23
2307,35-44,Алматы,200-400к,2021-06-30
2308,25-34,Костанай,400-700к,2021-10-29
2309,35-44,Астана,200-400к,2020-03-16
2310,45-54,Астана,400-700к,2023-08-15
2311,55+,Алматы,200-400к,2021-01-28
2312,18-24,Алматы,до 200к,2023-05-19
2313,25-34,Атырау,200-400к,2020-06-18
2314,25-34,Астана,до 200к,2022-08-31
2315,25-34,Костанай,200-400к,2022-08-15
2316,25-34,Алматы,400-700к,2022-09-29
2317,25-34,Шымкент,400-700к,2021-09-09
2318,35-44,Актобе,до 200к,2020-12-06
2319,25-34,Караганда,до 200к,2024-03-31
2320,45-54,Шымкент,до 200к,2024-12-17
2321,18-24,Шымкент,700к+,2021-07-07
2322,18-24,Караганда,200-400к,2022-06-27
2323,25-34,Атырау,200-400к,2020-08-05
2324,18-24,Астана,до 200к,2020-10-29
2325,25-34,Астана,400-700к,2021-12-06
2326,55+,Караганда,200-400к,2023-11-09
2327,25-34,Астана,до 200к,2023-09-07
2328,25-34,Алматы,200-400к,2023-12-25
2329,35-44,Костанай,400-700к,2020-06-26
2330,25-34,Алматы,200-400к,2020-03-31
2331,35-44,Алматы,700к+,2021-07-04
2332,25-34,Шымкент,400-700к,2021-10-27
2333,45-54,Алматы,200-400к,2022-10-25
2334,18-24,Алматы,700к+,2023-03-14
2335,25-34,Алматы,400-700к,2021-01-11
2336,35-44,Алматы,200-400к,2024-07-01
2337,45-54,Астана,400-700к,2024-02-02
2338,25-34,Атырау,200-400к,2021-09-13
2339,35-44,Астана,200-400к,2023-07-15
2340,18-24,Астана,200-400к,2021-08-22
2341,25-34,Шымкент,400-700к,2020-05-01
2342,18-24,Астана,700к+,2024-01-13
2343,35-44,Астана,200-400к,2020-06-21
2344,25-34,Астана,200-400к,2021-03-14
2345,35-44,Астана,200-400к,2021-08-28
2346,18-24,Астана,400-700к,2024-11-26
2347,45-54,Алматы,200-400к,2023-03-18
2348,45-54,Павлодар,до 200к,2024-04-29
2349,18-24,Костанай,до 200к,2024-12-21
2350,18-24,Атырау,до 200к,2024-11-21
2351,18-24,Алматы,до 200к,2023-05-03
2352,45-54,Актобе,200-400к,2021-12-08
2353,25-34,Шымкент,до 200к,2022-03-18
2354,35-44,Алматы,400-700к,2020-11-27
2355,25-34,Павлодар,200-400к,2023-03-23
2356,45-54,Актобе,200-400к,2023-03-16
2357,25-34,Алматы,400-700к,2025-04-28
2358,35-44,Костанай,200-400к,2021-01-14
2359,55+,Алматы,400-700к,2024-02-22
2360,25-34,Астана,400-700к,2021-06-16
2361,45-54,Алматы,200-400к,2020-06-06
2362,18-24,Алматы,200-400к,2022-03-12
2363,25-34,Костанай,200-400к,2025-04-11
2364,45-54,Шымкент,200-400к,2022-07-14
2365,35-44,Алматы,200-400к,2021-01-06
2366,35-44,Актобе,200-400к,2021-10-06
2367,25-34,Павлодар,200-400к,2023-10-21
2368,25-34,Павлодар,200-400к,2021-07-23
2369,25-34,Павлодар,до 200к,2021-04-08
2370,35-44,Павлодар,до 200к,2021-05-08
2371,25-34,Караганда,200-400к,2020-06-12
2372,25-34,Астана,до 200к,2023-10-12
2373,25-34,Павлодар,400-700к,2021-10-03
2374,25-34,Алматы,700к+,2021-09-03
2375,25-34,Алматы,400-700к,2021-10-18
2376,25-34,Астана,200-400к,2023-10-20
2377,45-54,Астана,200-400к,2024-10-14
2378,35-44,Шымкент,200-400к,2024-01-25
2379,18-24,Павлодар,400-700к,2023-02-09
2380,35-44,Астана,700к+,2023-11-29
2381,45-54,Шымкент,200-400к,2021-03-29
2382,25-34,Астана,до 200к,2025-01-02
2383,25-34,Караганда,200-400к,2023-05-10
2384,18-24,Алматы,700к+,2025-03-23
2385,18-24,Алматы,200-400к,2021-06-19
2386,35-44,Караганда,400-700к,2020-10-20
2387,55+,Шымкент,400-700к,2023-11-30
2388,18-24,Астана,700к+,2021-10-03
2389,35-44,Астана,200-400к,2021-02-19
2390,18-24,Алматы,700к+,2024-04-24
2391,35-44,Караганда,400-700к,2022-12-01
2392,35-44,Астана,400-700к,2024-04-12
2393,25-34,Астана,700к+,2021-05-02
2394,18-24,Павлодар,200-400к,2020-05-21
2395,35-44,Актобе,400-700к,2022-03-30
2396,55+,Алматы,200-400к,2025-04-08
2397,25-34,Караганда,400-700к,2023-03-17
2398,25-34,Алматы,400-700к,2024-09-08
2399,18-24,Алматы,400-700к,2024-08-13
2400,35-44,Актобе,200-400к,2024-12-03
2401,35-44,Алматы,400-700к,2022-07-06
2402,45-54,Астана,400-700к,2021-02-12
2403,35-44,Павлодар,200-400к,2024-12-04
2404,45-54,Актобе,200-400к,2022-09-28
2405,45-54,Павлодар,400-700к,2021-10-02
2406,25-34,Павлодар,400-700к,2022-05-31
2407,35-44,Астана,200-400к,2024-04-14
2408,25-34,Караганда,200-400к,2021-12-21
2409,25-34,Астана,400-700к,2024-07-21
2410,55+,Караганда,400-700к,2021-03-30
2411,35-44,Астана,200-400к,2021-09-27
2412,55+,Алматы,до 200к,2020-10-06
2413,25-34,Алматы,400-700к,2024-10-08
2414,35-44,Актобе,700к+,2024-10-07
2415,25-34,Алматы,200-400к,2021-02-18
2416,18-24,Шымкент,700к+,2022-11-26
2417,25-34,Атырау,200-400к,2024-05-02
2418,35-44,Актобе,до 200к,2023-04-16
2419,18-24,Астана,400-700к,2023-07-14
2420,55+,Алматы,до 200к,2021-06-07
2421,18-24,Павлодар,до 200к,2020-02-28
2422,25-34,Шымкент,700к+,2025-02-13
2423,35-44,Астана,200-400к,2024-12-31
2424,18-24,Костанай,до 200к,2025-02-15
2425,45-54,Алматы,200-400к,2020-03-27
2426,35-44,Астана,200-400к,2023-09-04
2427,18-24,Алматы,200-400к,2021-05-16
2428,35-44,Алматы,200-400к,2021-10-03
2429,35-44,Астана,200-400к,2022-04-05
2430,35-44,Караганда,200-400к,2021-04-10
2431,45-54,Астана,200-400к,2023-04-04
2432,35-44,Караганда,700к+,2023-04-05
2433,35-44,Атырау,200-400к,2025-01-30
2434,25-34,Павлодар,400-700к,2024-07-23
2435,35-44,Алматы,700к+,2023-11-05
2436,55+,Актобе,200-400к,2025-04-17
2437,35-44,Алматы,до 200к,2022-05-06
2438,35-44,Караганда,200-400к,2020-05-16
2439,25-34,Астана,700к+,2024-10-24
2440,35-44,Караганда,до 200к,2021-10-30
2441,55+,Алматы,до 200к,2022-06-11
2442,25-34,Караганда,200-400к,2022-02-21
2443,25-34,Алматы,400-700к,2024-12-27
2444,35-44,Алматы,до 200к,2022-01-08
2445,25-34,Шымкент,200-400к,2023-09-29
2446,35-44,Астана,до 200к,2023-08-28
2447,18-24,Караганда,700к+,2023-01-16
2448,25-34,Караганда,400-700к,2022-12-30
2449,35-44,Караганда,200-400к,2020-05-24
2450,35-44,Актобе,400-700к,2024-11-17
2451,35-44,Атырау,200-400к,2021-10-29
2452,35-44,Павлодар,700к+,2021-03-21
2453,35-44,Алматы,до 200к,2021-03-14
2454,45-54,Шымкент,до 200к,2022-03-09
2455,35-44,Актобе,200-400к,2023-06-01
2456,35-44,Алматы,до 200к,2022-12-18
2457,35-44,Алматы,400-700к,2024-07-28
2458,18-24,Алматы,200-400к,2024-06-21
2459,25-34,Шымкент,до 200к,2021-11-02
2460,35-44,Астана,400-700к,2024-07-04
2461,45-54,Караганда,200-400к,2023-09-25
2462,35-44,Шымкент,200-400к,2024-09-14
2463,18-24,Караганда,до 200к,2020-01-01
2464,35-44,Алматы,700к+,2022-11-04
2465,25-34,Актобе,200-400к,2023-06-04
2466,35-44,Караганда,400-700к,2021-04-28
2467,45-54,Алматы,400-700к,2023-08-03
2468,35-44,Алматы,200-400к,2023-12-23
2469,35-44,Астана,до 200к,2020-10-04
2470,25-34,Павлодар,200-400к,2025-03-24
2471,25-34,Астана,до 200к,2025-03-06
2472,45-54,Алматы,700к+,2021-07-24
2473,35-44,Алматы,до 200к,2021-02-03
2474,35-44,Алматы,200-400к,2021-01-31
2475,25-34,Астана,200-400к,2020-03-14
2476,18-24,Атырау,200-400к,2020-02-14
2477,25-34,Астана,200-400к,2021-09-16
2478,25-34,Атырау,400-700к,2023-08-25
2479,25-34,Алматы,400-700к,2023-09-24
2480,55+,Астана,700к+,2022-12-26
2481,35-44,Актобе,200-400к,2023-07-24
2482,25-34,Караганда,200-400к,2020-09-26
2483,18-24,Атырау,400-700к,2025-06-12
2484,25-34,Алматы,до 200к,2021-02-03
2485,45-54,Шымкент,до 200к,2022-01-03
2486,25-34,Караганда,до 200к,2023-08-17
2487,35-44,Алматы,400-700к,2020-09-11
2488,45-54,Атырау,400-700к,2022-05-22
2489,18-24,Астана,до 200к,2025-02-10
2490,35-44,Алматы,до 200к,2021-04-11
2491,55+,Актобе,до 200к,2023-05-24
2492,25-34,Караганда,200-400к,2023-04-26
2493,18-24,Павлодар,до 200к,2020-06-03
2494,45-54,Павлодар,400-700к,2020-04-15
2495,45-54,Алматы,700к+,2020-10-19
2496,35-44,Караганда,400-700к,2020-02-02
2497,35-44,Костанай,400-700к,2022-11-29
2498,25-34,Алматы,700к+,2021-06-05
2499,45-54,Астана,400-700к,2023-04-11
2500,25-34,Павлодар,200-400к,2021-08-02
2501,18-24,Алматы,400-700к,2021-12-01
2502,35-44,Павлодар,200-400к,2020-07-27
2503,55+,Астана,200-400к,2024-05-09
2504,45-54,Павлодар,до 200к,2020-08-17
2505,25-34,Караганда,200-400к,2024-12-30
2506,18-24,Караганда,400-700к,2020-12-01
2507,55+,Актобе,400-700к,2025-06-04
2508,55+,Алматы,200-400к,2023-12-20
2509,35-44,Караганда,200-400к,2024-07-04
2510,35-44,Павлодар,400-700к,2024-05-31
2511,25-34,Костанай,400-700к,2022-06-10
2512,25-34,Костанай,200-400к,2020-12-29
2513,18-24,Караганда,200-400к,2023-09-15
2514,18-24,Караганда,200-400к,2023-08-06
2515,25-34,Шымкент,700к+,2024-06-02
2516,45-54,Шымкент,до 200к,2021-04-12
2517,25-34,Шымкент,400-700к,2024-06-26
2518,25-34,Алматы,до 200к,2024-10-26
2519,35-44,Алматы,700к+,2024-01-02
2520,25-34,Шымкент,200-400к,2021-06-21
2521,25-34,Астана,400-700к,2021-05-08
2522,35-44,Астана,400-700к,2020-09-16
2523,25-34,Алматы,400-700к,2024-07-16
2524,35-44,Атырау,400-700к,2022-05-28
2525,45-54,Костанай,до 200к,2021-09-05
2526,25-34,Караганда,до 200к,2020-11-04
2527,45-54,Костанай,до 200к,2022-09-15
2528,45-54,Павлодар,400-700к,2021-01-31
2529,45-54,Алматы,400-700к,2024-07-29
2530,35-44,Алматы,до 200к,2021-11-09
2531,35-44,Алматы,400-700к,2022-06-10
2532,35-44,Алматы,200-400к,2023-08-14
2533,35-44,Шымкент,200-400к,2023-10-30
2534,18-24,Астана,200-400к,2020-08-21
2535,55+,Павлодар,400-700к,2020-06-01
2536,35-44,Шымкент,до 200к,2021-07-22
2537,45-54,Астана,700к+,2024-02-02
2538,25-34,Костанай,400-700к,2024-09-12
2539,18-24,Костанай,200-400к,2025-04-28
2540,35-44,Актобе,до 200к,2021-07-01
2541,35-44,Атырау,400-700к,2024-03-07
2542,25-34,Костанай,400-700к,2020-12-02
2543,25-34,Шымкент,200-400к,2021-01-13
2544,25-34,Павлодар,до 200к,2022-12-03
2545,35-44,Алматы,200-400к,2020-07-14
2546,25-34,Шымкент,200-400к,2020-03-07
2547,55+,Шымкент,200-400к,2025-06-13
2548,25-34,Алматы,400-700к,2024-05-26
2549,25-34,Алматы,200-400к,2023-09-13
2550,25-34,Алматы,400-700к,2021-03-20
2551,35-44,Астана,200-400к,2020-06-01
2552,25-34,Алматы,200-400к,2020-09-22
2553,35-44,Астана,700к+,2022-04-22
2554,55+,Атырау,200-400к,2024-06-04
2555,25-34,Шымкент,до 200к,2023-04-02
2556,35-44,Караганда,200-400к,2024-08-12
2557,18-24,Алматы,200-400к,2024-12-23
2558,25-34,Атырау,400-700к,2024-01-09
2559,25-34,Алматы,400-700к,2020-07-18
2560,18-24,Астана,400-700к,2021-04-14
2561,35-44,Шымкент,700к+,2021-11-05
2562,35-44,Павлодар,до 200к,2022-11-19
2563,35-44,Костанай,до 200к,2024-05-04
2564,35-44,Актобе,до 200к,2025-04-22
2565,35-44,Актобе,200-400к,2025-05-20
2566,25-34,Шымкент,до 200к,2022-08-13
2567,18-24,Караганда,до 200к,2025-06-06
2568,18-24,Алматы,700к+,2025-03-14
2569,35-44,Алматы,200-400к,2020-11-29
2570,55+,Костанай,до 200к,2023-09-14
2571,18-24,Костанай,200-400к,2022-05-27
2572,35-44,Астана,до 200к,2024-08-16
2573,35-44,Алматы,до 200к,2024-10-02
2574,45-54,Алматы,200-400к,2021-01-19
2575,35-44,Астана,200-400к,2023-04-22
2576,35-44,Алматы,400-700к,2025-01-27
2577,35-44,Караганда,200-400к,2023-08-27
2578,45-54,Алматы,400-700к,2024-09-02
2579,18-24,Алматы,400-700к,2023-12-17
2580,45-54,Алматы,400-700к,2024-04-19
2581,18-24,Актобе,700к+,2024-08-21
2582,45-54,Астана,200-400к,2025-02-25
2583,18-24,Астана,до 200к,2021-01-31
2584,25-34,Караганда,до 200к,2024-04-26
2585,18-24,Актобе,до 200к,2022-02-06
2586,25-34,Астана,400-700к,2023-02-27
2587,25-34,Актобе,200-400к,2023-08-07
2588,25-34,Астана,до 200к,2023-07-21
2589,25-34,Караганда,до 200к,2021-01-28
2590,25-34,Астана,400-700к,2024-06-29
2591,35-44,Павлодар,200-400к,2023-12-01
2592,45-54,Костанай,до 200к,2024-02-07
2593,35-44,Актобе,400-700к,2023-05-17
2594,18-24,Павлодар,400-700к,2023-03-29
2595,25-34,Алматы,200-400к,2021-07-09
2596,45-54,Караганда,200-400к,2023-04-11
2597,18-24,Алматы,200-400к,2021-07-15
2598,25-34,Алматы,200-400к,2024-10-26
2599,55+,Шымкент,700к+,2020-04-10
2600,55+,Актобе,400-700к,2020-01-20
2601,25-34,Актобе,200-400к,2023-12-28
2602,35-44,Атырау,400-700к,2023-12-06
2603,25-34,Шымкент,700к+,2023-01-24
2604,35-44,Павлодар,до 200к,2023-02-05
2605,18-24,Павлодар,до 200к,2020-03-10
2606,25-34,Атырау,400-700к,2024-08-03
2607,35-44,Алматы,до 200к,2024-08-21
2608,25-34,Шымкент,400-700к,2021-02-14
2609,35-44,Актобе,200-400к,2020-02-01
2610,25-34,Костанай,200-400к,2022-11-16
2611,45-54,Алматы,до 200к,2021-05-20
2612,45-54,Астана,400-700к,2020-09-12
2613,25-34,Астана,до 200к,2020-08-13
2614,35-44,Астана,до 200к,2023-08-11
2615,25-34,Атырау,200-400к,2021-12-19
2616,25-34,Алматы,до 200к,2024-03-07
2617,25-34,Астана,200-400к,2021-09-20
2618,45-54,Актобе,700к+,2023-06-01
2619,45-54,Астана,400-700к,2021-06-28
2620,45-54,Алматы,200-400к,2023-01-14
2621,45-54,Шымкент,200-400к,2023-10-29
2622,55+,Шымкент,700к+,2021-11-17
2623,25-34,Костанай,400-700к,2024-11-10
2624,55+,Актобе,400-700к,2023-07-03
2625,35-44,Костанай,до 200к,2021-02-06
2626,25-34,Алматы,до 200к,2024-12-04
2627,35-44,Актобе,до 200к,2022-09-24
2628,25-34,Шымкент,до 200к,2023-12-13
2629,25-34,Актобе,до 200к,2021-11-22
2630,25-34,Астана,400-700к,2020-02-15
2631,18-24,Алматы,до 200к,2023-01-31
2632,25-34,Алматы,до 200к,2022-10-14
2633,45-54,Атырау,400-700к,2023-12-18
2634,35-44,Атырау,700к+,2024-01-12
2635,35-44,Алматы,до 200к,2023-10-08
2636,25-34,Караганда,до 200к,2022-10-05
2637,25-34,Актобе,400-700к,2020-01-13
2638,25-34,Шымкент,700к+,2023-03-28
2639,45-54,Астана,200-400к,2025-03-14
2640,25-34,Павлодар,200-400к,2024-12-28
2641,35-44,Караганда,200-400к,2020-06-11
2642,35-44,Актобе,400-700к,2024-10-13
2643,35-44,Караганда,до 200к,2020-10-15
2644,45-54,Актобе,200-400к,2020-06-11
2645,25-34,Алматы,400-700к,2020-02-22
2646,45-54,Павлодар,400-700к,2022-10-18
2647,35-44,Астана,до 200к,2020-12-19
2648,45-54,Атырау,400-700к,2023-05-29
2649,35-44,Павлодар,200-400к,2022-07-22
2650,45-54,Караганда,до 200к,2024-08-31
2651,55+,Шымкент,200-400к,2021-02-25
2652,25-34,Алматы,200-400к,2021-06-15
2653,45-54,Астана,700к+,2022-11-01
2654,35-44,Шымкент,до 200к,2020-10-06
2655,25-34,Алматы,400-700к,2022-07-05
2656,45-54,Алматы,200-400к,2023-04-09
2657,25-34,Костанай,400-700к,2023-05-19
2658,35-44,Астана,700к+,2022-07-24
2659,18-24,Астана,700к+,2020-07-21
2660,25-34,Алматы,400-700к,2021-05-30
2661,45-54,Караганда,200-400к,2020-05-22
2662,25-34,Астана,до 200к,2025-02-28
2663,25-34,Атырау,200-400к,2023-03-08
2664,25-34,Шымкент,200-400к,2021-09-27
2665,25-34,Алматы,200-400к,2021-08-26
2666,45-54,Астана,200-400к,2020-04-20
2667,45-54,Алматы,до 200к,2022-08-03
2668,18-24,Атырау,400-700к,2020-04-27
2669,35-44,Алматы,до 200к,2023-11-04
2670,25-34,Алматы,200-400к,2021-02-06
2671,35-44,Астана,200-400к,2020-07-19
2672,25-34,Алматы,200-400к,2020-08-21
2673,25-34,Шымкент,400-700к,2020-02-26
2674,25-34,Астана,200-400к,2022-02-28
2675,35-44,Костанай,400-700к,2020-04-27
2676,35-44,Алматы,200-400к,2020-06-09
2677,25-34,Шымкент,до 200к,2021-03-13
2678,45-54,Актобе,400-700к,2023-01-27
2679,35-44,Алматы,до 200к,2021-03-16
2680,25-34,Караганда,400-700к,2022-03-27
2681,45-54,Атырау,700к+,2022-05-08
2682,45-54,Актобе,до 200к,2023-04-10
2683,25-34,Павлодар,400-700к,2020-04-03
2684,35-44,Актобе,200-400к,2025-06-01
2685,25-34,Астана,до 200к,2020-07-04
2686,35-44,Павлодар,200-400к,2025-06-06
2687,25-34,Алматы,200-400к,2021-07-24
2688,35-44,Шымкент,700к+,2022-04-14
2689,25-34,Актобе,200-400к,2020-05-13
2690,35-44,Павлодар,400-700к,2022-01-04
2691,55+,Павлодар,200-400к,2024-12-02
2692,25-34,Алматы,до 200к,2023-09-25
2693,45-54,Актобе,200-400к,2023-05-31
2694,55+,Алматы,400-700к,2022-01-05
2695,45-54,Актобе,400-700к,2025-01-25
2696,25-34,Караганда,700к+,2024-04-05
2697,45-54,Алматы,до 200к,2021-05-19
2698,18-24,Атырау,200-400к,2023-04-18
2699,25-34,Астана,до 200к,2022-03-03
2700,45-54,Шымкент,400-700к,2021-02-02
2701,35-44,Костанай,до 200к,2023-08-04
2702,35-44,Караганда,до 200к,2022-04-09
2703,25-34,Шымкент,400-700к,2020-07-14
2704,45-54,Алматы,200-400к,2024-09-23
2705,35-44,Алматы,400-700к,2023-04-27
2706,25-34,Алматы,700к+,2023-01-11
2707,45-54,Астана,200-400к,2025-06-22
2708,25-34,Астана,200-400к,2023-11-20
2709,25-34,Шымкент,700к+,2025-05-12
2710,35-44,Караганда,400-700к,2023-11-20
2711,55+,Алматы,до 200к,2020-12-04
2712,25-34,Шымкент,400-700к,2022-08-22
2713,25-34,Павлодар,200-400к,2022-10-15
2714,18-24,Алматы,400-700к,2021-08-13
2715,45-54,Караганда,200-400к,2021-09-10
2716,25-34,Алматы,до 200к,2023-04-07
2717,35-44,Шымкент,400-700к,2022-04-03
2718,55+,Актобе,до 200к,2020-08-14
2719,18-24,Алматы,400-700к,2023-03-08
2720,35-44,Астана,400-700к,2023-04-09
2721,35-44,Павлодар,700к+,2024-06-21
2722,45-54,Алматы,до 200к,2020-07-24
2723,25-34,Актобе,200-400к,2022-07-03
2724,25-34,Шымкент,до 200к,2024-12-08
2725,25-34,Алматы,200-400к,2021-06-13
2726,35-44,Актобе,200-400к,2024-01-27
2727,45-54,Шымкент,200-400к,2021-11-18
2728,18-24,Алматы,200-400к,2020-12-28
2729,25-34,Костанай,700к+,2023-11-22
2730,45-54,Астана,до 200к,2024-04-18
2731,18-24,Актобе,200-400к,2025-01-03
2732,25-34,Алматы,400-700к,2023-12-22
2733,35-44,Алматы,до 200к,2021-09-05
2734,25-34,Актобе,400-700к,2023-12-27
2735,25-34,Караганда,400-700к,2020-03-05
2736,25-34,Алматы,400-700к,2021-11-01
2737,25-34,Актобе,200-400к,2021-03-02
2738,35-44,Шымкент,400-700к,2022-11-11
2739,35-44,Астана,700к+,2023-10-12
2740,35-44,Актобе,до 200к,2023-03-17
2741,18-24,Шымкент,200-400к,2020-12-28
2742,45-54,Шымкент,400-700к,2022-01-23
2743,25-34,Актобе,до 200к,2020-06-29
2744,35-44,Шымкент,200-400к,2023-01-25
2745,25-34,Павлодар,200-400к,2024-01-26
2746,45-54,Атырау,до 200к,2021-05-03
2747,25-34,Астана,200-400к,2022-11-21
2748,25-34,Астана,400-700к,2024-10-15
2749,25-34,Костанай,до 200к,2020-08-16
2750,18-24,Павлодар,до 200к,2025-04-04
2751,25-34,Алматы,400-700к,2021-10-25
2752,35-44,Алматы,400-700к,2021-10-15
2753,45-54,Астана,200-400к,2023-11-29
2754,18-24,Павлодар,200-400к,2021-11-15
2755,45-54,Павлодар,до 200к,2022-03-23
2756,45-54,Атырау,400-700к,2021-03-08
2757,45-54,Алматы,до 200к,2020-09-26
2758,35-44,Павлодар,700к+,2024-09-25
2759,35-44,Алматы,400-700к,2020-07-13
2760,35-44,Астана,до 200к,2020-11-22
2761,35-44,Астана,200-400к,2024-07-07
2762,45-54,Шымкент,700к+,2024-05-16
2763,18-24,Шымкент,400-700к,2021-03-07
2764,25-34,Алматы,200-400к,2024-07-22
2765,18-24,Алматы,до 200к,2023-12-21
2766,55+,Атырау,400-700к,2021-09-24
2767,25-34,Алматы,200-400к,2020-06-07
2768,35-44,Астана,200-400к,2024-04-02
2769,45-54,Алматы,до 200к,2023-09-23
2770,55+,Астана,700к+,2022-06-24
2771,25-34,Алматы,200-400к,2021-07-02
2772,45-54,Караганда,до 200к,2021-11-27
2773,45-54,Астана,до 200к,2021-06-29
2774,18-24,Астана,до 200к,2024-11-21
2775,35-44,Атырау,200-400к,2021-02-11
2776,25-34,Алматы,до 200к,2022-06-26
2777,35-44,Актобе,200-400к,2023-07-05
2778,35-44,Алматы,до 200к,2020-04-20
2779,25-34,Павлодар,до 200к,2022-09-30
2780,18-24,Алматы,до 200к,2023-06-23
2781,18-24,Шымкент,200-400к,2022-11-21
2782,18-24,Караганда,200-400к,2023-08-09
2783,35-44,Шымкент,200-400к,2022-09-03
2784,25-34,Атырау,400-700к,2023-06-23
2785,25-34,Алматы,200-400к,2025-05-09
2786,35-44,Астана,400-700к,2021-12-21
2787,35-44,Атырау,до 200к,2021-12-14
2788,35-44,Павлодар,200-400к,2023-09-19
2789,55+,Астана,до 200к,2020-06-28
2790,25-34,Шымкент,200-400к,2021-08-05
2791,45-54,Актобе,200-400к,2020-11-29
2792,18-24,Актобе,400-700к,2022-07-17
2793,35-44,Павлодар,200-400к,2020-08-31
2794,55+,Атырау,200-400к,2021-03-09
2795,45-54,Астана,до 200к,2022-04-30
2796,35-44,Караганда,700к+,2023-05-11
2797,35-44,Астана,до 200к,2022-05-10
2798,25-34,Алматы,до 200к,2024-06-09
2799,35-44,Атырау,до 200к,2024-05-18
2800,35-44,Шымкент,700к+,2020-07-14
2801,55+,Алматы,700к+,2023-10-22
2802,25-34,Караганда,200-400к,2020-02-24
2803,18-24,Астана,до 200к,2020-12-12
2804,35-44,Алматы,400-700к,2024-03-02
2805,18-24,Шымкент,200-400к,2023-03-11
2806,25-34,Актобе,до 200к,2021-10-07
2807,25-34,Шымкент,200-400к,2020-11-03
2808,35-44,Алматы,200-400к,2021-10-09
2809,25-34,Шымкент,200-400к,2024-04-07
2810,25-34,Алматы,200-400к,2023-02-03
2811,18-24,Павлодар,400-700к,2020-09-17
2812,45-54,Алматы,200-400к,2022-08-31
2813,35-44,Павлодар,до 200к,2021-02-06
2814,18-24,Алматы,до 200к,2020-08-31
2815,18-24,Алматы,400-700к,2020-06-22
2816,35-44,Астана,до 200к,2024-02-29
2817,25-34,Актобе,200-400к,2020-11-16
2818,35-44,Костанай,до 200к,2020-12-18
2819,25-34,Шымкент,до 200к,2024-09-28
2820,45-54,Астана,200-400к,2024-07-10
2821,25-34,Алматы,до 200к,2022-10-01
2822,35-44,Шымкент,200-400к,2024-03-08
2823,18-24,Астана,200-400к,2020-02-15
2824,55+,Павлодар,400-700к,2020-11-30
2825,55+,Астана,200-400к,2021-12-08
2826,35-44,Актобе,до 200к,2024-02-25
2827,25-34,Атырау,400-700к,2020-06-30
2828,25-34,Алматы,700к+,2023-08-14
2829,45-54,Астана,до 200к,2020-05-20
2830,35-44,Павлодар,200-400к,2025-05-17
2831,25-34,Астана,200-400к,2021-02-21
2832,25-34,Шымкент,200-400к,2023-11-24
2833,25-34,Павлодар,до 200к,2023-05-30
2834,45-54,Алматы,до 200к,2022-02-19
2835,35-44,Павлодар,до 200к,2024-03-06
2836,35-44,Астана,до 200к,2023-05-25
2837,35-44,Шымкент,200-400к,2022-06-19
2838,25-34,Астана,400-700к,2023-08-16
2839,25-34,Шымкент,200-400к,2021-07-27
2840,18-24,Алматы,200-400к,2024-01-31
2841,45-54,Алматы,до 200к,2023-11-02
2842,25-34,Астана,200-400к,2022-07-26
2843,25-34,Астана,400-700к,2023-08-08
2844,25-34,Шымкент,400-700к,2024-07-13
2845,25-34,Алматы,200-400к,2023-07-08
2846,35-44,Алматы,200-400к,2021-07-27
2847,25-34,Алматы,до 200к,2021-07-07
2848,18-24,Астана,700к+,2025-04-10
2849,35-44,Алматы,200-400к,2024-06-04
2850,25-34,Алматы,200-400к,2021-09-12
2851,25-34,Шымкент,200-400к,2023-12-04
2852,25-34,Актобе,до 200к,2020-03-16
2853,45-54,Караганда,200-400к,2023-10-16
2854,25-34,Алматы,700к+,2021-02-04
2855,35-44,Атырау,до 200к,2021-09-14
2856,55+,Шымкент,до 200к,2025-01-28
2857,35-44,Шымкент,до 200к,2020-10-05
2858,25-34,Алматы,до 200к,2024-04-29
2859,35-44,Алматы,700к+,2022-03-17
2860,25-34,Астана,400-700к,2022-05-28
2861,25-34,Алматы,700к+,2022-07-12
2862,35-44,Караганда,400-700к,2024-12-15
2863,25-34,Астана,200-400к,2022-09-27
2864,18-24,Алматы,200-400к,2021-05-08
2865,25-34,Алматы,200-400к,2020-01-15
2866,18-24,Алматы,400-700к,2021-04-12
2867,25-34,Астана,400-700к,2020-11-13
2868,35-44,Алматы,200-400к,2020-09-14
2869,55+,Шымкент,200-400к,2025-06-08
2870,18-24,Астана,200-400к,2022-06-03
2871,35-44,Шымкент,до 200к,2025-06-21
2872,25-34,Павлодар,200-400к,2022-10-25
2873,18-24,Атырау,200-400к,2021-03-14
2874,25-34,Шымкент,200-400к,2020-10-17
2875,18-24,Астана,200-400к,2024-02-28
2876,25-34,Караганда,400-700к,2020-08-17
2877,25-34,Павлодар,400-700к,2020-04-13
2878,25-34,Астана,200-400к,2022-02-19
2879,35-44,Алматы,200-400к,2021-09-22
2880,18-24,Актобе,до 200к,2021-04-10
2881,25-34,Алматы,до 200к,2022-10-24
2882,18-24,Актобе,до 200к,2023-02-22
2883,35-44,Алматы,400-700к,2022-05-18
2884,25-34,Алматы,400-700к,2022-11-14
2885,35-44,Актобе,до 200к,2023-08-29
2886,25-34,Караганда,400-700к,2020-11-20
2887,18-24,Шымкент,200-400к,2022-01-09
2888,55+,Атырау,400-700к,2020-01-27
2889,18-24,Атырау,200-400к,2025-04-21
2890,18-24,Астана,400-700к,2023-07-13
2891,25-34,Костанай,200-400к,2024-05-24
2892,55+,Астана,до 200к,2024-03-25
2893,35-44,Алматы,до 200к,2020-01-13
2894,35-44,Атырау,400-700к,2022-09-03
2895,55+,Астана,700к+,2024-10-05
2896,18-24,Павлодар,200-400к,2023-02-25
2897,55+,Алматы,400-700к,2023-04-10
2898,25-34,Алматы,до 200к,2025-04-07
2899,35-44,Алматы,400-700к,2024-02-08
2900,25-34,Шымкент,400-700к,2024-03-15
2901,25-34,Атырау,200-400к,2024-05-16
2902,55+,Астана,200-400к,2021-10-29
2903,25-34,Алматы,до 200к,2025-04-30
2904,55+,Астана,до 200к,2024-08-27
2905,25-34,Астана,до 200к,2020-03-06
2906,35-44,Караганда,400-700к,2023-01-01
2907,55+,Караганда,400-700к,2021-05-09
2908,18-24,Алматы,до 200к,2022-11-09
2909,45-54,Астана,700к+,2024-06-04
2910,35-44,Караганда,400-700к,2023-10-15
2911,35-44,Алматы,200-400к,2024-05-18
2912,25-34,Астана,700к+,2022-05-08
2913,35-44,Шымкент,400-700к,2020-06-03
2914,35-44,Астана,до 200к,2024-10-27
2915,25-34,Алматы,700к+,2020-06-07
2916,25-34,Алматы,200-400к,2020-11-30
2917,25-34,Актобе,до 200к,2023-12-16
2918,45-54,Алматы,до 200к,2022-04-23
2919,18-24,Атырау,400-700к,2022-08-10
2920,35-44,Астана,700к+,2020-05-09
2921,55+,Астана,200-400к,2020-12-07
2922,18-24,Актобе,200-400к,2023-11-11
2923,25-34,Астана,200-400к,2023-02-06
2924,35-44,Алматы,400-700к,2021-06-24
2925,18-24,Алматы,до 200к,2022-03-11
2926,35-44,Караганда,200-400к,2022-04-30
2927,35-44,Астана,200-400к,2025-01-19
2928,35-44,Атырау,до 200к,2024-11-07
2929,25-34,Астана,700к+,2022-08-17
2930,35-44,Астана,700к+,2021-01-07
2931,35-44,Астана,200-400к,2023-02-09
2932,25-34,Алматы,400-700к,2020-01-05
2933,35-44,Атырау,400-700к,2023-07-17
2934,45-54,Алматы,до 200к,2023-03-02
2935,35-44,Павлодар,до 200к,2024-12-02
2936,25-34,Алматы,400-700к,2022-05-25
2937,25-34,Шымкент,200-400к,2023-01-28
2938,18-24,Алматы,200-400к,2020-04-19
2939,25-34,Актобе,200-400к,2024-07-07
2940,18-24,Алматы,400-700к,2021-08-15
2941,55+,Шымкент,до 200к,2024-02-23
2942,25-34,Павлодар,до 200к,2021-04-23
2943,45-54,Караганда,до 200к,2021-11-26
2944,25-34,Алматы,200-400к,2021-06-05
2945,25-34,Атырау,400-700к,2024-12-02
2946,25-34,Астана,400-700к,2024-04-28
2947,25-34,Алматы,200-400к,2023-11-09
2948,45-54,Астана,200-400к,2021-09-01
2949,55+,Атырау,до 200к,2024-01-07
2950,45-54,Астана,200-400к,2022-09-06
2951,25-34,Актобе,700к+,2023-11-30
2952,35-44,Караганда,до 200к,2021-06-15
2953,25-34,Астана,400-700к,2022-12-14
2954,45-54,Астана,до 200к,2025-03-16
2955,35-44,Актобе,200-400к,2020-06-05
2956,25-34,Астана,200-400к,2024-03-28
2957,25-34,Алматы,400-700к,2023-10-27
2958,18-24,Астана,200-400к,2022-04-26
2959,25-34,Павлодар,400-700к,2024-12-24
2960,45-54,Астана,400-700к,2023-12-24
2961,45-54,Алматы,200-400к,2022-11-21
2962,55+,Алматы,200-400к,2021-09-21
2963,18-24,Алматы,200-400к,2023-10-05
2964,35-44,Костанай,200-400к,2020-06-13
2965,25-34,Шымкент,200-400к,2021-05-29
2966,35-44,Актобе,200-400к,2022-05-11
2967,25-34,Актобе,200-400к,2021-03-24
2968,25-34,Астана,до 200к,2023-02-03
2969,35-44,Атырау,до 200к,2024-10-09
2970,25-34,Костанай,200-400к,2021-11-29
2971,25-34,Актобе,400-700к,2022-03-25
2972,35-44,Актобе,400-700к,2022-03-14
2973,18-24,Астана,700к+,2023-12-20
2974,55+,Атырау,200-400к,2023-11-29
2975,35-44,Алматы,до 200к,2021-04-13
2976,45-54,Актобе,200-400к,2024-11-25
2977,35-44,Астана,400-700к,2023-07-18
2978,35-44,Шымкент,200-400к,2024-11-23
2979,35-44,Павлодар,200-400к,2024-10-16
2980,45-54,Шымкент,200-400к,2023-02-25
2981,35-44,Алматы,до 200к,2023-11-08
2982,25-34,Актобе,до 200к,2023-06-12
2983,18-24,Павлодар,до 200к,2023-05-03
2984,35-44,Караганда,200-400к,2022-12-01
2985,18-24,Атырау,400-700к,2021-04-07
2986,25-34,Атырау,до 200к,2022-01-12
2987,18-24,Атырау,до 200к,2023-11-11
2988,35-44,Астана,400-700к,2024-01-16
2989,25-34,Астана,400-700к,2022-07-23
2990,35-44,Атырау,200-400к,2020-08-10
2991,45-54,Павлодар,200-400к,2020-09-25
2992,45-54,Алматы,200-400к,2024-11-23
2993,25-34,Алматы,200-400к,2020-09-08
2994,35-44,Астана,400-700к,2021-07-21
2995,35-44,Актобе,до 200к,2020-05-05
2996,25-34,Павлодар,700к+,2021-03-13
2997,35-44,Шымкент,200-400к,2024-08-05
2998,25-34,Алматы,400-700к,2021-07-01
2999,55+,Астана,до 200к,2024-07-28
3000,18-24,Атырау,700к+,2024-06-11
3001,45-54,Астана,200-400к,2023-11-01
3002,35-44,Алматы,200-400к,2021-06-21
3003,25-34,Астана,200-400к,2025-06-17
3004,35-44,Атырау,до 200к,2023-05-04
3005,18-24,Астана,до 200к,2024-03-19
3006,35-44,Алматы,до 200к,2021-11-17
3007,35-44,Астана,до 200к,2023-08-19
3008,18-24,Костанай,200-400к,2023-08-05
3009,18-24,Астана,200-400к,2023-04-09
3010,35-44,Астана,400-700к,2023-03-29
3011,25-34,Алматы,200-400к,2023-11-07
3012,45-54,Астана,до 200к,2025-06-18
3013,35-44,Атырау,200-400к,2024-10-04
3014,35-44,Актобе,200-400к,2021-09-13
3015,25-34,Астана,400-700к,2024-11-12
3016,35-44,Павлодар,200-400к,2021-11-30
3017,55+,Астана,700к+,2021-05-12
3018,18-24,Атырау,400-700к,2021-02-01
3019,25-34,Алматы,400-700к,2023-11-08
3020,25-34,Астана,200-400к,2022-07-16
3021,25-34,Атырау,200-400к,2024-07-13
3022,35-44,Павлодар,700к+,2024-08-01
3023,25-34,Актобе,700к+,2022-12-12
3024,35-44,Караганда,400-700к,2021-02-25
3025,25-34,Атырау,400-700к,2020-08-11
3026,25-34,Караганда,700к+,2025-04-06
3027,25-34,Алматы,400-700к,2021-09-06
3028,45-54,Астана,до 200к,2020-01-27
3029,35-44,Караганда,200-400к,2022-03-04
3030,25-34,Шымкент,200-400к,2024-05-29
3031,45-54,Павлодар,400-700к,2020-07-01
3032,18-24,Астана,200-400к,2023-10-15
3033,25-34,Алматы,200-400к,2022-04-11
3034,25-34,Алматы,700к+,2024-12-15
3035,55+,Атырау,200-400к,2022-06-16
3036,35-44,Алматы,до 200к,2022-11-09
3037,35-44,Атырау,400-700к,2022-07-02
3038,18-24,Алматы,200-400к,2023-09-23
3039,25-34,Астана,до 200к,2020-05-21
3040,35-44,Атырау,200-400к,2020-04-08
3041,25-34,Астана,700к+,2023-03-10
3042,45-54,Атырау,200-400к,2022-02-27
3043,35-44,Алматы,200-400к,2020-11-30
3044,25-34,Шымкент,200-400к,2024-03-21
3045,35-44,Шымкент,400-700к,2024-02-07
3046,55+,Павлодар,200-400к,2020-08-05
3047,25-34,Алматы,200-400к,2021-01-03
3048,35-44,Астана,400-700к,2024-04-13
3049,45-54,Караганда,700к+,2022-08-14
3050,25-34,Костанай,200-400к,2021-09-08
3051,45-54,Атырау,200-400к,2022-11-24
3052,18-24,Атырау,400-700к,2021-12-06
3053,35-44,Шымкент,до 200к,2020-07-06
3054,45-54,Шымкент,400-700к,2023-07-18
3055,35-44,Атырау,200-400к,2023-10-24
3056,25-34,Атырау,до 200к,2020-06-05
3057,35-44,Атырау,до 200к,2021-05-13
3058,25-34,Атырау,до 200к,2023-06-03
3059,25-34,Павлодар,400-700к,2024-02-23
3060,25-34,Алматы,200-400к,2025-01-01
3061,35-44,Астана,400-700к,2023-04-22
3062,25-34,Костанай,400-700к,2020-07-06
3063,25-34,Шымкент,200-400к,2021-12-06
3064,45-54,Алматы,700к+,2021-05-20
3065,25-34,Шымкент,400-700к,2025-05-29
3066,25-34,Караганда,200-400к,2020-01-28
3067,25-34,Атырау,400-700к,2022-01-21
3068,25-34,Атырау,400-700к,2022-11-01
3069,35-44,Алматы,200-400к,2021-08-21
3070,25-34,Астана,до 200к,2024-01-01
3071,18-24,Алматы,200-400к,2020-09-19
3072,55+,Павлодар,700к+,2025-01-26
3073,45-54,Алматы,400-700к,2022-03-11
3074,35-44,Караганда,400-700к,2022-01-06
3075,45-54,Шымкент,700к+,2025-01-20
3076,45-54,Караганда,до 200к,2020-10-24
3077,25-34,Шымкент,700к+,2022-07-27
3078,35-44,Актобе,200-400к,2020-02-28
3079,35-44,Караганда,400-700к,2022-10-20
3080,25-34,Алматы,200-400к,2021-10-12
3081,25-34,Астана,200-400к,2024-01-20
3082,18-24,Шымкент,200-400к,2022-10-21
3083,35-44,Астана,200-400к,2023-06-04
3084,45-54,Актобе,до 200к,2024-12-06
3085,35-44,Астана,200-400к,2025-03-15
3086,25-34,Атырау,200-400к,2021-03-08
3087,25-34,Алматы,700к+,2022-10-01
3088,25-34,Актобе,до 200к,2024-04-11
3089,35-44,Алматы,до 200к,2020-09-11
3090,45-54,Шымкент,200-400к,2022-08-19
3091,45-54,Астана,400-700к,2023-01-19
3092,45-54,Караганда,200-400к,2024-10-01
3093,45-54,Алматы,700к+,2020-06-25
3094,55+,Атырау,до 200к,2024-09-22
3095,25-34,Шымкент,200-400к,2021-04-20
3096,18-24,Костанай,700к+,2024-09-11
3097,18-24,Актобе,200-400к,2023-08-02
3098,25-34,Шымкент,200-400к,2022-03-13
3099,25-34,Атырау,700к+,2020-09-24
3100,25-34,Алматы,200-400к,2021-11-23
3101,55+,Караганда,до 200к,2024-01-19
3102,25-34,Астана,до 200к,2021-02-18
3103,55+,Актобе,400-700к,2023-09-01
3104,35-44,Алматы,400-700к,2021-04-01
3105,35-44,Астана,до 200к,2020-06-11
3106,35-44,Караганда,200-400к,2023-05-17
3107,25-34,Астана,200-400к,2024-06-12
3108,35-44,Алматы,до 200к,2025-04-07
3109,25-34,Астана,400-700к,2022-09-30
3110,55+,Атырау,200-400к,2023-04-26
3111,25-34,Алматы,400-700к,2023-09-24
3112,25-34,Астана,400-700к,2022-04-04
3113,35-44,Костанай,до 200к,2020-03-13
3114,35-44,Павлодар,400-700к,2021-04-29
3115,25-34,Алматы,400-700к,2022-01-28
3116,35-44,Шымкент,200-400к,2023-07-27
3117,25-34,Алматы,до 200к,2021-09-01
3118,35-44,Павлодар,400-700к,2021-02-25
3119,25-34,Астана,200-400к,2024-12-15
3120,25-34,Астана,400-700к,2020-07-05
3121,25-34,Алматы,200-400к,2024-04-25
3122,25-34,Шымкент,400-700к,2020-07-06
3123,25-34,Алматы,400-700к,2021-10-02
3124,25-34,Атырау,200-400к,2024-08-27
3125,25-34,Астана,до 200к,2024-08-10
3126,25-34,Шымкент,200-400к,2022-02-03
3127,35-44,Атырау,400-700к,2020-02-05
3128,18-24,Алматы,до 200к,2025-02-23
3129,35-44,Алматы,400-700к,2024-11-12
3130,55+,Астана,до 200к,2022-09-20
3131,25-34,Актобе,400-700к,2020-02-27
3132,45-54,Алматы,до 200к,2023-10-15
3133,18-24,Атырау,400-700к,2024-04-15
3134,18-24,Шымкент,200-400к,2024-07-11
3135,35-44,Шымкент,200-400к,2024-01-01
3136,35-44,Шымкент,700к+,2024-10-14
3137,45-54,Алматы,до 200к,2022-10-17
3138,18-24,Алматы,до 200к,2020-11-21
3139,35-44,Актобе,до 200к,2023-10-10
3140,25-34,Астана,200-400к,2021-03-09
3141,25-34,Шымкент,400-700к,2023-06-13
3142,25-34,Костанай,до 200к,2020-10-27
3143,55+,Алматы,400-700к,2020-03-19
3144,18-24,Астана,200-400к,2022-06-10
3145,45-54,Астана,700к+,2023-03-30
3146,35-44,Алматы,200-400к,2020-11-06
3147,35-44,Костанай,700к+,2024-04-18
3148,35-44,Костанай,200-400к,2023-07-25
3149,45-54,Астана,700к+,2024-05-19
3150,25-34,Костанай,200-400к,2021-12-26
3151,18-24,Алматы,200-400к,2023-08-11
3152,35-44,Костанай,400-700к,2025-04-12
3153,25-34,Атырау,200-400к,2020-12-30
3154,18-24,Алматы,200-400к,2024-06-21
3155,25-34,Шымкент,200-400к,2023-06-12
3156,25-34,Атырау,400-700к,2023-12-19
3157,18-24,Астана,400-700к,2023-06-05
3158,18-24,Астана,до 200к,2023-10-09
3159,45-54,Караганда,400-700к,2024-04-08
3160,25-34,Алматы,200-400к,2020-03-20
3161,55+,Алматы,до 200к,2020-03-04
3162,55+,Алматы,до 200к,2020-06-16
3163,25-34,Актобе,до 200к,2025-02-02
3164,35-44,Астана,200-400к,2022-05-14
3165,35-44,Шымкент,до 200к,2025-06-05
3166,35-44,Алматы,до 200к,2025-01-03
3167,18-24,Алматы,200-400к,2021-11-20
3168,25-34,Караганда,400-700к,2020-07-07
3169,18-24,Алматы,200-400к,2024-08-12
3170,35-44,Караганда,200-400к,2022-04-20
3171,55+,Астана,400-700к,2021-08-18
3172,35-44,Караганда,до 200к,2024-05-06
3173,35-44,Астана,400-700к,2022-08-22
3174,55+,Атырау,до 200к,2021-10-01
3175,35-44,Алматы,до 200к,2022-03-03
3176,18-24,Павлодар,200-400к,2025-02-01
3177,45-54,Алматы,до 200к,2021-08-27
3178,25-34,Алматы,до 200к,2025-02-12
3179,18-24,Шымкент,400-700к,2023-03-24
3180,35-44,Алматы,200-400к,2020-04-23
3181,55+,Астана,до 200к,2020-08-13
3182,25-34,Атырау,200-400к,2023-05-17
3183,25-34,Атырау,400-700к,2020-09-30
3184,25-34,Шымкент,700к+,2020-10-18
3185,18-24,Костанай,до 200к,2022-07-14
3186,18-24,Астана,400-700к,2022-06-01
3187,35-44,Алматы,400-700к,2025-02-25
3188,45-54,Атырау,200-400к,2024-11-30
3189,25-34,Алматы,до 200к,2025-02-02
3190,25-34,Алматы,200-400к,2020-05-26
3191,25-34,Алматы,до 200к,2024-05-26
3192,18-24,Астана,400-700к,2025-02-17
3193,35-44,Астана,400-700к,2023-05-08
3194,35-44,Астана,до 200к,2025-06-11
3195,35-44,Шымкент,до 200к,2024-05-24
3196,25-34,Актобе,700к+,2023-09-02
3197,35-44,Павлодар,200-400к,2022-03-22
3198,18-24,Алматы,200-400к,2021-12-13
3199,25-34,Алматы,700к+,2022-03-01
3200,55+,Шымкент,до 200к,2021-05-17
3201,35-44,Алматы,200-400к,2023-03-03
3202,45-54,Астана,400-700к,2022-05-15
3203,45-54,Караганда,200-400к,2021-08-17
3204,35-44,Актобе,200-400к,2020-12-25
3205,45-54,Алматы,400-700к,2022-10-29
3206,25-34,Караганда,до 200к,2020-02-10
3207,18-24,Караганда,до 200к,2022-01-17
3208,18-24,Атырау,200-400к,2020-05-05
3209,18-24,Астана,400-700к,2021-11-02
3210,18-24,Актобе,200-400к,2023-08-20
3211,25-34,Актобе,до 200к,2023-06-29
3212,35-44,Алматы,200-400к,2020-02-11
3213,45-54,Караганда,200-400к,2023-11-17
3214,35-44,Караганда,400-700к,2021-08-25
3215,25-34,Алматы,400-700к,2022-08-09
3216,35-44,Астана,200-400к,2023-09-14
3217,25-34,Астана,400-700к,2020-03-13
3218,18-24,Актобе,400-700к,2020-12-15
3219,25-34,Алматы,400-700к,2020-11-26
3220,25-34,Шымкент,200-400к,2021-10-26
3221,25-34,Алматы,до 200к,2020-02-01
3222,45-54,Караганда,200-400к,2020-03-03
3223,35-44,Караганда,200-400к,2022-10-21
3224,35-44,Шымкент,200-400к,2020-08-12
3225,18-24,Шымкент,до 200к,2022-05-21
3226,45-54,Астана,до 200к,2021-03-27
3227,35-44,Астана,до 200к,2025-06-13
3228,25-34,Актобе,до 200к,2020-09-09
3229,35-44,Алматы,до 200к,2022-08-18
3230,25-34,Актобе,до 200к,2022-08-02
3231,25-34,Караганда,до 200к,2024-01-17
3232,18-24,Павлодар,до 200к,2020-09-10
3233,35-44,Алматы,700к+,2025-04-12
3234,18-24,Шымкент,200-400к,2021-09-02
3235,25-34,Алматы,200-400к,2020-03-10
3236,18-24,Павлодар,400-700к,2023-12-18
3237,55+,Караганда,200-400к,2022-12-20
3238,25-34,Караганда,до 200к,2023-07-31
3239,25-34,Актобе,200-400к,2024-12-27
3240,25-34,Астана,200-400к,2022-02-04
3241,45-54,Шымкент,200-400к,2024-12-20
3242,35-44,Атырау,до 200к,2025-02-05
3243,45-54,Алматы,200-400к,2022-12-31
3244,25-34,Костанай,до 200к,2024-04-23
3245,18-24,Павлодар,до 200к,2020-03-08
3246,35-44,Костанай,400-700к,2023-04-29
3247,25-34,Атырау,до 200к,2020-06-09
3248,45-54,Астана,200-400к,2022-05-23
3249,45-54,Шымкент,до 200к,2024-02-08
3250,25-34,Алматы,400-700к,2020-04-30
3251,55+,Актобе,200-400к,2022-03-23
3252,35-44,Алматы,400-700к,2022-04-05
3253,25-34,Атырау,200-400к,2021-04-21
3254,25-34,Алматы,700к+,2022-12-26
3255,18-24,Алматы,до 200к,2024-06-04
3256,45-54,Алматы,400-700к,2025-06-05
3257,18-24,Актобе,200-400к,2024-12-17
3258,25-34,Алматы,200-400к,2025-03-18
3259,35-44,Алматы,400-700к,2021-02-11
3260,18-24,Алматы,700к+,2020-08-12
3261,18-24,Астана,400-700к,2020-12-31
3262,35-44,Костанай,200-400к,2025-05-12
3263,18-24,Астана,200-400к,2021-03-13
3264,25-34,Алматы,до 200к,2024-02-18
3265,25-34,Алматы,200-400к,2022-03-22
3266,25-34,Алматы,200-400к,2023-09-25
3267,25-34,Астана,до 200к,2024-02-14
3268,35-44,Алматы,до 200к,2024-12-12
3269,55+,Алматы,700к+,2020-06-22
3270,25-34,Алматы,до 200к,2021-10-12
3271,55+,Астана,200-400к,2020-08-24
3272,35-44,Актобе,до 200к,2022-03-09
3273,35-44,Алматы,200-400к,2021-12-30
3274,35-44,Караганда,до 200к,2024-10-07
3275,35-44,Караганда,400-700к,2023-11-07
3276,45-54,Павлодар,до 200к,2020-07-26
3277,25-34,Алматы,до 200к,2022-06-10
3278,35-44,Атырау,до 200к,2023-11-19
3279,25-34,Атырау,до 200к,2024-01-21
3280,18-24,Костанай,200-400к,2024-06-07
3281,35-44,Атырау,до 200к,2021-03-25
3282,18-24,Алматы,400-700к,2024-11-05
3283,25-34,Костанай,200-400к,2024-12-12
3284,18-24,Атырау,до 200к,2021-03-14
3285,25-34,Алматы,до 200к,2023-08-13
3286,35-44,Алматы,200-400к,2023-09-20
3287,35-44,Павлодар,200-400к,2024-10-24
3288,25-34,Алматы,200-400к,2020-06-20
3289,18-24,Актобе,400-700к,2021-04-09
3290,25-34,Астана,до 200к,2024-09-17
3291,25-34,Актобе,200-400к,2020-03-12
3292,35-44,Алматы,200-400к,2022-08-21
3293,35-44,Актобе,до 200к,2021-08-10
3294,25-34,Шымкент,200-400к,2023-06-02
3295,25-34,Павлодар,200-400к,2022-08-04
3296,55+,Алматы,200-400к,2024-08-29
3297,35-44,Алматы,200-400к,2020-06-03
3298,25-34,Алматы,до 200к,2022-10-09
3299,25-34,Алматы,200-400к,2022-11-03
3300,18-24,Костанай,400-700к,2022-10-14
3301,55+,Алматы,200-400к,2020-06-03
3302,25-34,Алматы,200-400к,2022-07-18
3303,25-34,Атырау,200-400к,2024-10-27
3304,55+,Алматы,200-400к,2023-04-16
3305,35-44,Алматы,до 200к,2020-08-06
3306,18-24,Караганда,200-400к,2023-12-05
3307,18-24,Астана,200-400к,2025-01-31
3308,18-24,Атырау,до 200к,2024-05-29
3309,35-44,Караганда,до 200к,2020-07-06
3310,18-24,Астана,до 200к,2020-02-29
3311,55+,Шымкент,200-400к,2020-12-18
3312,55+,Атырау,до 200к,2021-11-27
3313,35-44,Астана,400-700к,2025-01-24
3314,35-44,Актобе,700к+,2022-05-15
3315,25-34,Астана,700к+,2025-04-24
3316,18-24,Шымкент,до 200к,2020-07-16
3317,35-44,Актобе,200-400к,2024-03-03
3318,18-24,Алматы,400-700к,2024-02-12
3319,18-24,Астана,400-700к,2025-04-02
3320,25-34,Алматы,до 200к,2022-11-11
3321,18-24,Актобе,400-700к,2023-04-26
3322,25-34,Шымкент,200-400к,2020-01-04
3323,35-44,Астана,400-700к,2024-10-29
3324,45-54,Алматы,700к+,2023-06-16
3325,35-44,Павлодар,700к+,2023-11-02
3326,45-54,Астана,200-400к,2021-11-09
3327,25-34,Алматы,до 200к,2020-06-04
3328,45-54,Алматы,200-400к,2023-12-24
3329,35-44,Шымкент,200-400к,2024-01-05
3330,25-34,Алматы,200-400к,2020-12-25
3331,55+,Атырау,200-400к,2024-07-07
3332,25-34,Караганда,200-400к,2020-01-03
3333,18-24,Алматы,200-400к,2023-07-29
3334,25-34,Шымкент,700к+,2020-06-22
3335,25-34,Алматы,400-700к,2024-02-12
3336,25-34,Алматы,200-400к,2022-05-30
3337,35-44,Шымкент,200-400к,2021-10-16
3338,45-54,Алматы,200-400к,2024-02-05
3339,25-34,Павлодар,200-400к,2024-05-25
3340,35-44,Шымкент,до 200к,2023-04-22
3341,25-34,Алматы,400-700к,2024-01-06
3342,45-54,Костанай,400-700к,2020-01-30
3343,25-34,Шымкент,200-400к,2024-07-01
3344,18-24,Алматы,700к+,2023-03-29
3345,35-44,Шымкент,700к+,2020-11-10
3346,35-44,Костанай,400-700к,2022-08-22
3347,45-54,Астана,700к+,2023-06-08
3348,35-44,Астана,200-400к,2024-05-12
3349,35-44,Астана,700к+,2022-11-02
3350,25-34,Астана,700к+,2021-05-28
3351,18-24,Алматы,200-400к,2021-05-23
3352,18-24,Шымкент,до 200к,2023-12-08
3353,18-24,Павлодар,до 200к,2024-09-20
3354,25-34,Актобе,200-400к,2023-06-17
3355,25-34,Алматы,400-700к,2024-05-17
3356,25-34,Астана,200-400к,2023-05-30
3357,35-44,Алматы,400-700к,2022-09-09
3358,25-34,Астана,400-700к,2022-03-22
3359,35-44,Караганда,до 200к,2022-09-05
3360,35-44,Астана,до 200к,2020-01-26
3361,25-34,Атырау,400-700к,2023-03-03
3362,25-34,Астана,200-400к,2021-01-10
3363,35-44,Караганда,700к+,2024-12-05
3364,35-44,Павлодар,400-700к,2024-08-15
3365,25-34,Караганда,200-400к,2022-09-15
3366,25-34,Павлодар,200-400к,2023-05-18
3367,35-44,Атырау,400-700к,2020-03-16
3368,35-44,Шымкент,400-700к,2023-03-02
3369,18-24,Астана,200-400к,2024-08-27
3370,25-34,Астана,700к+,2022-11-17
3371,45-54,Павлодар,200-400к,2024-09-17
3372,18-24,Алматы,до 200к,2020-06-02
3373,45-54,Костанай,200-400к,2025-05-03
3374,25-34,Астана,400-700к,2021-11-26
3375,35-44,Актобе,700к+,2020-02-24
3376,25-34,Астана,до 200к,2023-05-23
3377,18-24,Костанай,200-400к,2023-05-13
3378,45-54,Алматы,200-400к,2020-09-08
3379,25-34,Астана,400-700к,2021-11-24
3380,55+,Атырау,400-700к,2025-01-15
3381,25-34,Алматы,до 200к,2021-01-13
3382,45-54,Алматы,400-700к,2020-05-25
3383,45-54,Павлодар,200-400к,2024-07-01
3384,35-44,Атырау,400-700к,2023-09-21
3385,25-34,Алматы,400-700к,2022-09-24
3386,35-44,Шымкент,до 200к,2021-08-25
3387,35-44,Алматы,700к+,2024-10-08
3388,55+,Алматы,200-400к,2024-09-23
3389,25-34,Шымкент,700к+,2020-01-02
3390,25-34,Алматы,до 200к,2024-07-11
3391,18-24,Астана,400-700к,2022-08-03
3392,35-44,Алматы,200-400к,2021-10-28
3393,55+,Атырау,до 200к,2021-11-27
3394,18-24,Шымкент,700к+,2022-07-13
3395,35-44,Алматы,200-400к,2023-02-21
3396,45-54,Павлодар,до 200к,2025-04-02
3397,18-24,Атырау,400-700к,2020-02-20
3398,18-24,Алматы,200-400к,2023-04-30
3399,35-44,Костанай,200-400к,2020-05-11
3400,35-44,Алматы,700к+,2020-01-13
3401,18-24,Астана,200-400к,2021-08-29
3402,45-54,Астана,до 200к,2024-04-03
3403,35-44,Алматы,400-700к,2021-11-22
3404,45-54,Караганда,400-700к,2021-12-23
3405,45-54,Шымкент,до 200к,2024-12-10
3406,45-54,Павлодар,200-400к,2021-07-05
3407,35-44,Алматы,200-400к,2024-03-15
3408,25-34,Алматы,до 200к,2024-07-22
3409,35-44,Астана,200-400к,2023-07-19
3410,18-24,Алматы,700к+,2025-04-19
3411,35-44,Костанай,200-400к,2025-05-21
3412,18-24,Актобе,до 200к,2020-05-04
3413,35-44,Атырау,700к+,2020-12-06
3414,18-24,Актобе,200-400к,2022-02-19
3415,25-34,Алматы,700к+,2023-08-25
3416,25-34,Алматы,400-700к,2021-07-13
3417,35-44,Астана,200-400к,2023-06-28
3418,45-54,Атырау,200-400к,2024-11-30
3419,18-24,Астана,до 200к,2020-01-13
3420,45-54,Алматы,до 200к,2024-10-01
3421,45-54,Караганда,до 200к,2022-08-30
3422,25-34,Алматы,200-400к,2024-12-07
3423,35-44,Шымкент,200-400к,2023-09-22
3424,25-34,Алматы,400-700к,2020-03-26
3425,25-34,Шымкент,до 200к,2024-12-09
3426,35-44,Астана,200-400к,2020-04-10
3427,18-24,Павлодар,до 200к,2021-05-15
3428,45-54,Актобе,до 200к,2023-01-07
3429,45-54,Алматы,400-700к,2024-12-12
3430,45-54,Актобе,400-700к,2020-11-29
3431,35-44,Атырау,200-400к,2022-12-12
3432,35-44,Караганда,200-400к,2020-08-13
3433,55+,Павлодар,200-400к,2021-11-10
3434,25-34,Атырау,400-700к,2021-06-04
3435,18-24,Алматы,200-400к,2022-05-05
3436,35-44,Астана,400-700к,2023-11-19
3437,25-34,Астана,до 200к,2023-12-12
3438,25-34,Шымкент,200-400к,2023-09-05
3439,18-24,Костанай,200-400к,2020-02-24
3440,35-44,Шымкент,до 200к,2024-04-19
3441,25-34,Астана,200-400к,2023-07-17
3442,25-34,Костанай,200-400к,2020-05-05
3443,18-24,Караганда,до 200к,2025-03-08
3444,25-34,Алматы,700к+,2024-03-12
3445,45-54,Павлодар,до 200к,2023-10-15
3446,25-34,Астана,400-700к,2022-09-08
3447,35-44,Шымкент,200-400к,2024-05-08
3448,35-44,Астана,до 200к,2021-09-17
3449,25-34,Павлодар,до 200к,2023-12-20
3450,45-54,Алматы,400-700к,2023-05-05
3451,35-44,Астана,400-700к,2023-05-05
3452,35-44,Караганда,200-400к,2024-05-18
3453,18-24,Павлодар,200-400к,2020-12-12
3454,18-24,Алматы,до 200к,2020-07-26
3455,55+,Алматы,400-700к,2023-01-15
3456,45-54,Костанай,400-700к,2024-06-02
3457,55+,Актобе,200-400к,2021-05-22
3458,45-54,Астана,400-700к,2023-02-12
3459,18-24,Астана,200-400к,2025-03-29
3460,45-54,Астана,200-400к,2023-05-25
3461,25-34,Караганда,200-400к,2020-06-06
3462,45-54,Шымкент,до 200к,2024-10-23
3463,18-24,Актобе,до 200к,2025-05-06
3464,25-34,Алматы,400-700к,2023-11-20
3465,35-44,Атырау,700к+,2023-05-06
3466,45-54,Алматы,200-400к,2023-03-13
3467,35-44,Павлодар,до 200к,2023-05-31
3468,25-34,Алматы,до 200к,2021-11-03
3469,25-34,Алматы,200-400к,2023-07-13
3470,55+,Алматы,200-400к,2022-10-17
3471,25-34,Алматы,до 200к,2024-05-03
3472,25-34,Астана,до 200к,2024-07-31
3473,35-44,Караганда,400-700к,2023-11-20
3474,25-34,Павлодар,до 200к,2025-06-14
3475,35-44,Шымкент,200-400к,2022-06-16
3476,25-34,Шымкент,400-700к,2024-02-21
3477,45-54,Астана,до 200к,2021-11-16
3478,45-54,Атырау,200-400к,2024-04-29
3479,55+,Алматы,до 200к,2021-06-18
3480,35-44,Астана,200-400к,2023-10-30
3481,25-34,Алматы,700к+,2020-01-29
3482,35-44,Алматы,400-700к,2024-03-13
3483,45-54,Шымкент,до 200к,2021-08-04
3484,35-44,Алматы,до 200к,2021-05-01
3485,35-44,Алматы,до 200к,2021-10-30
3486,35-44,Атырау,400-700к,2022-04-27
3487,35-44,Алматы,400-700к,2020-09-13
3488,35-44,Шымкент,200-400к,2023-01-16
3489,25-34,Астана,до 200к,2020-09-04
3490,25-34,Павлодар,700к+,2023-01-03
3491,35-44,Караганда,400-700к,2022-01-07
3492,18-24,Алматы,до 200к,2023-04-09
3493,45-54,Павлодар,200-400к,2020-10-29
3494,35-44,Астана,200-400к,2025-05-01
3495,18-24,Астана,200-400к,2020-01-30
3496,45-54,Караганда,200-400к,2024-09-06
3497,35-44,Актобе,до 200к,2021-12-04
3498,35-44,Астана,200-400к,2024-07-13
3499,25-34,Астана,200-400к,2023-04-07
3500,45-54,Алматы,200-400к,2024-07-18
3501,25-34,Шымкент,200-400к,2023-01-15
3502,35-44,Костанай,до 200к,2024-05-05
3503,18-24,Астана,200-400к,2023-08-04
3504,35-44,Костанай,400-700к,2023-09-20
3505,35-44,Алматы,200-400к,2023-02-16
3506,35-44,Атырау,700к+,2021-05-28
3507,25-34,Павлодар,400-700к,2024-08-24
3508,45-54,Караганда,400-700к,2024-09-07
3509,35-44,Алматы,200-400к,2023-12-17
3510,25-34,Астана,до 200к,2021-07-13
3511,55+,Алматы,700к+,2022-03-25
3512,35-44,Шымкент,200-400к,2023-12-20
3513,55+,Костанай,700к+,2021-01-08
3514,55+,Астана,200-400к,2020-08-09
3515,45-54,Алматы,200-400к,2022-03-16
3516,35-44,Алматы,до 200к,2022-12-30
3517,35-44,Шымкент,200-400к,2024-11-22
3518,25-34,Шымкент,200-400к,2021-09-29
3519,35-44,Алматы,700к+,2021-03-08
3520,35-44,Актобе,400-700к,2023-11-09
3521,35-44,Алматы,200-400к,2024-10-16
3522,45-54,Караганда,200-400к,2024-09-06
3523,18-24,Астана,до 200к,2023-06-19
3524,25-34,Алматы,200-400к,2020-02-01
3525,35-44,Караганда,700к+,2023-07-29
3526,25-34,Караганда,400-700к,2020-08-16
3527,18-24,Астана,200-400к,2024-04-23
3528,25-34,Атырау,400-700к,2025-01-25
3529,45-54,Шымкент,до 200к,2023-05-06
3530,25-34,Астана,700к+,2021-04-23
3531,18-24,Костанай,400-700к,2021-08-20
3532,18-24,Костанай,до 200к,2024-01-01
3533,25-34,Алматы,400-700к,2024-02-28
3534,25-34,Костанай,до 200к,2024-06-13
3535,35-44,Актобе,200-400к,2020-07-22
3536,45-54,Алматы,200-400к,2024-01-21
3537,25-34,Шымкент,до 200к,2025-04-04
3538,35-44,Алматы,200-400к,2020-03-05
3539,25-34,Шымкент,200-400к,2022-05-12
3540,25-34,Павлодар,до 200к,2024-01-10
3541,45-54,Астана,400-700к,2022-11-24
3542,35-44,Шымкент,до 200к,2025-04-07
3543,45-54,Алматы,200-400к,2023-09-14
3544,25-34,Шымкент,200-400к,2022-01-07
3545,25-34,Атырау,до 200к,2023-05-29
3546,25-34,Алматы,700к+,2023-11-21
3547,25-34,Шымкент,200-400к,2024-04-12
3548,55+,Астана,до 200к,2021-07-06
3549,18-24,Актобе,200-400к,2025-01-06
3550,45-54,Караганда,200-400к,2025-06-17
3551,45-54,Караганда,до 200к,2021-03-07
3552,35-44,Астана,200-400к,2021-02-20
3553,25-34,Шымкент,200-400к,2022-02-08
3554,35-44,Караганда,400-700к,2021-09-03
3555,25-34,Караганда,200-400к,2021-01-07
3556,45-54,Шымкент,200-400к,2020-12-01
3557,25-34,Атырау,до 200к,2023-11-20
3558,45-54,Алматы,до 200к,2025-03-25
3559,35-44,Алматы,400-700к,2020-07-10
3560,35-44,Костанай,200-400к,2023-02-16
3561,35-44,Алматы,до 200к,2021-07-13
3562,35-44,Павлодар,до 200к,2021-05-08
3563,45-54,Шымкент,200-400к,2023-02-18
3564,25-34,Павлодар,200-400к,2020-09-26
3565,55+,Шымкент,200-400к,2020-06-15
3566,45-54,Атырау,200-400к,2024-10-15
3567,45-54,Актобе,200-400к,2022-06-11
3568,25-34,Шымкент,до 200к,2020-05-05
3569,45-54,Астана,200-400к,2024-10-19
3570,25-34,Алматы,до 200к,2023-07-10
3571,35-44,Алматы,400-700к,2024-01-16
3572,25-34,Костанай,до 200к,2023-05-05
3573,25-34,Алматы,200-400к,2022-08-05
3574,25-34,Актобе,200-400к,2024-03-23
3575,25-34,Шымкент,200-400к,2021-11-20
3576,25-34,Астана,400-700к,2023-09-25
3577,45-54,Костанай,200-400к,2024-10-30
3578,25-34,Алматы,до 200к,2024-07-30
3579,35-44,Шымкент,200-400к,2023-01-14
3580,18-24,Астана,400-700к,2020-03-17
3581,35-44,Алматы,700к+,2020-01-31
3582,45-54,Алматы,200-400к,2022-05-10
3583,25-34,Караганда,200-400к,2023-08-18
3584,35-44,Алматы,до 200к,2020-06-10
3585,45-54,Атырау,700к+,2022-04-01
3586,45-54,Караганда,400-700к,2022-03-21
3587,25-34,Алматы,до 200к,2022-07-06
3588,25-34,Астана,200-400к,2023-01-26
3589,35-44,Алматы,200-400к,2021-07-12
3590,25-34,Атырау,до 200к,2023-04-02
3591,45-54,Шымкент,400-700к,2022-06-24
3592,25-34,Алматы,200-400к,2025-01-23
3593,45-54,Шымкент,до 200к,2021-10-11
3594,18-24,Астана,700к+,2025-01-17
3595,18-24,Караганда,700к+,2025-04-08
3596,55+,Алматы,до 200к,2021-09-11
3597,45-54,Алматы,200-400к,2022-03-25
3598,45-54,Астана,400-700к,2023-10-30
3599,55+,Караганда,200-400к,2022-07-06
3600,25-34,Караганда,700к+,2023-11-26
3601,25-34,Алматы,до 200к,2021-06-02
3602,18-24,Алматы,400-700к,2025-03-29
3603,35-44,Караганда,200-400к,2023-10-28
3604,25-34,Алматы,200-400к,2020-06-16
3605,55+,Шымкент,400-700к,2021-05-01
3606,18-24,Астана,до 200к,2023-05-19
3607,25-34,Алматы,до 200к,2021-08-09
3608,25-34,Шымкент,до 200к,2022-03-25
3609,25-34,Алматы,до 200к,2023-07-17
3610,25-34,Шымкент,до 200к,2021-11-25
3611,35-44,Алматы,200-400к,2024-12-13
3612,25-34,Астана,до 200к,2023-05-19
3613,35-44,Шымкент,до 200к,2022-04-19
3614,45-54,Алматы,до 200к,2021-07-13
3615,35-44,Шымкент,400-700к,2021-08-14
3616,35-44,Актобе,до 200к,2020-03-12
3617,25-34,Костанай,400-700к,2020-06-21
3618,25-34,Алматы,до 200к,2024-04-04
3619,25-34,Алматы,до 200к,2024-03-17
3620,55+,Астана,200-400к,2020-06-22
3621,35-44,Павлодар,200-400к,2023-01-09
3622,25-34,Астана,200-400к,2021-10-18
3623,25-34,Астана,400-700к,2023-10-27
3624,45-54,Актобе,200-400к,2023-04-04
3625,35-44,Алматы,до 200к,2024-05-18
3626,35-44,Шымкент,400-700к,2023-06-01
3627,45-54,Астана,до 200к,2021-02-03
3628,35-44,Караганда,400-700к,2023-08-25
3629,35-44,Актобе,200-400к,2024-07-27
3630,25-34,Астана,до 200к,2025-06-12
3631,18-24,Караганда,200-400к,2023-11-08
3632,55+,Шымкент,200-400к,2022-03-13
3633,35-44,Алматы,200-400к,2022-10-15
3634,25-34,Павлодар,700к+,2020-10-01
3635,35-44,Актобе,200-400к,2023-06-27
3636,18-24,Павлодар,700к+,2020-10-02
3637,45-54,Актобе,до 200к,2021-06-04
3638,25-34,Алматы,до 200к,2022-10-17
3639,45-54,Астана,200-400к,2022-08-14
3640,35-44,Астана,700к+,2022-02-06
3641,25-34,Алматы,200-400к,2023-07-18
3642,18-24,Астана,400-700к,2024-12-31
3643,45-54,Астана,200-400к,2025-01-19
3644,25-34,Алматы,400-700к,2022-10-18
3645,18-24,Атырау,400-700к,2023-01-08
3646,35-44,Алматы,400-700к,2022-06-22
3647,25-34,Шымкент,200-400к,2024-11-29
3648,25-34,Актобе,200-400к,2024-09-20
3649,25-34,Шымкент,700к+,2020-04-18
3650,45-54,Алматы,200-400к,2024-05-11
3651,25-34,Шымкент,200-400к,2020-02-29
3652,25-34,Актобе,400-700к,2023-11-28
3653,25-34,Атырау,200-400к,2021-11-08
3654,25-34,Астана,200-400к,2022-11-20
3655,25-34,Алматы,400-700к,2024-04-14
3656,18-24,Шымкент,200-400к,2021-04-14
3657,25-34,Алматы,200-400к,2020-09-22
3658,25-34,Актобе,до 200к,2023-02-08
3659,45-54,Караганда,400-700к,2024-08-02
3660,18-24,Актобе,200-400к,2020-08-19
3661,25-34,Костанай,400-700к,2022-02-14
3662,45-54,Шымкент,200-400к,2022-12-09
3663,45-54,Павлодар,700к+,2021-03-30
3664,35-44,Караганда,200-400к,2024-08-29
3665,25-34,Алматы,200-400к,2023-04-11
3666,25-34,Атырау,700к+,2022-10-27
3667,25-34,Караганда,200-400к,2020-10-04
3668,18-24,Костанай,700к+,2020-05-16
3669,25-34,Алматы,200-400к,2020-11-27
3670,35-44,Астана,до 200к,2020-03-03
3671,25-34,Атырау,200-400к,2022-12-05
3672,35-44,Алматы,400-700к,2024-09-16
3673,25-34,Караганда,200-400к,2024-02-25
3674,25-34,Шымкент,400-700к,2021-03-24
3675,45-54,Алматы,до 200к,2021-01-27
3676,45-54,Алматы,200-400к,2022-11-17
3677,25-34,Атырау,400-700к,2024-04-04
3678,35-44,Алматы,700к+,2024-04-02
3679,25-34,Актобе,200-400к,2022-11-09
3680,18-24,Актобе,до 200к,2021-05-21
3681,35-44,Караганда,до 200к,2022-08-24
3682,25-34,Астана,до 200к,2024-01-14
3683,25-34,Алматы,400-700к,2024-10-25
3684,25-34,Атырау,200-400к,2020-05-30
3685,25-34,Алматы,до 200к,2024-03-28
3686,18-24,Астана,400-700к,2024-02-06
3687,25-34,Костанай,400-700к,2021-03-02
3688,55+,Астана,200-400к,2020-05-07
3689,35-44,Алматы,700к+,2021-09-09
3690,25-34,Костанай,200-400к,2021-07-08
3691,18-24,Алматы,до 200к,2020-08-14
3692,35-44,Алматы,400-700к,2021-05-28
3693,18-24,Астана,до 200к,2021-01-26
3694,35-44,Актобе,700к+,2024-11-17
3695,35-44,Павлодар,200-400к,2020-06-20
3696,25-34,Актобе,700к+,2022-12-04
3697,25-34,Костанай,до 200к,2021-10-14
3698,18-24,Алматы,200-400к,2024-08-13
3699,18-24,Шымкент,400-700к,2022-08-06
3700,25-34,Алматы,400-700к,2023-03-10
3701,45-54,Павлодар,400-700к,2022-03-02
3702,25-34,Павлодар,до 200к,2024-06-01
3703,35-44,Астана,200-400к,2023-08-28
3704,35-44,Атырау,200-400к,2023-01-07
3705,18-24,Караганда,200-400к,2022-03-03
3706,25-34,Алматы,200-400к,2022-06-18
3707,25-34,Шымкент,400-700к,2021-05-20
3708,35-44,Костанай,200-400к,2023-08-08
3709,25-34,Астана,до 200к,2021-08-13
3710,35-44,Алматы,400-700к,2021-07-26
3711,45-54,Костанай,700к+,2022-07-22
3712,35-44,Астана,200-400к,2025-01-11
3713,55+,Астана,400-700к,2022-05-28
3714,35-44,Актобе,400-700к,2024-12-21
3715,45-54,Шымкент,до 200к,2022-11-19
3716,45-54,Астана,400-700к,2020-05-25
3717,35-44,Алматы,700к+,2023-03-13
3718,45-54,Атырау,400-700к,2025-01-07
3719,55+,Астана,до 200к,2024-10-30
3720,25-34,Караганда,200-400к,2020-12-29
3721,35-44,Атырау,400-700к,2021-06-19
3722,35-44,Алматы,200-400к,2023-09-24
3723,45-54,Атырау,до 200к,2022-05-23
3724,25-34,Актобе,до 200к,2024-07-04
3725,45-54,Костанай,400-700к,2022-11-06
3726,45-54,Алматы,200-400к,2021-04-27
3727,55+,Астана,700к+,2021-10-25
3728,25-34,Караганда,200-400к,2020-08-13
3729,35-44,Павлодар,400-700к,2021-07-26
3730,35-44,Костанай,до 200к,2024-02-21
3731,55+,Астана,400-700к,2021-03-20
3732,45-54,Шымкент,400-700к,2022-06-03
3733,35-44,Алматы,200-400к,2020-12-25
3734,35-44,Караганда,200-400к,2022-08-31
3735,25-34,Атырау,700к+,2025-04-15
3736,55+,Атырау,400-700к,2024-03-03
3737,25-34,Астана,200-400к,2024-03-08
3738,35-44,Костанай,200-400к,2021-05-22
3739,45-54,Алматы,700к+,2021-09-06
3740,25-34,Астана,400-700к,2020-07-13
3741,25-34,Шымкент,200-400к,2025-01-16
3742,25-34,Шымкент,200-400к,2025-03-30
3743,45-54,Актобе,до 200к,2021-11-08
3744,35-44,Шымкент,400-700к,2023-10-31
3745,18-24,Алматы,400-700к,2021-02-26
3746,35-44,Алматы,200-400к,2023-07-28
3747,25-34,Шымкент,200-400к,2020-07-09
3748,45-54,Караганда,до 200к,2021-10-27
3749,25-34,Шымкент,до 200к,2022-02-25
3750,25-34,Астана,700к+,2025-06-14
3751,18-24,Алматы,400-700к,2022-07-23
3752,35-44,Актобе,200-400к,2021-03-21
3753,25-34,Астана,до 200к,2020-04-04
3754,35-44,Шымкент,до 200к,2020-12-22
3755,25-34,Астана,400-700к,2021-04-29
3756,25-34,Алматы,до 200к,2021-09-28
3757,25-34,Алматы,200-400к,2020-09-29
3758,25-34,Алматы,700к+,2024-01-17
3759,45-54,Караганда,200-400к,2022-02-12
3760,25-34,Алматы,400-700к,2021-04-19
3761,55+,Астана,до 200к,2022-11-17
3762,25-34,Костанай,200-400к,2021-09-17
3763,18-24,Астана,400-700к,2023-09-29
3764,25-34,Шымкент,400-700к,2022-11-25
3765,18-24,Астана,400-700к,2025-02-07
3766,45-54,Астана,200-400к,2023-07-23
3767,35-44,Алматы,до 200к,2022-01-03
3768,25-34,Атырау,200-400к,2020-10-25
3769,35-44,Астана,до 200к,2020-07-22
3770,35-44,Актобе,до 200к,2023-08-02
3771,55+,Костанай,200-400к,2020-03-06
3772,55+,Алматы,до 200к,2022-02-01
3773,35-44,Караганда,до 200к,2020-02-10
3774,45-54,Алматы,до 200к,2021-11-23
3775,45-54,Астана,200-400к,2024-11-02
3776,25-34,Атырау,400-700к,2020-06-07
3777,35-44,Алматы,700к+,2025-05-02
3778,18-24,Костанай,до 200к,2025-05-01
3779,35-44,Шымкент,до 200к,2024-09-23
3780,55+,Астана,400-700к,2023-10-18
3781,18-24,Алматы,до 200к,2020-12-22
3782,45-54,Шымкент,400-700к,2020-07-18
3783,55+,Астана,до 200к,2025-01-12
3784,25-34,Алматы,200-400к,2022-01-02
3785,35-44,Астана,до 200к,2022-06-18
3786,45-54,Алматы,400-700к,2020-06-09
3787,55+,Костанай,200-400к,2020-04-29
3788,18-24,Астана,до 200к,2022-12-19
3789,25-34,Астана,200-400к,2022-03-22
3790,35-44,Актобе,200-400к,2023-11-01
3791,25-34,Актобе,700к+,2024-07-26
3792,25-34,Павлодар,200-400к,2020-04-23
3793,18-24,Костанай,до 200к,2025-04-24
3794,25-34,Алматы,200-400к,2025-01-18
3795,35-44,Астана,до 200к,2023-02-20
3796,35-44,Караганда,400-700к,2022-01-18
3797,35-44,Алматы,400-700к,2020-11-29
3798,35-44,Актобе,до 200к,2021-04-14
3799,25-34,Алматы,200-400к,2023-11-03
3800,25-34,Павлодар,400-700к,2020-09-16
3801,18-24,Актобе,до 200к,2025-04-15
3802,25-34,Шымкент,200-400к,2020-10-18
3803,25-34,Астана,200-400к,2024-02-18
3804,25-34,Костанай,200-400к,2024-08-26
3805,18-24,Актобе,200-400к,2021-08-14
3806,25-34,Атырау,200-400к,2022-08-18
3807,35-44,Атырау,400-700к,2023-02-27
3808,35-44,Алматы,200-400к,2024-05-15
3809,55+,Алматы,400-700к,2020-04-12
3810,45-54,Алматы,200-400к,2021-03-30
3811,35-44,Караганда,200-400к,2020-10-26
3812,18-24,Караганда,до 200к,2021-09-27
3813,35-44,Астана,200-400к,2023-09-07
3814,18-24,Костанай,200-400к,2022-04-05
3815,25-34,Алматы,200-400к,2022-09-11
3816,25-34,Актобе,до 200к,2022-06-28
3817,25-34,Астана,200-400к,2020-01-11
3818,25-34,Астана,до 200к,2020-07-14
3819,35-44,Алматы,200-400к,2021-03-30
3820,45-54,Актобе,200-400к,2020-03-31
3821,35-44,Актобе,200-400к,2024-07-02
3822,35-44,Астана,700к+,2025-06-14
3823,35-44,Шымкент,400-700к,2022-08-27
3824,18-24,Шымкент,700к+,2023-08-26
3825,35-44,Астана,700к+,2020-04-22
3826,35-44,Шымкент,до 200к,2020-04-19
3827,25-34,Астана,до 200к,2023-04-24
3828,25-34,Павлодар,до 200к,2024-03-25
3829,55+,Актобе,до 200к,2025-02-01
3830,35-44,Алматы,400-700к,2021-12-23
3831,25-34,Атырау,400-700к,2022-04-17
3832,35-44,Астана,200-400к,2024-05-11
3833,25-34,Павлодар,400-700к,2020-10-08
3834,25-34,Шымкент,400-700к,2025-03-14
3835,25-34,Алматы,200-400к,2021-08-18
3836,25-34,Актобе,до 200к,2020-02-23
3837,35-44,Алматы,700к+,2024-04-29
3838,18-24,Павлодар,400-700к,2025-04-12
3839,45-54,Костанай,200-400к,2022-08-21
3840,25-34,Караганда,до 200к,2020-11-27
3841,35-44,Шымкент,400-700к,2020-10-29
3842,35-44,Шымкент,400-700к,2021-08-17
3843,35-44,Астана,200-400к,2022-12-03
3844,35-44,Алматы,700к+,2023-06-07
3845,55+,Павлодар,200-400к,2023-10-28
3846,35-44,Астана,700к+,2023-12-02
3847,35-44,Астана,200-400к,2021-04-26
3848,35-44,Алматы,400-700к,2020-12-06
3849,25-34,Костанай,700к+,2025-03-17
3850,25-34,Костанай,400-700к,2020-09-30
3851,25-34,Астана,до 200к,2022-10-16
3852,25-34,Алматы,400-700к,2021-07-27
3853,25-34,Атырау,200-400к,2024-01-02
3854,25-34,Астана,до 200к,2021-10-13
3855,35-44,Костанай,200-400к,2020-07-19
3856,25-34,Павлодар,200-400к,2021-09-28
3857,45-54,Актобе,200-400к,2020-07-20
3858,25-34,Алматы,200-400к,2020-12-08
3859,35-44,Караганда,до 200к,2022-08-03
3860,18-24,Костанай,до 200к,2025-04-25
3861,25-34,Астана,400-700к,2021-02-10
3862,18-24,Павлодар,до 200к,2024-05-15
3863,35-44,Астана,200-400к,2022-11-06
3864,25-34,Костанай,200-400к,2025-05-14
3865,55+,Караганда,до 200к,2022-11-06
3866,25-34,Алматы,до 200к,2020-07-26
3867,35-44,Астана,200-400к,2022-03-31
3868,25-34,Алматы,400-700к,2020-05-31
3869,35-44,Астана,700к+,2021-03-19
3870,25-34,Павлодар,200-400к,2022-12-07
3871,25-34,Алматы,до 200к,2024-12-05
3872,25-34,Костанай,200-400к,2023-05-13
3873,18-24,Алматы,200-400к,2021-12-30
3874,18-24,Караганда,200-400к,2023-06-24
3875,55+,Костанай,200-400к,2021-05-03
3876,25-34,Караганда,200-400к,2020-07-05
3877,18-24,Павлодар,200-400к,2024-01-07
3878,55+,Костанай,400-700к,2024-08-14
3879,18-24,Караганда,200-400к,2023-05-09
3880,25-34,Актобе,200-400к,2022-09-06
3881,35-44,Алматы,700к+,2022-07-04
3882,45-54,Астана,200-400к,2022-01-06
3883,35-44,Астана,до 200к,2025-04-23
3884,25-34,Атырау,до 200к,2022-10-05
3885,55+,Караганда,400-700к,2024-10-09
3886,18-24,Шымкент,200-400к,2020-03-21
3887,55+,Павлодар,200-400к,2021-12-06
3888,45-54,Алматы,до 200к,2021-03-06
3889,45-54,Костанай,до 200к,2020-08-20
3890,25-34,Алматы,200-400к,2025-06-19
3891,25-34,Астана,200-400к,2020-04-14
3892,35-44,Караганда,200-400к,2023-01-10
3893,35-44,Астана,200-400к,2021-03-10
3894,35-44,Караганда,400-700к,2020-06-06
3895,45-54,Актобе,200-400к,2025-05-19
3896,35-44,Атырау,200-400к,2021-08-08
3897,25-34,Алматы,200-400к,2021-12-04
3898,25-34,Алматы,до 200к,2021-01-04
3899,18-24,Алматы,200-400к,2023-10-04
3900,25-34,Астана,до 200к,2025-01-23
3901,25-34,Алматы,400-700к,2021-11-09
3902,45-54,Астана,200-400к,2024-05-31
3903,35-44,Атырау,200-400к,2022-03-29
3904,35-44,Костанай,400-700к,2022-12-29
3905,25-34,Атырау,200-400к,2024-05-19
3906,35-44,Алматы,до 200к,2025-03-18
3907,45-54,Шымкент,400-700к,2023-05-02
3908,45-54,Алматы,200-400к,2022-01-15
3909,35-44,Астана,200-400к,2022-07-26
3910,45-54,Астана,до 200к,2024-09-25
3911,35-44,Костанай,200-400к,2021-12-07
3912,25-34,Караганда,200-400к,2022-07-24
3913,45-54,Алматы,400-700к,2024-03-30
3914,25-34,Караганда,400-700к,2024-08-24
3915,25-34,Костанай,200-400к,2022-06-12
3916,25-34,Алматы,400-700к,2024-12-06
3917,35-44,Атырау,400-700к,2024-09-20
3918,35-44,Алматы,до 200к,2022-07-14
3919,35-44,Алматы,200-400к,2021-07-08
3920,25-34,Павлодар,до 200к,2020-12-22
3921,25-34,Алматы,200-400к,2020-08-29
3922,45-54,Актобе,400-700к,2021-01-19
3923,25-34,Алматы,400-700к,2020-05-17
3924,45-54,Шымкент,400-700к,2021-07-31
3925,25-34,Караганда,200-400к,2025-06-05
3926,35-44,Атырау,до 200к,2021-03-21
3927,35-44,Атырау,до 200к,2022-02-08
3928,45-54,Караганда,до 200к,2022-02-15
3929,18-24,Астана,200-400к,2022-11-05
3930,45-54,Алматы,200-400к,2022-10-10
3931,35-44,Караганда,200-400к,2023-03-08
3932,35-44,Астана,до 200к,2020-06-23
3933,35-44,Алматы,до 200к,2021-10-04
3934,18-24,Костанай,до 200к,2024-12-24
3935,25-34,Астана,400-700к,2025-05-06
3936,25-34,Алматы,200-400к,2020-01-05
3937,25-34,Павлодар,до 200к,2023-06-14
3938,35-44,Шымкент,200-400к,2020-10-03
3939,25-34,Актобе,до 200к,2022-12-07
3940,18-24,Алматы,200-400к,2020-01-17
3941,18-24,Астана,400-700к,2024-02-21
3942,25-34,Караганда,200-400к,2025-05-27
3943,25-34,Алматы,до 200к,2020-09-03
3944,35-44,Караганда,до 200к,2022-04-01
3945,25-34,Алматы,до 200к,2021-01-23
3946,45-54,Алматы,700к+,2021-01-27
3947,25-34,Алматы,400-700к,2024-05-04
3948,18-24,Астана,200-400к,2020-08-25
3949,45-54,Алматы,200-400к,2020-09-05
3950,25-34,Актобе,до 200к,2022-01-10
3951,25-34,Шымкент,200-400к,2021-09-09
3952,55+,Алматы,200-400к,2025-05-05
3953,55+,Шымкент,400-700к,2022-02-27
3954,35-44,Алматы,400-700к,2023-01-02
3955,18-24,Астана,до 200к,2020-07-25
3956,35-44,Павлодар,400-700к,2021-12-09
3957,55+,Актобе,до 200к,2021-02-16
3958,55+,Караганда,до 200к,2021-12-30
3959,18-24,Астана,до 200к,2021-08-30
3960,25-34,Алматы,до 200к,2020-08-22
3961,25-34,Актобе,до 200к,2023-01-14
3962,18-24,Шымкент,700к+,2022-10-31
3963,35-44,Караганда,200-400к,2022-11-03
3964,25-34,Костанай,200-400к,2022-04-28
3965,25-34,Астана,до 200к,2022-11-15
3966,18-24,Атырау,до 200к,2023-12-28
3967,25-34,Шымкент,до 200к,2021-06-06
3968,25-34,Алматы,до 200к,2021-01-18
3969,25-34,Алматы,200-400к,2023-09-17
3970,25-34,Шымкент,до 200к,2020-10-01
3971,55+,Астана,до 200к,2021-12-03
3972,25-34,Караганда,200-400к,2023-03-08
3973,35-44,Караганда,700к+,2023-03-14
3974,25-34,Астана,до 200к,2024-01-24
3975,18-24,Шымкент,400-700к,2022-08-01
3976,25-34,Караганда,200-400к,2022-09-22
3977,18-24,Астана,200-400к,2020-03-29
3978,18-24,Павлодар,400-700к,2024-04-29
3979,25-34,Алматы,200-400к,2021-04-18
3980,35-44,Костанай,700к+,2024-08-09
3981,18-24,Алматы,до 200к,2023-07-13
3982,25-34,Алматы,200-400к,2025-01-07
3983,35-44,Караганда,200-400к,2024-10-16
3984,25-34,Алматы,700к+,2022-01-26
3985,25-34,Алматы,200-400к,2022-02-26
3986,18-24,Алматы,700к+,2024-12-13
3987,25-34,Актобе,200-400к,2024-11-01
3988,25-34,Шымкент,400-700к,2023-11-19
3989,55+,Алматы,400-700к,2025-01-21
3990,55+,Астана,400-700к,2023-06-03
3991,55+,Алматы,200-400к,2020-02-19
3992,25-34,Костанай,400-700к,2023-01-12
3993,18-24,Алматы,до 200к,2022-01-10
3994,25-34,Шымкент,700к+,2020-02-09
3995,25-34,Астана,400-700к,2023-01-16
3996,18-24,Шымкент,200-400к,2023-01-25
3997,18-24,Костанай,до 200к,2024-01-03
3998,25-34,Астана,до 200к,2024-04-06
3999,25-34,Актобе,до 200к,2021-10-07
4000,25-34,Астана,до 200к,2025-05-30
4001,35-44,Караганда,200-400к,2022-06-02
4002,25-34,Астана,400-700к,2022-05-16
4003,45-54,Алматы,400-700к,2020-12-27
4004,25-34,Алматы,200-400к,2025-06-03
4005,35-44,Алматы,700к+,2022-02-27
4006,25-34,Костанай,400-700к,2020-12-08
4007,25-34,Актобе,400-700к,2024-08-19
4008,25-34,Алматы,200-400к,2025-03-31
4009,25-34,Шымкент,400-700к,2021-03-04
4010,35-44,Актобе,200-400к,2023-03-25
4011,25-34,Астана,до 200к,2024-12-15
4012,25-34,Астана,200-400к,2023-08-18
4013,45-54,Актобе,400-700к,2022-05-23
4014,18-24,Алматы,200-400к,2023-02-21
4015,35-44,Шымкент,700к+,2020-07-22
4016,35-44,Алматы,400-700к,2025-05-19
4017,25-34,Алматы,200-400к,2022-10-23
4018,25-34,Караганда,до 200к,2020-03-29
4019,18-24,Караганда,до 200к,2021-11-06
4020,35-44,Костанай,200-400к,2022-03-31
4021,25-34,Алматы,400-700к,2025-06-12
4022,25-34,Актобе,200-400к,2024-10-16
4023,25-34,Костанай,до 200к,2021-08-30
4024,45-54,Караганда,до 200к,2020-11-30
4025,45-54,Костанай,до 200к,2020-03-26
4026,55+,Костанай,200-400к,2023-02-13
4027,35-44,Атырау,200-400к,2022-06-09
4028,35-44,Костанай,до 200к,2022-11-13
4029,25-34,Караганда,200-400к,2021-06-29
4030,45-54,Астана,400-700к,2024-06-02
4031,35-44,Павлодар,200-400к,2022-10-30
4032,25-34,Атырау,до 200к,2025-01-10
4033,35-44,Алматы,200-400к,2021-04-24
4034,35-44,Астана,700к+,2021-06-01
4035,18-24,Алматы,до 200к,2023-03-18
4036,25-34,Атырау,до 200к,2023-10-18
4037,25-34,Алматы,200-400к,2021-08-13
4038,45-54,Астана,200-400к,2022-12-31
4039,25-34,Шымкент,400-700к,2022-10-18
4040,45-54,Алматы,400-700к,2023-08-18
4041,25-34,Костанай,до 200к,2023-06-26
4042,35-44,Астана,400-700к,2021-02-04
4043,18-24,Алматы,200-400к,2020-08-15
4044,45-54,Алматы,200-400к,2021-06-29
4045,25-34,Атырау,до 200к,2020-09-09
4046,25-34,Караганда,200-400к,2023-01-04
4047,25-34,Астана,400-700к,2022-10-21
4048,25-34,Астана,до 200к,2020-01-06
4049,25-34,Павлодар,200-400к,2024-07-07
4050,35-44,Актобе,700к+,2023-12-03
4051,55+,Актобе,200-400к,2022-07-22
4052,35-44,Астана,до 200к,2020-11-19
4053,35-44,Костанай,до 200к,2020-11-17
4054,25-34,Актобе,400-700к,2025-02-05
4055,45-54,Астана,400-700к,2021-04-17
4056,45-54,Костанай,до 200к,2024-09-17
4057,25-34,Павлодар,до 200к,2023-08-19
4058,55+,Актобе,200-400к,2023-05-31
4059,25-34,Актобе,400-700к,2024-07-29
4060,45-54,Астана,до 200к,2024-11-17
4061,55+,Шымкент,200-400к,2021-06-24
4062,35-44,Алматы,200-400к,2025-05-28
4063,25-34,Шымкент,до 200к,2020-09-13
4064,35-44,Астана,до 200к,2024-03-29
4065,18-24,Астана,700к+,2022-02-11
4066,45-54,Костанай,400-700к,2023-06-07
4067,25-34,Алматы,200-400к,2024-07-28
4068,35-44,Атырау,400-700к,2022-06-17
4069,45-54,Астана,200-400к,2020-06-12
4070,25-34,Алматы,700к+,2024-06-15
4071,25-34,Алматы,700к+,2020-09-20
4072,35-44,Астана,200-400к,2023-11-09
4073,25-34,Астана,200-400к,2022-05-30
4074,25-34,Астана,до 200к,2022-08-03
4075,18-24,Караганда,200-400к,2021-06-08
4076,25-34,Астана,200-400к,2022-09-27
4077,35-44,Алматы,200-400к,2021-01-09
4078,35-44,Астана,до 200к,2021-04-02
4079,25-34,Алматы,400-700к,2022-08-04
4080,25-34,Алматы,700к+,2024-04-26
4081,25-34,Алматы,до 200к,2022-10-24
4082,25-34,Караганда,200-400к,2024-10-22
4083,35-44,Караганда,400-700к,2021-07-02
4084,25-34,Атырау,200-400к,2020-02-02
4085,35-44,Актобе,700к+,2021-09-08
4086,45-54,Шымкент,200-400к,2020-08-11
4087,35-44,Астана,до 200к,2022-11-12
4088,35-44,Алматы,200-400к,2025-06-05
4089,18-24,Караганда,200-400к,2022-09-04
4090,25-34,Астана,до 200к,2020-12-22
4091,18-24,Алматы,400-700к,2023-03-13
4092,35-44,Костанай,200-400к,2024-01-13
4093,45-54,Алматы,200-400к,2024-10-07
4094,25-34,Алматы,200-400к,2022-08-19
4095,25-34,Костанай,200-400к,2022-04-28
4096,25-34,Астана,200-400к,2022-11-08
4097,35-44,Астана,200-400к,2021-03-03
4098,35-44,Алматы,200-400к,2020-08-04
4099,35-44,Астана,400-700к,2024-03-23
4100,45-54,Костанай,700к+,2020-10-02
4101,25-34,Караганда,200-400к,2023-10-10
4102,35-44,Астана,400-700к,2023-03-01
4103,35-44,Астана,700к+,2022-07-31
4104,25-34,Астана,до 200к,2022-01-25
4105,45-54,Шымкент,до 200к,2025-05-21
4106,18-24,Алматы,до 200к,2024-05-13
4107,35-44,Алматы,200-400к,2020-11-23
4108,35-44,Караганда,200-400к,2025-04-27
4109,45-54,Атырау,200-400к,2020-09-16
4110,35-44,Павлодар,200-400к,2024-06-12
4111,25-34,Атырау,до 200к,2022-05-03
4112,45-54,Шымкент,200-400к,2022-03-22
4113,35-44,Актобе,до 200к,2022-10-05
4114,35-44,Павлодар,200-400к,2022-08-22
4115,35-44,Алматы,до 200к,2020-09-09
4116,25-34,Астана,до 200к,2020-11-09
4117,35-44,Алматы,до 200к,2024-01-11
4118,45-54,Костанай,400-700к,2023-10-23
4119,25-34,Павлодар,до 200к,2022-02-24
4120,25-34,Атырау,200-400к,2022-06-13
4121,55+,Астана,400-700к,2022-02-05
4122,45-54,Костанай,200-400к,2024-09-10
4123,45-54,Алматы,до 200к,2020-05-18
4124,25-34,Алматы,200-400к,2023-07-28
4125,55+,Шымкент,до 200к,2021-09-08
4126,25-34,Атырау,400-700к,2020-12-07
4127,35-44,Павлодар,400-700к,2020-11-10
4128,25-34,Астана,200-400к,2022-04-01
4129,45-54,Астана,до 200к,2020-10-17
4130,45-54,Астана,400-700к,2023-09-15
4131,35-44,Алматы,200-400к,2021-10-17
4132,35-44,Атырау,до 200к,2024-09-11
4133,25-34,Астана,400-700к,2020-10-18
4134,35-44,Алматы,200-400к,2021-12-02
4135,35-44,Астана,400-700к,2022-02-04
4136,18-24,Актобе,400-700к,2023-08-31
4137,35-44,Павлодар,до 200к,2021-08-15
4138,45-54,Алматы,до 200к,2020-12-13
4139,35-44,Алматы,200-400к,2022-03-22
4140,45-54,Костанай,400-700к,2024-12-14
4141,25-34,Шымкент,до 200к,2024-06-16
4142,35-44,Астана,200-400к,2023-02-24
4143,18-24,Алматы,200-400к,2025-06-14
4144,25-34,Костанай,до 200к,2024-03-17
4145,25-34,Актобе,до 200к,2024-03-11
4146,25-34,Алматы,400-700к,2022-03-04
4147,18-24,Алматы,200-400к,2022-09-18
4148,35-44,Алматы,200-400к,2025-02-24
4149,25-34,Алматы,до 200к,2025-01-26
4150,25-34,Алматы,200-400к,2023-12-11
4151,25-34,Алматы,200-400к,2020-07-13
4152,35-44,Алматы,200-400к,2020-11-03
4153,25-34,Астана,700к+,2022-07-02
4154,25-34,Астана,до 200к,2023-01-05
4155,35-44,Астана,200-400к,2023-06-01
4156,18-24,Атырау,400-700к,2021-06-27
4157,45-54,Алматы,до 200к,2024-04-09
4158,18-24,Павлодар,700к+,2024-07-24
4159,25-34,Павлодар,200-400к,2021-02-21
4160,25-34,Костанай,до 200к,2024-04-14
4161,35-44,Алматы,до 200к,2020-10-28
4162,25-34,Алматы,200-400к,2022-09-16
4163,45-54,Караганда,700к+,2024-10-21
4164,25-34,Алматы,700к+,2021-08-26
4165,35-44,Алматы,200-400к,2023-10-02
4166,25-34,Алматы,до 200к,2024-09-01
4167,18-24,Шымкент,200-400к,2022-09-08
4168,25-34,Атырау,200-400к,2024-08-27
4169,35-44,Алматы,до 200к,2023-06-29
4170,25-34,Павлодар,до 200к,2022-10-07
4171,55+,Атырау,200-400к,2020-08-24
4172,35-44,Алматы,200-400к,2023-12-05
4173,55+,Астана,400-700к,2021-09-13
4174,25-34,Алматы,200-400к,2021-07-25
4175,45-54,Павлодар,до 200к,2025-01-13
4176,35-44,Актобе,до 200к,2021-11-28
4177,35-44,Караганда,400-700к,2021-12-20
4178,55+,Караганда,200-400к,2025-03-03
4179,35-44,Астана,до 200к,2021-08-02
4180,45-54,Павлодар,400-700к,2024-01-12
4181,35-44,Павлодар,200-400к,2022-11-06
4182,18-24,Актобе,до 200к,2020-05-24
4183,35-44,Астана,до 200к,2023-03-09
4184,25-34,Алматы,700к+,2022-07-04
4185,45-54,Алматы,200-400к,2023-12-22
4186,45-54,Алматы,до 200к,2022-03-02
4187,18-24,Шымкент,200-400к,2021-04-25
4188,18-24,Атырау,до 200к,2021-04-06
4189,18-24,Костанай,400-700к,2022-11-22
4190,25-34,Алматы,400-700к,2025-06-12
4191,18-24,Алматы,400-700к,2022-06-20
4192,35-44,Алматы,200-400к,2020-09-28
4193,35-44,Костанай,400-700к,2024-07-02
4194,45-54,Актобе,200-400к,2021-09-20
4195,25-34,Астана,400-700к,2022-04-28
4196,35-44,Шымкент,до 200к,2024-08-24
4197,18-24,Шымкент,до 200к,2020-08-09
4198,45-54,Алматы,700к+,2020-09-21
4199,25-34,Алматы,700к+,2021-02-06
4200,18-24,Астана,200-400к,2022-01-22
4201,25-34,Алматы,200-400к,2024-09-11
4202,45-54,Шымкент,до 200к,2023-06-22
4203,18-24,Астана,200-400к,2024-03-31
4204,35-44,Актобе,до 200к,2021-11-04
4205,35-44,Шымкент,200-400к,2022-04-05
4206,35-44,Шымкент,200-400к,2022-03-28
4207,25-34,Костанай,400-700к,2020-08-15
4208,18-24,Астана,700к+,2023-01-05
4209,25-34,Караганда,700к+,2021-10-26
4210,25-34,Алматы,400-700к,2025-03-20
4211,35-44,Актобе,до 200к,2023-10-14
4212,25-34,Шымкент,до 200к,2024-10-07
4213,25-34,Алматы,200-400к,2021-01-25
4214,18-24,Алматы,до 200к,2020-08-11
4215,35-44,Караганда,200-400к,2022-05-23
4216,25-34,Караганда,200-400к,2023-02-12
4217,35-44,Караганда,400-700к,2023-01-24
4218,18-24,Астана,200-400к,2023-07-30
4219,55+,Караганда,200-400к,2024-07-22
4220,35-44,Шымкент,400-700к,2021-10-13
4221,25-34,Алматы,200-400к,2021-08-06
4222,18-24,Шымкент,до 200к,2021-06-12
4223,25-34,Шымкент,200-400к,2021-12-27
4224,25-34,Атырау,200-400к,2023-04-10
4225,25-34,Астана,до 200к,2024-05-24
4226,45-54,Астана,200-400к,2022-04-09
4227,35-44,Костанай,700к+,2022-04-16
4228,25-34,Павлодар,до 200к,2024-12-15
4229,35-44,Алматы,200-400к,2021-11-17
4230,25-34,Павлодар,до 200к,2020-11-23
4231,55+,Алматы,200-400к,2021-11-20
4232,18-24,Атырау,700к+,2020-03-23
4233,35-44,Алматы,200-400к,2022-01-01
4234,35-44,Астана,400-700к,2024-12-04
4235,18-24,Костанай,400-700к,2024-06-08
4236,25-34,Алматы,до 200к,2024-11-27
4237,25-34,Атырау,400-700к,2021-08-23
4238,45-54,Астана,700к+,2022-04-13
4239,35-44,Алматы,700к+,2024-08-23
4240,35-44,Костанай,200-400к,2024-02-16
4241,45-54,Шымкент,до 200к,2021-01-05
4242,45-54,Павлодар,до 200к,2024-08-18
4243,25-34,Атырау,до 200к,2020-07-24
4244,35-44,Алматы,200-400к,2021-05-24
4245,35-44,Алматы,200-400к,2022-12-01
4246,25-34,Астана,400-700к,2023-08-01
4247,45-54,Шымкент,400-700к,2024-05-15
4248,18-24,Алматы,до 200к,2024-01-14
4249,25-34,Астана,700к+,2021-07-22
4250,45-54,Атырау,до 200к,2021-12-15
4251,25-34,Алматы,до 200к,2023-12-14
4252,25-34,Караганда,400-700к,2025-03-06
4253,25-34,Астана,до 200к,2024-10-01
4254,35-44,Алматы,до 200к,2025-04-18
4255,45-54,Алматы,700к+,2023-09-12
4256,18-24,Алматы,700к+,2022-08-31
4257,18-24,Шымкент,400-700к,2024-03-13
4258,25-34,Алматы,до 200к,2020-05-31
4259,55+,Атырау,до 200к,2025-02-15
4260,25-34,Атырау,до 200к,2025-01-11
4261,55+,Алматы,до 200к,2022-10-06
4262,45-54,Павлодар,700к+,2022-11-11
4263,25-34,Костанай,до 200к,2022-11-25
4264,45-54,Алматы,400-700к,2020-10-04
4265,35-44,Костанай,до 200к,2021-02-15
4266,35-44,Алматы,200-400к,2024-01-04
4267,25-34,Караганда,до 200к,2020-03-06
4268,45-54,Алматы,до 200к,2023-10-06
4269,45-54,Атырау,до 200к,2021-09-02
4270,35-44,Атырау,700к+,2020-10-06
4271,55+,Костанай,200-400к,2023-04-07
4272,25-34,Костанай,200-400к,2021-07-03
4273,45-54,Алматы,до 200к,2022-06-13
4274,45-54,Караганда,400-700к,2024-09-24
4275,25-34,Алматы,400-700к,2023-10-27
4276,18-24,Алматы,200-400к,2025-04-23
4277,25-34,Алматы,400-700к,2022-03-05
4278,45-54,Павлодар,400-700к,2022-03-21
4279,25-34,Караганда,700к+,2023-10-06
4280,35-44,Алматы,700к+,2020-09-26
4281,18-24,Костанай,200-400к,2024-09-10
4282,25-34,Атырау,до 200к,2021-12-04
4283,35-44,Астана,до 200к,2022-07-28
4284,18-24,Астана,до 200к,2022-10-12
4285,45-54,Актобе,200-400к,2020-05-13
4286,25-34,Караганда,200-400к,2021-08-23
4287,45-54,Астана,200-400к,2020-10-06
4288,25-34,Шымкент,200-400к,2023-05-07
4289,55+,Алматы,200-400к,2023-11-13
4290,35-44,Шымкент,700к+,2020-01-16
4291,18-24,Астана,до 200к,2020-01-17
4292,18-24,Астана,до 200к,2024-06-20
4293,18-24,Алматы,200-400к,2021-10-31
4294,35-44,Караганда,200-400к,2024-08-16
4295,45-54,Астана,200-400к,2023-08-09
4296,25-34,Астана,400-700к,2024-04-16
4297,25-34,Алматы,до 200к,2022-02-07
4298,35-44,Костанай,200-400к,2021-08-29
4299,35-44,Алматы,700к+,2023-12-16
4300,35-44,Астана,200-400к,2023-06-18
4301,25-34,Алматы,200-400к,2023-02-14
4302,35-44,Караганда,до 200к,2021-12-31
4303,55+,Астана,200-400к,2023-05-12
4304,25-34,Астана,до 200к,2022-02-17
4305,18-24,Павлодар,200-400к,2024-11-15
4306,18-24,Актобе,200-400к,2023-11-19
4307,35-44,Шымкент,700к+,2022-03-05
4308,25-34,Астана,200-400к,2024-08-14
4309,55+,Костанай,до 200к,2020-05-22
4310,35-44,Костанай,400-700к,2024-07-19
4311,35-44,Караганда,200-400к,2022-04-09
4312,45-54,Актобе,400-700к,2021-04-07
4313,25-34,Павлодар,до 200к,2024-07-18
4314,45-54,Костанай,400-700к,2023-08-09
4315,18-24,Алматы,700к+,2020-05-28
4316,35-44,Костанай,до 200к,2021-06-18
4317,55+,Караганда,200-400к,2022-06-21
4318,45-54,Шымкент,200-400к,2023-06-10
4319,45-54,Астана,до 200к,2024-05-31
4320,25-34,Астана,200-400к,2022-01-04
4321,45-54,Атырау,200-400к,2024-06-05
4322,35-44,Караганда,до 200к,2024-04-28
4323,35-44,Алматы,до 200к,2022-01-26
4324,18-24,Шымкент,400-700к,2025-02-17
4325,25-34,Алматы,200-400к,2025-03-03
4326,35-44,Астана,до 200к,2021-08-02
4327,18-24,Шымкент,700к+,2023-01-18
4328,35-44,Караганда,400-700к,2024-10-03
4329,45-54,Алматы,700к+,2022-12-13
4330,45-54,Алматы,200-400к,2024-01-20
4331,18-24,Алматы,до 200к,2024-05-17
4332,55+,Шымкент,до 200к,2023-02-06
4333,18-24,Павлодар,700к+,2021-12-20
4334,25-34,Актобе,400-700к,2022-11-15
4335,45-54,Актобе,400-700к,2024-07-22
4336,18-24,Астана,200-400к,2021-09-30
4337,18-24,Алматы,200-400к,2024-08-15
4338,18-24,Павлодар,400-700к,2021-02-10
4339,35-44,Шымкент,до 200к,2022-07-13
4340,45-54,Алматы,200-400к,2020-06-15
4341,18-24,Шымкент,200-400к,2024-09-04
4342,18-24,Караганда,400-700к,2023-11-25
4343,35-44,Астана,200-400к,2020-08-24
4344,25-34,Алматы,400-700к,2021-03-20
4345,35-44,Караганда,до 200к,2022-11-21
4346,55+,Алматы,до 200к,2022-09-17
4347,35-44,Астана,до 200к,2020-08-13
4348,45-54,Атырау,200-400к,2024-11-14
4349,35-44,Костанай,200-400к,2022-07-10
4350,45-54,Астана,200-400к,2023-09-04
4351,25-34,Алматы,200-400к,2024-02-14
4352,18-24,Астана,200-400к,2020-12-04
4353,35-44,Алматы,200-400к,2021-10-28
4354,18-24,Павлодар,400-700к,2024-01-08
4355,45-54,Актобе,до 200к,2024-03-27
4356,35-44,Астана,200-400к,2021-03-05
4357,55+,Актобе,до 200к,2021-10-01
4358,25-34,Астана,до 200к,2024-04-08
4359,25-34,Шымкент,200-400к,2021-11-18
4360,35-44,Павлодар,400-700к,2020-06-04
4361,25-34,Алматы,200-400к,2022-09-22
4362,35-44,Астана,200-400к,2020-10-10
4363,35-44,Павлодар,до 200к,2023-04-02
4364,55+,Астана,до 200к,2025-02-11
4365,35-44,Астана,400-700к,2020-07-20
4366,18-24,Алматы,200-400к,2021-07-14
4367,25-34,Астана,400-700к,2023-02-06
4368,35-44,Шымкент,400-700к,2020-10-28
4369,25-34,Астана,200-400к,2022-12-05
4370,25-34,Алматы,до 200к,2021-03-05
4371,25-34,Астана,400-700к,2023-06-25
4372,18-24,Караганда,400-700к,2021-12-23
4373,35-44,Павлодар,200-400к,2025-01-25
4374,25-34,Караганда,200-400к,2024-08-02
4375,35-44,Караганда,200-400к,2025-06-10
4376,25-34,Атырау,200-400к,2020-11-01
4377,35-44,Алматы,200-400к,2025-03-11
4378,25-34,Астана,до 200к,2020-02-01
4379,45-54,Алматы,200-400к,2021-03-14
4380,18-24,Астана,200-400к,2024-09-25
4381,35-44,Костанай,200-400к,2024-09-20
4382,25-34,Астана,400-700к,2021-08-22
4383,25-34,Атырау,200-400к,2024-08-10
4384,25-34,Алматы,400-700к,2020-06-02
4385,45-54,Астана,до 200к,2021-11-03
4386,45-54,Астана,200-400к,2020-02-25
4387,25-34,Алматы,до 200к,2022-10-31
4388,25-34,Астана,200-400к,2024-12-04
4389,35-44,Караганда,400-700к,2023-05-11
4390,35-44,Астана,до 200к,2022-11-12
4391,25-34,Атырау,700к+,2021-01-31
4392,35-44,Павлодар,200-400к,2023-05-05
4393,35-44,Астана,200-400к,2021-10-10
4394,35-44,Костанай,200-400к,2023-05-17
4395,25-34,Алматы,400-700к,2020-09-18
4396,25-34,Алматы,200-400к,2022-11-10
4397,25-34,Астана,до 200к,2022-09-22
4398,35-44,Шымкент,700к+,2024-03-18
4399,25-34,Шымкент,200-400к,2024-12-23
4400,35-44,Шымкент,200-400к,2024-12-17
4401,45-54,Павлодар,200-400к,2021-11-14
4402,35-44,Алматы,до 200к,2023-07-06
4403,18-24,Атырау,400-700к,2023-07-30
4404,25-34,Шымкент,200-400к,2024-08-14
4405,25-34,Астана,400-700к,2024-06-02
4406,35-44,Астана,до 200к,2020-01-20
4407,45-54,Астана,400-700к,2024-05-20
4408,25-34,Астана,700к+,2022-08-18
4409,45-54,Актобе,700к+,2025-03-15
4410,25-34,Астана,400-700к,2023-04-23
4411,25-34,Алматы,400-700к,2022-02-12
4412,18-24,Актобе,200-400к,2021-02-06
4413,35-44,Караганда,до 200к,2025-03-13
4414,25-34,Костанай,200-400к,2020-11-16
4415,25-34,Шымкент,200-400к,2020-06-29
4416,35-44,Караганда,до 200к,2020-09-29
4417,35-44,Астана,400-700к,2023-01-08
4418,18-24,Караганда,до 200к,2021-07-23
4419,18-24,Астана,200-400к,2023-03-07
4420,35-44,Алматы,200-400к,2024-07-04
4421,25-34,Костанай,400-700к,2021-08-05
4422,25-34,Актобе,до 200к,2020-02-25
4423,35-44,Шымкент,до 200к,2021-12-19
4424,25-34,Астана,200-400к,2023-04-19
4425,35-44,Актобе,200-400к,2023-12-27
4426,25-34,Алматы,до 200к,2020-05-16
4427,25-34,Астана,200-400к,2024-10-22
4428,18-24,Алматы,700к+,2023-04-01
4429,25-34,Алматы,400-700к,2022-08-21
4430,18-24,Алматы,до 200к,2021-05-19
4431,25-34,Актобе,до 200к,2025-04-01
4432,45-54,Алматы,200-400к,2020-11-10
4433,45-54,Атырау,200-400к,2022-06-16
4434,25-34,Павлодар,700к+,2022-07-20
4435,35-44,Алматы,до 200к,2022-12-29
4436,35-44,Караганда,200-400к,2021-04-07
4437,45-54,Астана,700к+,2025-03-02
4438,25-34,Павлодар,до 200к,2022-01-26
4439,25-34,Астана,700к+,2023-11-25
4440,25-34,Астана,200-400к,2023-06-20
4441,18-24,Астана,400-700к,2021-02-09
4442,25-34,Павлодар,200-400к,2025-02-15
4443,45-54,Алматы,400-700к,2022-07-09
4444,45-54,Атырау,700к+,2023-05-20
4445,18-24,Алматы,до 200к,2023-07-15
4446,25-34,Караганда,400-700к,2022-10-11
4447,25-34,Астана,до 200к,2023-06-30
4448,25-34,Алматы,до 200к,2023-01-19
4449,35-44,Алматы,200-400к,2024-01-21
4450,18-24,Астана,200-400к,2022-08-02
4451,45-54,Актобе,200-400к,2024-06-12
4452,55+,Актобе,до 200к,2023-01-30
4453,35-44,Алматы,до 200к,2025-06-20
4454,35-44,Астана,до 200к,2023-02-14
4455,35-44,Алматы,до 200к,2023-03-26
4456,25-34,Актобе,до 200к,2022-09-11
4457,25-34,Атырау,400-700к,2022-03-05
4458,35-44,Павлодар,до 200к,2024-04-25
4459,18-24,Павлодар,700к+,2023-06-23
4460,45-54,Астана,до 200к,2022-02-20
4461,25-34,Алматы,200-400к,2024-06-01
4462,25-34,Павлодар,до 200к,2020-08-05
4463,25-34,Алматы,до 200к,2020-05-04
4464,55+,Алматы,200-400к,2023-07-10
4465,25-34,Астана,200-400к,2022-07-05
4466,25-34,Актобе,200-400к,2024-05-11
4467,25-34,Караганда,200-400к,2023-08-21
4468,35-44,Костанай,400-700к,2024-04-09
4469,55+,Астана,200-400к,2021-06-14
4470,25-34,Алматы,до 200к,2021-05-19
4471,45-54,Астана,до 200к,2021-05-17
4472,25-34,Актобе,200-400к,2023-07-18
4473,35-44,Алматы,700к+,2023-09-10
4474,18-24,Костанай,до 200к,2025-06-20
4475,25-34,Шымкент,200-400к,2021-03-09
4476,35-44,Актобе,200-400к,2020-07-28
4477,35-44,Атырау,700к+,2025-03-31
4478,25-34,Астана,до 200к,2022-11-11
4479,45-54,Актобе,400-700к,2022-01-03
4480,55+,Астана,400-700к,2021-09-02
4481,25-34,Атырау,200-400к,2024-11-02
4482,35-44,Атырау,400-700к,2024-05-01
4483,45-54,Шымкент,200-400к,2020-12-15
4484,25-34,Алматы,до 200к,2021-10-11
4485,45-54,Костанай,до 200к,2024-10-06
4486,25-34,Костанай,200-400к,2024-01-07
4487,35-44,Шымкент,200-400к,2024-06-18
4488,18-24,Костанай,400-700к,2020-11-16
4489,25-34,Шымкент,200-400к,2023-03-04
4490,35-44,Астана,400-700к,2020-05-13
4491,35-44,Астана,200-400к,2022-06-19
4492,45-54,Алматы,200-400к,2020-07-27
4493,55+,Шымкент,до 200к,2021-06-20
4494,18-24,Караганда,400-700к,2021-06-04
4495,25-34,Алматы,до 200к,2021-01-12
4496,25-34,Алматы,200-400к,2024-08-26
4497,25-34,Актобе,200-400к,2022-01-12
4498,25-34,Атырау,400-700к,2020-10-27
4499,45-54,Костанай,до 200к,2025-05-30
4500,35-44,Алматы,200-400к,2020-03-07
4501,18-24,Атырау,до 200к,2020-10-23
4502,25-34,Алматы,400-700к,2024-09-02
4503,35-44,Алматы,400-700к,2022-06-21
4504,25-34,Актобе,400-700к,2022-01-19
4505,18-24,Астана,до 200к,2021-09-02
4506,25-34,Атырау,200-400к,2023-03-23
4507,25-34,Астана,до 200к,2021-12-18
4508,25-34,Алматы,200-400к,2020-06-16
4509,35-44,Шымкент,700к+,2025-04-11
4510,25-34,Алматы,до 200к,2024-12-19
4511,35-44,Алматы,200-400к,2020-12-18
4512,35-44,Алматы,до 200к,2022-10-05
4513,45-54,Астана,200-400к,2022-06-26
4514,18-24,Актобе,200-400к,2020-06-28
4515,18-24,Алматы,200-400к,2022-03-08
4516,25-34,Шымкент,200-400к,2023-06-21
4517,25-34,Шымкент,700к+,2020-07-27
4518,25-34,Шымкент,400-700к,2022-01-01
4519,35-44,Астана,700к+,2021-05-17
4520,25-34,Караганда,до 200к,2021-12-07
4521,18-24,Атырау,700к+,2023-06-13
4522,25-34,Алматы,200-400к,2022-03-27
4523,35-44,Атырау,до 200к,2024-03-15
4524,45-54,Алматы,200-400к,2022-10-13
4525,35-44,Астана,до 200к,2023-10-15
4526,35-44,Шымкент,400-700к,2023-05-23
4527,35-44,Алматы,до 200к,2024-06-21
4528,35-44,Алматы,200-400к,2020-10-19
4529,25-34,Алматы,до 200к,2025-06-04
4530,35-44,Алматы,до 200к,2024-02-17
4531,35-44,Шымкент,400-700к,2021-01-31
4532,25-34,Алматы,200-400к,2020-02-24
4533,35-44,Атырау,200-400к,2020-02-21
4534,25-34,Павлодар,400-700к,2023-10-30
4535,35-44,Астана,400-700к,2022-04-25
4536,18-24,Алматы,200-400к,2021-01-01
4537,35-44,Астана,до 200к,2021-09-27
4538,45-54,Павлодар,700к+,2022-06-12
4539,25-34,Астана,200-400к,2020-03-23
4540,25-34,Алматы,до 200к,2023-01-28
4541,18-24,Костанай,до 200к,2020-03-13
4542,18-24,Астана,до 200к,2023-07-18
4543,55+,Астана,700к+,2020-05-02
4544,25-34,Павлодар,700к+,2024-05-01
4545,25-34,Павлодар,200-400к,2021-05-21
4546,25-34,Астана,400-700к,2022-10-29
4547,55+,Астана,400-700к,2022-02-10
4548,25-34,Астана,200-400к,2024-10-26
4549,35-44,Алматы,200-400к,2024-05-07
4550,25-34,Астана,700к+,2025-03-25
4551,18-24,Алматы,до 200к,2023-12-01
4552,35-44,Караганда,до 200к,2025-05-06
4553,18-24,Актобе,400-700к,2021-03-26
4554,35-44,Костанай,400-700к,2021-10-01
4555,25-34,Атырау,до 200к,2024-06-07
4556,35-44,Алматы,200-400к,2020-03-05
4557,35-44,Алматы,400-700к,2020-12-23
4558,35-44,Шымкент,200-400к,2023-12-02
4559,18-24,Алматы,400-700к,2022-03-10
4560,35-44,Алматы,400-700к,2021-05-18
4561,55+,Актобе,200-400к,2021-08-29
4562,25-34,Астана,200-400к,2024-03-15
4563,25-34,Алматы,200-400к,2022-08-18
4564,45-54,Шымкент,до 200к,2020-01-11
4565,25-34,Костанай,200-400к,2022-10-30
4566,35-44,Караганда,200-400к,2024-04-03
4567,35-44,Алматы,400-700к,2020-11-28
4568,18-24,Шымкент,400-700к,2020-05-20
4569,35-44,Павлодар,до 200к,2023-06-09
4570,35-44,Алматы,400-700к,2024-10-24
4571,25-34,Караганда,200-400к,2020-05-21
4572,45-54,Актобе,до 200к,2023-07-26
4573,25-34,Караганда,200-400к,2024-04-06
4574,25-34,Алматы,400-700к,2020-11-19
4575,45-54,Павлодар,200-400к,2021-06-04
4576,25-34,Астана,200-400к,2022-10-12
4577,45-54,Алматы,200-400к,2023-05-06
4578,18-24,Алматы,200-400к,2022-10-07
4579,25-34,Астана,200-400к,2021-01-02
4580,18-24,Алматы,200-400к,2024-10-24
4581,35-44,Актобе,700к+,2022-04-21
4582,45-54,Атырау,200-400к,2022-11-30
4583,45-54,Алматы,до 200к,2022-12-07
4584,55+,Атырау,200-400к,2023-01-05
4585,35-44,Костанай,400-700к,2021-08-02
4586,35-44,Алматы,200-400к,2021-09-29
4587,35-44,Актобе,400-700к,2020-10-04
4588,45-54,Костанай,до 200к,2023-12-28
4589,35-44,Атырау,200-400к,2021-09-19
4590,45-54,Шымкент,400-700к,2020-04-10
4591,25-34,Павлодар,200-400к,2020-04-03
4592,25-34,Караганда,200-400к,2025-04-19
4593,35-44,Астана,200-400к,2022-05-05
4594,25-34,Алматы,400-700к,2023-04-27
4595,25-34,Шымкент,200-400к,2022-12-04
4596,55+,Астана,200-400к,2024-08-18
4597,25-34,Астана,200-400к,2024-11-10
4598,25-34,Алматы,200-400к,2024-04-11
4599,25-34,Атырау,200-400к,2025-05-18
4600,25-34,Караганда,200-400к,2021-03-12
4601,35-44,Астана,до 200к,2022-06-17
4602,45-54,Алматы,400-700к,2021-08-01
4603,55+,Алматы,200-400к,2024-07-23
4604,35-44,Алматы,до 200к,2021-07-10
4605,35-44,Караганда,до 200к,2024-05-07
4606,25-34,Алматы,200-400к,2021-03-27
4607,45-54,Костанай,200-400к,2023-10-17
4608,25-34,Алматы,400-700к,2020-02-01
4609,18-24,Алматы,200-400к,2024-04-26
4610,55+,Атырау,400-700к,2024-07-11
4611,45-54,Астана,до 200к,2023-01-31
4612,25-34,Астана,200-400к,2022-12-11
4613,35-44,Алматы,200-400к,2022-07-07
4614,25-34,Караганда,200-400к,2023-03-28
4615,25-34,Астана,700к+,2023-02-04
4616,25-34,Атырау,400-700к,2022-09-10
4617,18-24,Караганда,до 200к,2022-11-07
4618,35-44,Павлодар,до 200к,2020-09-05
4619,25-34,Караганда,400-700к,2022-07-20
4620,35-44,Актобе,до 200к,2022-05-22
4621,25-34,Караганда,700к+,2024-11-25
4622,55+,Астана,до 200к,2021-08-10
4623,35-44,Караганда,200-400к,2025-04-20
4624,45-54,Караганда,до 200к,2024-11-19
4625,18-24,Алматы,200-400к,2024-04-15
4626,35-44,Караганда,до 200к,2023-11-03
4627,45-54,Алматы,200-400к,2021-09-25
4628,25-34,Шымкент,700к+,2020-11-21
4629,25-34,Алматы,до 200к,2024-04-28
4630,25-34,Алматы,200-400к,2023-11-04
4631,25-34,Алматы,до 200к,2024-07-21
4632,25-34,Алматы,200-400к,2023-01-01
4633,25-34,Алматы,до 200к,2024-12-01
4634,25-34,Алматы,400-700к,2020-06-12
4635,35-44,Шымкент,400-700к,2020-08-07
4636,18-24,Астана,400-700к,2020-05-19
4637,25-34,Костанай,700к+,2021-10-05
4638,35-44,Атырау,до 200к,2020-10-21
4639,25-34,Алматы,до 200к,2020-03-22
4640,25-34,Астана,до 200к,2024-06-08
4641,25-34,Астана,400-700к,2020-11-08
4642,18-24,Астана,до 200к,2024-07-17
4643,25-34,Астана,400-700к,2023-07-09
4644,18-24,Караганда,700к+,2023-05-01
4645,25-34,Караганда,до 200к,2020-08-21
4646,55+,Астана,до 200к,2020-02-01
4647,45-54,Караганда,200-400к,2020-10-06
4648,25-34,Астана,200-400к,2021-09-26
4649,25-34,Атырау,200-400к,2025-03-27
4650,25-34,Костанай,до 200к,2022-03-12
4651,45-54,Астана,400-700к,2021-04-11
4652,45-54,Актобе,400-700к,2021-07-22
4653,18-24,Атырау,до 200к,2021-10-31
4654,18-24,Астана,до 200к,2023-03-08
4655,25-34,Алматы,400-700к,2024-05-31
4656,45-54,Актобе,до 200к,2020-05-04
4657,45-54,Астана,400-700к,2024-03-29
4658,18-24,Алматы,200-400к,2020-02-09
4659,35-44,Караганда,700к+,2021-10-05
4660,25-34,Астана,400-700к,2023-03-21
4661,35-44,Алматы,400-700к,2020-07-28
4662,45-54,Костанай,400-700к,2021-06-13
4663,25-34,Алматы,200-400к,2023-07-01
4664,18-24,Шымкент,до 200к,2023-10-05
4665,35-44,Караганда,400-700к,2020-06-14
4666,25-34,Алматы,200-400к,2024-04-04
4667,45-54,Актобе,200-400к,2022-03-27
4668,25-34,Караганда,200-400к,2023-05-07
4669,45-54,Астана,до 200к,2021-03-01
4670,25-34,Шымкент,200-400к,2025-06-02
4671,25-34,Костанай,до 200к,2024-03-02
4672,25-34,Павлодар,200-400к,2023-07-09
4673,18-24,Алматы,200-400к,2021-01-06
4674,25-34,Астана,400-700к,2024-03-25
4675,35-44,Шымкент,200-400к,2022-01-24
4676,25-34,Павлодар,700к+,2023-07-06
4677,18-24,Атырау,700к+,2023-07-24
4678,18-24,Астана,до 200к,2024-05-29
4679,18-24,Павлодар,200-400к,2024-07-30
4680,45-54,Астана,до 200к,2022-02-20
4681,55+,Алматы,400-700к,2020-06-11
4682,18-24,Шымкент,200-400к,2022-05-18
4683,35-44,Астана,до 200к,2022-03-11
4684,35-44,Караганда,до 200к,2021-11-01
4685,55+,Астана,200-400к,2022-09-04
4686,25-34,Атырау,до 200к,2023-02-26
4687,25-34,Костанай,200-400к,2023-05-31
4688,25-34,Алматы,400-700к,2022-01-19
4689,45-54,Шымкент,до 200к,2023-05-17
4690,35-44,Актобе,400-700к,2025-05-29
4691,25-34,Алматы,200-400к,2023-07-25
4692,25-34,Атырау,200-400к,2023-04-21
4693,35-44,Шымкент,до 200к,2021-07-25
4694,45-54,Алматы,до 200к,2021-11-02
4695,25-34,Атырау,700к+,2020-04-13
4696,35-44,Астана,200-400к,2022-10-13
4697,25-34,Алматы,200-400к,2020-05-28
4698,25-34,Алматы,400-700к,2024-04-10
4699,35-44,Актобе,до 200к,2025-03-29
4700,35-44,Павлодар,до 200к,2024-05-31
4701,55+,Астана,до 200к,2020-11-09
4702,25-34,Алматы,400-700к,2023-06-28
4703,25-34,Алматы,200-400к,2022-05-11
4704,25-34,Караганда,200-400к,2020-01-05
4705,18-24,Астана,до 200к,2023-12-04
4706,25-34,Астана,400-700к,2024-10-03
4707,18-24,Астана,400-700к,2022-07-12
4708,25-34,Астана,200-400к,2024-12-24
4709,25-34,Караганда,до 200к,2020-04-21
4710,25-34,Шымкент,200-400к,2024-10-09
4711,45-54,Алматы,до 200к,2023-09-24
4712,25-34,Астана,до 200к,2023-09-04
4713,35-44,Астана,200-400к,2022-10-03
4714,45-54,Шымкент,200-400к,2020-02-24
4715,35-44,Алматы,400-700к,2022-06-23
4716,25-34,Алматы,до 200к,2025-03-16
4717,25-34,Шымкент,до 200к,2022-07-13
4718,35-44,Алматы,200-400к,2020-05-15
4719,35-44,Караганда,400-700к,2022-09-15
4720,25-34,Астана,200-400к,2020-10-25
4721,25-34,Алматы,200-400к,2022-04-22
4722,35-44,Караганда,до 200к,2023-06-09
4723,25-34,Астана,200-400к,2020-05-13
4724,35-44,Алматы,700к+,2022-07-12
4725,18-24,Атырау,до 200к,2022-10-08
4726,25-34,Астана,200-400к,2024-02-18
4727,45-54,Павлодар,до 200к,2020-05-15
4728,25-34,Алматы,200-400к,2023-06-20
4729,35-44,Павлодар,400-700к,2023-05-28
4730,25-34,Атырау,200-400к,2020-01-09
4731,25-34,Алматы,до 200к,2020-08-27
4732,45-54,Шымкент,200-400к,2023-07-09
4733,25-34,Караганда,до 200к,2024-09-16
4734,25-34,Астана,200-400к,2024-09-12
4735,45-54,Астана,400-700к,2024-03-17
4736,35-44,Костанай,до 200к,2024-08-31
4737,35-44,Караганда,200-400к,2023-04-28
4738,18-24,Костанай,200-400к,2020-11-10
4739,18-24,Атырау,400-700к,2022-11-28
4740,35-44,Атырау,до 200к,2021-11-25
4741,25-34,Актобе,200-400к,2021-05-25
4742,25-34,Караганда,до 200к,2020-08-27
4743,35-44,Павлодар,до 200к,2020-02-09
4744,25-34,Шымкент,до 200к,2024-02-11
4745,18-24,Алматы,400-700к,2020-12-06
4746,18-24,Шымкент,до 200к,2023-06-09
4747,25-34,Алматы,700к+,2021-08-28
4748,35-44,Костанай,200-400к,2022-08-26
4749,45-54,Караганда,400-700к,2022-03-05
4750,18-24,Шымкент,до 200к,2021-08-22
4751,25-34,Алматы,200-400к,2022-08-19
4752,35-44,Шымкент,400-700к,2024-04-23
4753,25-34,Астана,200-400к,2022-10-05
4754,25-34,Караганда,200-400к,2024-05-01
4755,45-54,Шымкент,400-700к,2024-12-26
4756,35-44,Астана,200-400к,2022-09-09
4757,25-34,Алматы,400-700к,2024-05-24
4758,55+,Шымкент,до 200к,2020-09-05
4759,18-24,Астана,200-400к,2023-02-05
4760,55+,Атырау,200-400к,2022-07-19
4761,35-44,Павлодар,200-400к,2020-01-12
4762,35-44,Актобе,200-400к,2024-11-27
4763,45-54,Астана,400-700к,2024-01-23
4764,35-44,Алматы,400-700к,2023-03-14
4765,25-34,Павлодар,до 200к,2023-10-23
4766,25-34,Костанай,до 200к,2024-02-17
4767,35-44,Алматы,до 200к,2024-04-04
4768,35-44,Караганда,до 200к,2021-08-12
4769,25-34,Астана,200-400к,2022-04-15
4770,35-44,Алматы,200-400к,2021-11-17
4771,35-44,Костанай,200-400к,2024-12-27
4772,25-34,Павлодар,700к+,2020-08-22
4773,18-24,Костанай,700к+,2024-12-19
4774,25-34,Алматы,200-400к,2021-11-16
4775,18-24,Астана,200-400к,2024-04-06
4776,18-24,Павлодар,до 200к,2020-12-05
4777,25-34,Караганда,200-400к,2024-08-13
4778,18-24,Астана,200-400к,2022-12-13
4779,25-34,Шымкент,до 200к,2025-05-23
4780,35-44,Алматы,400-700к,2022-02-26
4781,25-34,Шымкент,200-400к,2025-06-12
4782,55+,Атырау,до 200к,2024-07-29
4783,45-54,Алматы,200-400к,2020-01-17
4784,35-44,Алматы,200-400к,2022-02-04
4785,55+,Шымкент,200-400к,2022-03-22
4786,45-54,Шымкент,до 200к,2021-02-28
4787,25-34,Астана,до 200к,2024-10-22
4788,35-44,Алматы,200-400к,2020-06-17
4789,18-24,Актобе,200-400к,2021-06-01
4790,35-44,Алматы,до 200к,2021-05-20
4791,25-34,Караганда,400-700к,2022-04-16
4792,18-24,Шымкент,400-700к,2023-10-26
4793,25-34,Астана,200-400к,2020-01-14
4794,55+,Шымкент,400-700к,2023-06-06
4795,25-34,Караганда,200-400к,2022-03-20
4796,25-34,Шымкент,до 200к,2023-05-24
4797,25-34,Шымкент,200-400к,2020-05-03
4798,25-34,Астана,200-400к,2024-09-12
4799,45-54,Астана,200-400к,2023-02-28
4800,35-44,Астана,700к+,2021-05-20
4801,25-34,Астана,200-400к,2024-04-28
4802,25-34,Астана,до 200к,2022-07-30
4803,18-24,Алматы,до 200к,2022-02-19
4804,25-34,Актобе,400-700к,2020-12-02
4805,45-54,Алматы,до 200к,2022-09-08
4806,35-44,Павлодар,700к+,2021-03-13
4807,25-34,Караганда,до 200к,2024-01-07
4808,35-44,Алматы,400-700к,2022-01-11
4809,25-34,Караганда,до 200к,2020-08-24
4810,35-44,Астана,до 200к,2023-11-15
4811,35-44,Павлодар,до 200к,2024-08-17
4812,35-44,Павлодар,до 200к,2024-07-25
4813,35-44,Атырау,до 200к,2022-08-27
4814,55+,Шымкент,до 200к,2021-09-06
4815,25-34,Павлодар,200-400к,2021-03-18
4816,18-24,Караганда,200-400к,2022-03-06
4817,25-34,Павлодар,до 200к,2020-07-21
4818,35-44,Алматы,200-400к,2024-11-10
4819,35-44,Павлодар,400-700к,2021-05-13
4820,35-44,Караганда,700к+,2024-04-09
4821,35-44,Астана,200-400к,2022-02-09
4822,25-34,Костанай,200-400к,2023-10-12
4823,35-44,Караганда,700к+,2024-12-26
4824,35-44,Павлодар,700к+,2022-03-25
4825,25-34,Алматы,700к+,2025-04-13
4826,25-34,Шымкент,200-400к,2021-11-13
4827,25-34,Актобе,200-400к,2021-05-24
4828,25-34,Алматы,700к+,2023-12-17
4829,45-54,Актобе,200-400к,2020-10-08
4830,45-54,Караганда,до 200к,2020-07-05
4831,35-44,Алматы,700к+,2022-01-06
4832,25-34,Караганда,400-700к,2022-12-22
4833,35-44,Алматы,до 200к,2022-07-25
4834,35-44,Атырау,до 200к,2020-05-01
4835,25-34,Атырау,400-700к,2023-01-01
4836,45-54,Астана,200-400к,2023-05-31
4837,18-24,Шымкент,400-700к,2021-07-23
4838,18-24,Астана,до 200к,2023-02-10
4839,18-24,Астана,до 200к,2021-12-10
4840,25-34,Павлодар,400-700к,2020-04-29
4841,45-54,Астана,700к+,2024-01-28
4842,25-34,Астана,200-400к,2022-04-19
4843,25-34,Астана,до 200к,2025-05-21
4844,25-34,Караганда,до 200к,2021-01-19
4845,25-34,Атырау,до 200к,2020-01-16
4846,25-34,Алматы,700к+,2024-05-15
4847,18-24,Алматы,200-400к,2024-09-20
4848,35-44,Алматы,700к+,2024-12-31
4849,18-24,Алматы,400-700к,2025-06-02
4850,35-44,Астана,200-400к,2021-09-21
4851,25-34,Актобе,до 200к,2023-09-19
4852,35-44,Шымкент,700к+,2020-02-28
4853,45-54,Алматы,до 200к,2022-04-14
4854,18-24,Караганда,400-700к,2024-11-30
4855,18-24,Атырау,200-400к,2023-06-22
4856,55+,Астана,200-400к,2024-08-16
4857,25-34,Алматы,200-400к,2025-03-07
4858,35-44,Актобе,200-400к,2024-05-12
4859,18-24,Алматы,400-700к,2023-10-06
4860,25-34,Атырау,200-400к,2021-12-13
4861,35-44,Атырау,до 200к,2022-11-29
4862,45-54,Павлодар,200-400к,2020-06-08
4863,25-34,Алматы,200-400к,2023-02-28
4864,35-44,Алматы,700к+,2025-05-03
4865,35-44,Павлодар,400-700к,2020-10-22
4866,18-24,Астана,200-400к,2022-09-13
4867,25-34,Астана,700к+,2024-12-03
4868,25-34,Шымкент,200-400к,2021-12-14
4869,25-34,Алматы,до 200к,2023-03-24
4870,35-44,Караганда,до 200к,2024-04-03
4871,25-34,Костанай,400-700к,2024-04-25
4872,25-34,Караганда,200-400к,2023-09-03
4873,35-44,Астана,400-700к,2020-05-05
4874,35-44,Костанай,200-400к,2020-03-24
4875,35-44,Караганда,до 200к,2024-02-18
4876,35-44,Алматы,200-400к,2025-03-31
4877,25-34,Караганда,200-400к,2021-06-19
4878,35-44,Алматы,200-400к,2023-01-17
4879,25-34,Астана,400-700к,2020-05-22
4880,25-34,Шымкент,200-400к,2021-01-11
4881,25-34,Алматы,200-400к,2022-08-27
4882,35-44,Алматы,400-700к,2020-02-01
4883,35-44,Шымкент,200-400к,2023-03-23
4884,25-34,Астана,400-700к,2023-01-09
4885,45-54,Шымкент,до 200к,2020-07-04
4886,45-54,Алматы,200-400к,2023-04-03
4887,18-24,Караганда,200-400к,2022-06-29
4888,35-44,Павлодар,до 200к,2020-07-18
4889,25-34,Алматы,200-400к,2021-03-13
4890,55+,Актобе,200-400к,2022-12-25
4891,25-34,Алматы,200-400к,2024-06-09
4892,25-34,Астана,200-400к,2022-05-13
4893,25-34,Астана,до 200к,2023-06-18
4894,25-34,Алматы,до 200к,2022-05-25
4895,35-44,Алматы,400-700к,2024-09-18
4896,25-34,Актобе,200-400к,2025-05-04
4897,25-34,Атырау,200-400к,2022-04-25
4898,35-44,Костанай,до 200к,2021-08-14
4899,45-54,Павлодар,200-400к,2023-02-25
4900,45-54,Астана,200-400к,2024-11-03
4901,25-34,Алматы,400-700к,2023-04-13
4902,25-34,Алматы,200-400к,2021-11-20
4903,25-34,Шымкент,200-400к,2024-04-01
4904,45-54,Атырау,200-400к,2020-12-25
4905,35-44,Алматы,200-400к,2021-06-29
4906,35-44,Алматы,400-700к,2020-10-31
4907,45-54,Астана,до 200к,2024-12-30
4908,18-24,Павлодар,400-700к,2025-02-24
4909,35-44,Астана,до 200к,2025-04-01
4910,25-34,Актобе,до 200к,2020-02-16
4911,18-24,Астана,до 200к,2024-12-03
4912,25-34,Астана,до 200к,2021-03-14
4913,25-34,Астана,до 200к,2025-03-19
4914,55+,Актобе,до 200к,2021-11-11
4915,25-34,Актобе,до 200к,2021-09-04
4916,45-54,Астана,до 200к,2023-08-06
4917,35-44,Алматы,до 200к,2024-04-29
4918,35-44,Алматы,200-400к,2022-01-21
4919,45-54,Алматы,400-700к,2024-07-06
4920,25-34,Алматы,200-400к,2020-02-10
4921,25-34,Алматы,до 200к,2024-12-02
4922,25-34,Караганда,200-400к,2022-10-30
4923,25-34,Атырау,200-400к,2022-12-09
4924,45-54,Актобе,до 200к,2024-11-03
4925,25-34,Актобе,200-400к,2020-04-19
4926,25-34,Костанай,200-400к,2024-11-08
4927,25-34,Костанай,200-400к,2021-02-10
4928,25-34,Алматы,400-700к,2025-06-06
4929,35-44,Алматы,200-400к,2023-12-09
4930,25-34,Алматы,до 200к,2021-11-15
4931,35-44,Павлодар,до 200к,2020-05-12
4932,35-44,Алматы,400-700к,2020-09-01
4933,45-54,Астана,400-700к,2020-08-31
4934,25-34,Шымкент,200-400к,2020-05-19
4935,35-44,Шымкент,700к+,2023-05-16
4936,25-34,Шымкент,200-400к,2024-09-30
4937,25-34,Актобе,до 200к,2024-05-18
4938,35-44,Шымкент,400-700к,2024-02-05
4939,35-44,Атырау,до 200к,2025-05-14
4940,25-34,Алматы,200-400к,2023-06-09
4941,45-54,Атырау,200-400к,2020-07-08
4942,18-24,Шымкент,до 200к,2022-09-20
4943,35-44,Алматы,до 200к,2024-02-25
4944,55+,Костанай,200-400к,2022-07-03
4945,35-44,Павлодар,200-400к,2021-09-06
4946,45-54,Атырау,до 200к,2022-09-14
4947,35-44,Павлодар,до 200к,2024-04-11
4948,45-54,Астана,200-400к,2021-12-28
4949,35-44,Алматы,400-700к,2021-12-07
4950,35-44,Алматы,400-700к,2022-08-07
4951,25-34,Павлодар,400-700к,2022-04-18
4952,35-44,Атырау,200-400к,2021-02-24
4953,25-34,Костанай,200-400к,2021-07-13
4954,55+,Атырау,до 200к,2020-08-23
4955,25-34,Караганда,до 200к,2024-02-12
4956,25-34,Алматы,до 200к,2021-02-26
4957,45-54,Алматы,400-700к,2025-05-11
4958,25-34,Астана,200-400к,2025-04-25
4959,25-34,Актобе,до 200к,2023-09-06
4960,35-44,Алматы,200-400к,2025-06-04
4961,25-34,Павлодар,до 200к,2024-09-23
4962,25-34,Караганда,200-400к,2024-02-12
4963,25-34,Астана,200-400к,2021-12-12
4964,25-34,Павлодар,400-700к,2024-08-01
4965,25-34,Шымкент,400-700к,2021-11-12
4966,18-24,Актобе,400-700к,2020-07-26
4967,25-34,Астана,до 200к,2023-02-05
4968,25-34,Астана,200-400к,2020-09-03
4969,18-24,Алматы,400-700к,2020-07-03
4970,35-44,Шымкент,200-400к,2020-07-04
4971,35-44,Актобе,400-700к,2024-12-27
4972,18-24,Костанай,700к+,2020-05-06
4973,25-34,Павлодар,200-400к,2022-02-28
4974,45-54,Алматы,до 200к,2024-02-03
4975,35-44,Костанай,до 200к,2024-05-23
4976,25-34,Алматы,200-400к,2020-04-22
4977,25-34,Алматы,400-700к,2024-11-22
4978,25-34,Актобе,до 200к,2025-03-13
4979,45-54,Павлодар,200-400к,2025-04-23
4980,45-54,Костанай,до 200к,2023-08-01
4981,45-54,Атырау,200-400к,2022-10-21
4982,25-34,Алматы,400-700к,2020-12-07
4983,25-34,Алматы,200-400к,2020-09-04
4984,25-34,Алматы,200-400к,2024-06-23
4985,25-34,Шымкент,200-400к,2024-08-27
4986,25-34,Астана,200-400к,2024-07-05
4987,35-44,Алматы,400-700к,2023-05-21
4988,25-34,Астана,до 200к,2023-02-01
4989,45-54,Шымкент,до 200к,2021-01-22
4990,18-24,Актобе,400-700к,2020-06-30
4991,18-24,Астана,200-400к,2021-02-05
4992,45-54,Астана,до 200к,2022-03-12
4993,35-44,Караганда,200-400к,2021-08-25
4994,25-34,Караганда,200-400к,2023-01-02
4995,35-44,Алматы,до 200к,2024-04-12
4996,25-34,Алматы,200-400к,2024-01-27
4997,25-34,Костанай,до 200к,2024-07-14
4998,25-34,Актобе,400-700к,2021-08-20
4999,25-34,Алматы,200-400к,2025-02-14
5000,35-44,Шымкент,400-700к,2024-10-12
5001,25-34,Шымкент,400-700к,2021-11-28
5002,35-44,Алматы,400-700к,2021-05-16
5003,35-44,Алматы,200-400к,2024-11-10
5004,25-34,Костанай,до 200к,2025-06-19
5005,18-24,Шымкент,400-700к,2022-07-19
5006,25-34,Алматы,400-700к,2020-08-18
5007,35-44,Атырау,400-700к,2023-04-27
5008,35-44,Астана,700к+,2024-07-23
5009,35-44,Караганда,200-400к,2022-07-26
5010,25-34,Астана,200-400к,2020-09-21
5011,25-34,Алматы,400-700к,2024-01-11
5012,35-44,Алматы,до 200к,2024-02-27
5013,25-34,Костанай,400-700к,2024-10-15
5014,35-44,Караганда,400-700к,2024-09-20
5015,25-34,Атырау,200-400к,2022-08-13
5016,25-34,Алматы,200-400к,2021-09-17
5017,35-44,Актобе,200-400к,2020-11-27
5018,25-34,Астана,700к+,2020-07-21
5019,35-44,Караганда,до 200к,2024-07-11
5020,25-34,Астана,200-400к,2025-06-22
5021,45-54,Караганда,200-400к,2023-07-10
5022,45-54,Алматы,400-700к,2025-04-26
5023,45-54,Алматы,200-400к,2021-09-06
5024,35-44,Атырау,200-400к,2024-02-22
5025,35-44,Алматы,до 200к,2022-03-04
5026,35-44,Алматы,200-400к,2022-02-11
5027,25-34,Павлодар,400-700к,2023-07-04
5028,25-34,Алматы,200-400к,2020-09-25
5029,35-44,Шымкент,200-400к,2022-04-04
5030,18-24,Атырау,200-400к,2022-04-16
5031,18-24,Актобе,200-400к,2022-05-11
5032,45-54,Алматы,200-400к,2023-12-11
5033,18-24,Шымкент,400-700к,2021-07-10
5034,35-44,Шымкент,200-400к,2020-10-31
5035,35-44,Астана,200-400к,2023-05-06
5036,25-34,Актобе,200-400к,2020-02-03
5037,45-54,Костанай,400-700к,2025-05-30
5038,25-34,Алматы,до 200к,2024-12-13
5039,45-54,Алматы,до 200к,2022-02-04
5040,35-44,Актобе,200-400к,2023-10-31
5041,25-34,Астана,700к+,2022-11-03
5042,25-34,Атырау,400-700к,2023-10-19
5043,25-34,Алматы,200-400к,2021-03-14
5044,25-34,Алматы,200-400к,2025-03-09
5045,25-34,Караганда,до 200к,2024-10-28
5046,55+,Костанай,700к+,2022-11-07
5047,25-34,Алматы,200-400к,2024-10-20
5048,45-54,Атырау,400-700к,2021-09-28
5049,25-34,Астана,400-700к,2024-04-20
5050,55+,Алматы,200-400к,2024-12-23
5051,25-34,Шымкент,до 200к,2023-10-24
5052,25-34,Алматы,до 200к,2025-05-25
5053,35-44,Караганда,до 200к,2021-03-04
5054,18-24,Астана,700к+,2020-02-10
5055,45-54,Астана,400-700к,2022-11-19
5056,25-34,Алматы,200-400к,2021-10-23
5057,35-44,Атырау,400-700к,2023-07-02
5058,35-44,Павлодар,до 200к,2021-12-25
5059,35-44,Астана,до 200к,2024-10-03
5060,18-24,Астана,до 200к,2020-08-10
5061,25-34,Костанай,400-700к,2025-04-11
5062,25-34,Алматы,до 200к,2021-03-19
5063,25-34,Атырау,до 200к,2021-10-15
5064,25-34,Шымкент,до 200к,2020-02-18
5065,45-54,Павлодар,200-400к,2023-09-19
5066,35-44,Астана,200-400к,2023-10-24
5067,35-44,Астана,до 200к,2025-02-01
5068,25-34,Астана,400-700к,2020-08-01
5069,25-34,Алматы,700к+,2022-08-22
5070,35-44,Алматы,до 200к,2024-11-10
5071,25-34,Костанай,700к+,2020-03-01
5072,25-34,Алматы,400-700к,2023-03-13
5073,25-34,Алматы,400-700к,2021-04-04
5074,35-44,Алматы,до 200к,2021-12-13
5075,55+,Астана,400-700к,2024-02-20
5076,25-34,Шымкент,200-400к,2024-06-05
5077,25-34,Алматы,до 200к,2020-01-12
5078,25-34,Атырау,400-700к,2023-07-25
5079,25-34,Атырау,до 200к,2022-02-27
5080,35-44,Алматы,400-700к,2024-02-15
5081,25-34,Атырау,200-400к,2024-08-09
5082,35-44,Астана,200-400к,2024-10-21
5083,25-34,Астана,до 200к,2020-07-23
5084,18-24,Павлодар,400-700к,2024-06-03
5085,55+,Павлодар,до 200к,2025-04-12
5086,25-34,Астана,400-700к,2024-04-07
5087,45-54,Астана,400-700к,2022-01-23
5088,25-34,Астана,до 200к,2023-12-30
5089,55+,Шымкент,200-400к,2020-05-15
5090,25-34,Караганда,700к+,2022-01-24
5091,25-34,Алматы,700к+,2024-07-06
5092,35-44,Павлодар,до 200к,2023-07-27
5093,25-34,Актобе,до 200к,2021-06-14
5094,25-34,Алматы,до 200к,2023-02-05
5095,55+,Атырау,400-700к,2020-01-04
5096,35-44,Актобе,до 200к,2025-04-10
5097,35-44,Астана,до 200к,2023-01-06
5098,35-44,Шымкент,200-400к,2022-09-28
5099,45-54,Атырау,700к+,2021-10-28
5100,45-54,Костанай,200-400к,2021-03-19
5101,35-44,Астана,400-700к,2021-10-19
5102,25-34,Караганда,до 200к,2022-07-04
5103,18-24,Атырау,200-400к,2022-05-01
5104,35-44,Костанай,200-400к,2022-04-09
5105,45-54,Алматы,700к+,2022-10-13
5106,25-34,Шымкент,400-700к,2022-07-26
5107,25-34,Павлодар,до 200к,2021-09-11
5108,25-34,Алматы,200-400к,2023-03-08
5109,35-44,Астана,до 200к,2021-05-07
5110,45-54,Шымкент,до 200к,2025-03-11
5111,25-34,Шымкент,700к+,2023-08-27
5112,35-44,Актобе,200-400к,2021-07-16
5113,35-44,Алматы,400-700к,2023-10-17
5114,55+,Актобе,до 200к,2025-04-22
5115,18-24,Астана,400-700к,2024-03-09
5116,45-54,Атырау,400-700к,2024-04-08
5117,35-44,Астана,200-400к,2021-03-12
5118,35-44,Алматы,до 200к,2020-12-31
5119,18-24,Костанай,400-700к,2023-01-28
5120,35-44,Актобе,400-700к,2021-07-14
5121,35-44,Астана,до 200к,2020-08-28
5122,25-34,Алматы,700к+,2024-12-23
5123,25-34,Шымкент,400-700к,2021-11-21
5124,35-44,Костанай,до 200к,2024-05-21
5125,35-44,Астана,200-400к,2024-01-03
5126,18-24,Костанай,200-400к,2020-10-13
5127,25-34,Астана,200-400к,2021-01-10
5128,25-34,Караганда,400-700к,2023-03-15
5129,45-54,Астана,400-700к,2023-06-01
5130,55+,Алматы,до 200к,2021-07-07
5131,25-34,Павлодар,200-400к,2020-11-02
5132,25-34,Алматы,200-400к,2023-06-13
5133,25-34,Костанай,200-400к,2021-04-17
5134,25-34,Алматы,400-700к,2020-12-13
5135,45-54,Алматы,200-400к,2022-01-26
5136,35-44,Павлодар,до 200к,2021-12-04
5137,18-24,Караганда,200-400к,2022-03-15
5138,18-24,Алматы,400-700к,2022-02-16
5139,25-34,Шымкент,200-400к,2023-02-05
5140,45-54,Алматы,200-400к,2022-12-11
5141,35-44,Павлодар,700к+,2020-03-15
5142,35-44,Алматы,400-700к,2021-04-23
5143,25-34,Шымкент,400-700к,2022-10-06
5144,45-54,Алматы,200-400к,2023-12-26
5145,25-34,Караганда,200-400к,2020-03-01
5146,45-54,Павлодар,200-400к,2024-06-06
5147,45-54,Атырау,200-400к,2020-07-07
5148,25-34,Астана,до 200к,2023-07-03
5149,45-54,Алматы,200-400к,2021-03-13
5150,25-34,Алматы,200-400к,2024-12-11
5151,35-44,Павлодар,700к+,2023-10-18
5152,18-24,Алматы,400-700к,2024-04-29
5153,25-34,Караганда,до 200к,2024-06-11
5154,25-34,Астана,200-400к,2020-03-29
5155,18-24,Костанай,200-400к,2024-08-20
5156,18-24,Шымкент,200-400к,2020-06-18
5157,25-34,Шымкент,до 200к,2022-12-21
5158,35-44,Павлодар,700к+,2023-08-12
5159,25-34,Костанай,700к+,2024-12-04
5160,25-34,Шымкент,700к+,2023-12-14
5161,55+,Атырау,200-400к,2023-11-24
5162,55+,Караганда,400-700к,2025-04-19
5163,18-24,Астана,400-700к,2020-02-02
5164,25-34,Алматы,200-400к,2020-01-07
5165,35-44,Актобе,до 200к,2021-01-15
5166,35-44,Караганда,до 200к,2021-04-18
5167,25-34,Алматы,до 200к,2022-09-26
5168,35-44,Алматы,400-700к,2024-07-21
5169,18-24,Актобе,200-400к,2022-02-24
5170,25-34,Алматы,700к+,2024-11-18
5171,35-44,Караганда,200-400к,2023-07-05
5172,35-44,Актобе,до 200к,2022-07-17
5173,45-54,Астана,200-400к,2024-05-05
5174,18-24,Алматы,до 200к,2022-08-25
5175,25-34,Астана,700к+,2020-03-26
5176,18-24,Астана,до 200к,2024-09-03
5177,25-34,Шымкент,до 200к,2020-09-22
5178,18-24,Актобе,200-400к,2022-07-08
5179,35-44,Атырау,400-700к,2020-11-07
5180,35-44,Алматы,200-400к,2024-04-23
5181,35-44,Актобе,до 200к,2023-06-28
5182,25-34,Астана,400-700к,2025-03-12
5183,18-24,Атырау,до 200к,2024-09-28
5184,35-44,Алматы,200-400к,2021-06-07
5185,18-24,Шымкент,200-400к,2021-05-20
5186,45-54,Шымкент,до 200к,2021-07-02
5187,18-24,Астана,200-400к,2020-11-03
5188,35-44,Костанай,до 200к,2025-02-20
5189,45-54,Алматы,до 200к,2020-06-14
5190,35-44,Алматы,200-400к,2022-04-28
5191,35-44,Караганда,до 200к,2021-07-17
5192,35-44,Шымкент,до 200к,2020-02-01
5193,18-24,Алматы,200-400к,2024-07-19
5194,35-44,Астана,400-700к,2022-10-01
5195,45-54,Алматы,400-700к,2024-10-21
5196,55+,Атырау,400-700к,2023-05-18
5197,25-34,Шымкент,200-400к,2022-09-18
5198,25-34,Алматы,200-400к,2021-05-04
5199,35-44,Астана,200-400к,2023-03-28
5200,35-44,Павлодар,400-700к,2023-12-25
5201,25-34,Павлодар,200-400к,2020-02-25
5202,25-34,Алматы,700к+,2021-04-10
5203,25-34,Караганда,200-400к,2021-12-24
5204,25-34,Алматы,200-400к,2020-08-27
5205,25-34,Алматы,400-700к,2020-06-17
5206,18-24,Атырау,до 200к,2021-05-13
5207,18-24,Павлодар,700к+,2021-11-12
5208,45-54,Алматы,200-400к,2022-12-03
5209,18-24,Павлодар,400-700к,2024-06-15
5210,18-24,Актобе,200-400к,2024-09-07
5211,25-34,Актобе,до 200к,2022-02-02
5212,25-34,Атырау,400-700к,2022-11-24
5213,55+,Шымкент,200-400к,2020-01-29
5214,45-54,Костанай,200-400к,2024-08-24
5215,25-34,Алматы,до 200к,2021-04-14
5216,25-34,Шымкент,400-700к,2020-05-08
5217,25-34,Астана,400-700к,2023-04-19
5218,18-24,Атырау,до 200к,2022-01-15
5219,25-34,Алматы,400-700к,2022-04-02
5220,18-24,Астана,400-700к,2022-05-20
5221,18-24,Актобе,до 200к,2023-06-10
5222,35-44,Астана,700к+,2024-05-22
5223,18-24,Алматы,до 200к,2023-02-17
5224,18-24,Алматы,400-700к,2023-05-06
5225,25-34,Актобе,200-400к,2024-06-05
5226,25-34,Астана,700к+,2024-04-19
5227,18-24,Астана,200-400к,2020-12-10
5228,18-24,Шымкент,200-400к,2021-11-08
5229,25-34,Костанай,400-700к,2022-09-14
5230,25-34,Атырау,400-700к,2025-02-11
5231,45-54,Алматы,200-400к,2023-04-28
5232,45-54,Павлодар,200-400к,2024-06-15
5233,25-34,Атырау,400-700к,2024-05-08
5234,25-34,Актобе,до 200к,2025-01-04
5235,35-44,Шымкент,до 200к,2022-11-02
5236,35-44,Алматы,до 200к,2021-06-09
5237,25-34,Актобе,до 200к,2022-04-02
5238,18-24,Шымкент,400-700к,2020-01-14
5239,25-34,Астана,200-400к,2023-09-29
5240,35-44,Алматы,200-400к,2023-05-15
5241,18-24,Алматы,до 200к,2020-11-26
5242,25-34,Шымкент,400-700к,2022-09-12
5243,25-34,Алматы,до 200к,2023-12-03
5244,25-34,Караганда,до 200к,2024-04-06
5245,25-34,Атырау,400-700к,2024-03-31
5246,35-44,Астана,до 200к,2020-07-13
5247,35-44,Алматы,400-700к,2022-01-17
5248,25-34,Алматы,200-400к,2023-04-05
5249,18-24,Астана,400-700к,2020-07-29
5250,45-54,Атырау,до 200к,2021-02-01
5251,25-34,Караганда,200-400к,2025-02-28
5252,18-24,Атырау,200-400к,2022-10-26
5253,25-34,Костанай,200-400к,2023-03-02
5254,45-54,Алматы,400-700к,2020-11-12
5255,35-44,Караганда,до 200к,2023-06-21
5256,45-54,Астана,200-400к,2024-12-29
5257,35-44,Астана,до 200к,2025-04-03
5258,25-34,Астана,400-700к,2021-01-01
5259,25-34,Астана,700к+,2021-03-19
5260,25-34,Караганда,до 200к,2023-02-24
5261,35-44,Караганда,до 200к,2024-11-08
5262,35-44,Астана,400-700к,2020-01-12
5263,25-34,Алматы,400-700к,2021-03-26
5264,45-54,Шымкент,200-400к,2020-11-08
5265,25-34,Актобе,200-400к,2024-04-28
5266,18-24,Шымкент,400-700к,2022-09-25
5267,25-34,Алматы,до 200к,2023-11-29
5268,45-54,Астана,700к+,2020-03-22
5269,45-54,Актобе,400-700к,2020-09-21
5270,25-34,Актобе,400-700к,2022-12-21
5271,55+,Алматы,400-700к,2022-04-19
5272,45-54,Астана,700к+,2021-01-03
5273,45-54,Астана,до 200к,2021-06-05
5274,45-54,Караганда,700к+,2023-12-24
5275,25-34,Алматы,до 200к,2020-01-28
5276,35-44,Караганда,200-400к,2024-10-02
5277,35-44,Костанай,200-400к,2020-11-14
5278,35-44,Астана,до 200к,2024-02-26
5279,25-34,Астана,200-400к,2023-06-13
5280,35-44,Алматы,200-400к,2020-05-06
5281,55+,Алматы,до 200к,2024-03-08
5282,25-34,Павлодар,200-400к,2022-09-19
5283,55+,Костанай,200-400к,2021-08-25
5284,25-34,Алматы,200-400к,2020-08-10
5285,25-34,Павлодар,200-400к,2020-08-18
5286,18-24,Алматы,400-700к,2022-03-29
5287,45-54,Шымкент,400-700к,2021-08-12
5288,35-44,Караганда,200-400к,2024-08-06
5289,25-34,Астана,до 200к,2022-12-21
5290,35-44,Шымкент,200-400к,2020-03-23
5291,25-34,Караганда,200-400к,2024-10-19
5292,25-34,Алматы,до 200к,2021-05-18
5293,45-54,Костанай,400-700к,2023-04-28
5294,35-44,Алматы,до 200к,2024-07-11
5295,35-44,Алматы,700к+,2023-08-28
5296,35-44,Костанай,до 200к,2022-03-22
5297,55+,Астана,400-700к,2020-01-15
5298,25-34,Астана,до 200к,2021-04-15
5299,25-34,Алматы,700к+,2023-02-12
5300,18-24,Алматы,400-700к,2025-03-13
5301,35-44,Алматы,до 200к,2020-03-12
5302,35-44,Астана,до 200к,2020-11-07
5303,35-44,Шымкент,200-400к,2021-12-17
5304,25-34,Астана,до 200к,2024-04-26
5305,18-24,Павлодар,до 200к,2025-03-15
5306,35-44,Павлодар,700к+,2020-12-22
5307,55+,Астана,200-400к,2023-03-06
5308,25-34,Костанай,до 200к,2025-04-10
5309,25-34,Атырау,200-400к,2025-06-20
5310,25-34,Павлодар,до 200к,2024-04-21
5311,25-34,Караганда,400-700к,2024-04-06
5312,25-34,Алматы,до 200к,2021-07-06
5313,25-34,Алматы,200-400к,2021-09-10
5314,35-44,Павлодар,до 200к,2025-05-21
5315,25-34,Шымкент,700к+,2023-05-30
5316,25-34,Павлодар,до 200к,2020-08-16
5317,18-24,Актобе,400-700к,2020-05-18
5318,45-54,Алматы,200-400к,2024-09-15
5319,25-34,Астана,400-700к,2020-09-16
5320,25-34,Костанай,до 200к,2023-10-30
5321,18-24,Алматы,400-700к,2021-10-05
5322,35-44,Актобе,700к+,2020-12-13
5323,45-54,Костанай,до 200к,2020-08-16
5324,18-24,Алматы,до 200к,2022-12-28
5325,25-34,Алматы,700к+,2024-05-26
5326,25-34,Шымкент,200-400к,2020-01-24
5327,35-44,Атырау,400-700к,2023-11-08
5328,45-54,Шымкент,400-700к,2023-02-20
5329,25-34,Алматы,200-400к,2024-05-07
5330,25-34,Алматы,до 200к,2023-03-10
5331,35-44,Астана,200-400к,2020-09-09
5332,35-44,Астана,200-400к,2022-03-28
5333,25-34,Алматы,200-400к,2025-05-28
5334,25-34,Атырау,400-700к,2024-07-06
5335,25-34,Алматы,200-400к,2021-12-03
5336,35-44,Атырау,400-700к,2025-02-04
5337,35-44,Павлодар,до 200к,2020-01-15
5338,35-44,Караганда,200-400к,2022-12-03
5339,45-54,Караганда,до 200к,2024-03-27
5340,25-34,Алматы,до 200к,2023-09-09
5341,25-34,Шымкент,200-400к,2020-12-23
5342,18-24,Астана,700к+,2020-10-18
5343,45-54,Алматы,200-400к,2024-01-27
5344,35-44,Шымкент,до 200к,2025-06-19
5345,25-34,Алматы,200-400к,2024-03-08
5346,18-24,Алматы,400-700к,2024-09-11
5347,35-44,Караганда,200-400к,2024-12-25
5348,35-44,Астана,до 200к,2025-03-13
5349,35-44,Алматы,200-400к,2024-04-28
5350,25-34,Алматы,до 200к,2024-04-05
5351,45-54,Алматы,200-400к,2024-04-28
5352,35-44,Шымкент,до 200к,2021-10-07
5353,35-44,Шымкент,200-400к,2022-12-16
5354,35-44,Алматы,400-700к,2021-03-19
5355,45-54,Шымкент,до 200к,2022-11-27
5356,45-54,Костанай,до 200к,2022-10-19
5357,35-44,Шымкент,400-700к,2020-05-16
5358,25-34,Шымкент,200-400к,2020-06-14
5359,25-34,Караганда,400-700к,2025-03-16
5360,45-54,Павлодар,400-700к,2023-01-08
5361,35-44,Костанай,200-400к,2020-03-06
5362,18-24,Алматы,400-700к,2022-01-09
5363,25-34,Алматы,200-400к,2024-11-17
5364,45-54,Алматы,700к+,2023-12-26
5365,45-54,Актобе,400-700к,2024-07-05
5366,55+,Алматы,до 200к,2023-06-05
5367,25-34,Павлодар,200-400к,2023-11-01
5368,45-54,Алматы,до 200к,2021-05-08
5369,45-54,Шымкент,200-400к,2024-08-10
5370,25-34,Алматы,до 200к,2024-01-06
5371,25-34,Астана,200-400к,2021-04-23
5372,55+,Астана,200-400к,2021-09-14
5373,18-24,Актобе,200-400к,2024-03-14
5374,35-44,Астана,200-400к,2021-05-12
5375,35-44,Астана,до 200к,2023-08-31
5376,35-44,Актобе,200-400к,2022-04-17
5377,25-34,Павлодар,200-400к,2021-07-28
5378,35-44,Атырау,200-400к,2020-11-11
5379,25-34,Актобе,700к+,2023-12-14
5380,45-54,Астана,200-400к,2021-10-12
5381,25-34,Павлодар,200-400к,2023-01-17
5382,35-44,Астана,700к+,2021-06-03
5383,45-54,Павлодар,400-700к,2020-10-21
5384,25-34,Атырау,200-400к,2020-02-13
5385,25-34,Алматы,200-400к,2025-02-21
5386,35-44,Алматы,400-700к,2021-08-24
5387,18-24,Актобе,200-400к,2023-02-26
5388,25-34,Караганда,до 200к,2022-07-22
5389,25-34,Шымкент,200-400к,2022-01-09
5390,55+,Костанай,до 200к,2024-07-17
5391,35-44,Шымкент,200-400к,2024-12-26
5392,25-34,Астана,700к+,2020-12-26
5393,55+,Шымкент,700к+,2020-03-03
5394,25-34,Алматы,200-400к,2021-10-16
5395,25-34,Шымкент,400-700к,2020-07-25
5396,25-34,Павлодар,400-700к,2020-02-28
5397,25-34,Алматы,700к+,2024-05-29
5398,25-34,Атырау,400-700к,2020-05-30
5399,35-44,Атырау,400-700к,2020-05-20
5400,18-24,Алматы,до 200к,2021-12-13
5401,35-44,Атырау,до 200к,2023-02-09
5402,25-34,Актобе,до 200к,2022-09-26
5403,25-34,Астана,200-400к,2024-01-31
5404,25-34,Алматы,700к+,2024-02-05
5405,35-44,Астана,700к+,2020-02-03
5406,35-44,Шымкент,400-700к,2024-03-06
5407,25-34,Алматы,400-700к,2020-03-26
5408,25-34,Астана,200-400к,2025-01-01
5409,25-34,Павлодар,200-400к,2021-09-03
5410,45-54,Актобе,200-400к,2024-12-20
5411,25-34,Актобе,до 200к,2025-06-21
5412,35-44,Костанай,400-700к,2020-07-21
5413,25-34,Алматы,200-400к,2022-01-31
5414,25-34,Алматы,до 200к,2020-08-12
5415,35-44,Караганда,200-400к,2025-04-20
5416,25-34,Астана,200-400к,2022-09-20
5417,18-24,Алматы,400-700к,2024-08-02
5418,55+,Актобе,400-700к,2023-03-24
5419,25-34,Алматы,до 200к,2024-08-22
5420,25-34,Шымкент,400-700к,2023-04-10
5421,25-34,Шымкент,до 200к,2020-04-06
5422,25-34,Караганда,200-400к,2022-08-30
5423,45-54,Астана,200-400к,2023-08-02
5424,18-24,Алматы,400-700к,2025-05-16
5425,55+,Павлодар,700к+,2024-07-23
5426,35-44,Павлодар,до 200к,2022-10-14
5427,55+,Астана,400-700к,2024-05-30
5428,45-54,Алматы,400-700к,2025-02-13
5429,45-54,Шымкент,700к+,2024-10-17
5430,35-44,Астана,до 200к,2025-05-30
5431,25-34,Алматы,до 200к,2021-12-19
5432,25-34,Алматы,200-400к,2022-06-07
5433,35-44,Алматы,700к+,2020-01-29
5434,25-34,Астана,200-400к,2020-09-24
5435,35-44,Астана,200-400к,2024-06-21
5436,18-24,Атырау,700к+,2021-10-13
5437,45-54,Астана,200-400к,2022-05-27
5438,25-34,Астана,200-400к,2021-12-18
5439,55+,Алматы,700к+,2025-01-27
5440,25-34,Павлодар,200-400к,2024-11-11
5441,18-24,Алматы,до 200к,2024-01-18
5442,45-54,Алматы,до 200к,2025-04-07
5443,45-54,Караганда,200-400к,2022-12-29
5444,35-44,Караганда,до 200к,2020-12-05
5445,55+,Атырау,до 200к,2023-06-23
5446,25-34,Астана,до 200к,2020-02-10
5447,45-54,Астана,200-400к,2022-04-19
5448,25-34,Астана,400-700к,2024-07-19
5449,35-44,Шымкент,200-400к,2020-12-26
5450,25-34,Астана,400-700к,2023-01-22
5451,18-24,Астана,700к+,2024-04-03
5452,35-44,Алматы,400-700к,2024-02-11
5453,35-44,Костанай,200-400к,2023-03-29
5454,25-34,Алматы,до 200к,2021-10-25
5455,55+,Алматы,200-400к,2021-04-29
5456,35-44,Павлодар,до 200к,2020-11-13
5457,25-34,Актобе,200-400к,2024-01-13
5458,35-44,Шымкент,700к+,2021-06-13
5459,25-34,Караганда,200-400к,2023-07-23
5460,18-24,Алматы,до 200к,2020-04-06
5461,35-44,Атырау,400-700к,2021-08-06
5462,18-24,Алматы,700к+,2022-02-10
5463,18-24,Костанай,400-700к,2024-03-25
5464,35-44,Алматы,до 200к,2020-07-17
5465,18-24,Караганда,200-400к,2022-07-29
5466,45-54,Шымкент,200-400к,2022-07-16
5467,45-54,Алматы,200-400к,2021-10-05
5468,25-34,Астана,200-400к,2024-05-17
5469,35-44,Актобе,400-700к,2025-05-14
5470,18-24,Алматы,до 200к,2020-04-05
5471,35-44,Костанай,700к+,2025-02-07
5472,18-24,Астана,до 200к,2024-11-28
5473,55+,Караганда,до 200к,2024-08-11
5474,25-34,Шымкент,400-700к,2020-09-03
5475,35-44,Астана,200-400к,2022-02-14
5476,18-24,Караганда,200-400к,2023-08-04
5477,25-34,Актобе,200-400к,2021-02-12
5478,25-34,Шымкент,до 200к,2021-04-26
5479,35-44,Шымкент,до 200к,2023-01-31
5480,55+,Шымкент,400-700к,2024-08-16
5481,18-24,Астана,до 200к,2020-11-21
5482,18-24,Алматы,700к+,2020-01-21
5483,25-34,Алматы,400-700к,2025-06-14
5484,25-34,Шымкент,400-700к,2022-04-22
5485,45-54,Павлодар,400-700к,2020-06-01
5486,45-54,Алматы,400-700к,2025-04-07
5487,45-54,Шымкент,200-400к,2021-06-30
5488,25-34,Алматы,700к+,2020-08-13
5489,25-34,Шымкент,200-400к,2023-08-29
5490,35-44,Актобе,до 200к,2024-03-01
5491,25-34,Актобе,200-400к,2020-09-10
5492,35-44,Актобе,до 200к,2023-12-24
5493,25-34,Актобе,200-400к,2022-01-25
5494,25-34,Алматы,700к+,2021-09-30
5495,45-54,Шымкент,200-400к,2023-08-26
5496,25-34,Алматы,до 200к,2020-04-30
5497,55+,Павлодар,до 200к,2020-12-02
5498,25-34,Актобе,200-400к,2024-07-24
5499,18-24,Алматы,до 200к,2025-05-25
5500,25-34,Алматы,200-400к,2024-12-14
5501,25-34,Астана,400-700к,2024-04-15
5502,35-44,Костанай,200-400к,2020-09-12
5503,18-24,Алматы,200-400к,2021-09-09
5504,35-44,Шымкент,200-400к,2024-08-22
5505,45-54,Астана,до 200к,2023-11-27
5506,25-34,Караганда,200-400к,2024-07-24
5507,25-34,Караганда,200-400к,2022-04-01
5508,25-34,Алматы,200-400к,2023-02-28
5509,45-54,Актобе,200-400к,2024-01-13
5510,35-44,Алматы,200-400к,2024-04-16
5511,18-24,Атырау,до 200к,2023-12-22
5512,35-44,Алматы,200-400к,2020-03-19
5513,25-34,Шымкент,до 200к,2021-02-09
5514,25-34,Астана,400-700к,2022-09-19
5515,18-24,Шымкент,до 200к,2023-10-30
5516,55+,Алматы,400-700к,2025-04-17
5517,25-34,Шымкент,200-400к,2021-08-24
5518,25-34,Алматы,до 200к,2024-03-30
5519,25-34,Астана,до 200к,2023-08-21
5520,35-44,Атырау,700к+,2021-06-20
5521,25-34,Астана,200-400к,2020-12-12
5522,25-34,Астана,400-700к,2023-06-01
5523,25-34,Караганда,400-700к,2021-10-18
5524,35-44,Астана,200-400к,2021-03-01
5525,25-34,Атырау,200-400к,2021-03-13
5526,45-54,Астана,200-400к,2021-03-20
5527,25-34,Костанай,400-700к,2020-07-01
5528,25-34,Павлодар,200-400к,2021-01-13
5529,55+,Астана,700к+,2025-05-05
5530,45-54,Астана,200-400к,2021-01-14
5531,25-34,Караганда,400-700к,2022-03-28
5532,45-54,Актобе,до 200к,2022-09-25
5533,35-44,Алматы,200-400к,2023-11-05
5534,25-34,Алматы,до 200к,2021-09-11
5535,45-54,Алматы,700к+,2024-07-11
5536,35-44,Актобе,до 200к,2024-04-04
5537,25-34,Актобе,400-700к,2022-10-13
5538,35-44,Алматы,до 200к,2024-11-23
5539,25-34,Шымкент,до 200к,2021-11-27
5540,18-24,Актобе,200-400к,2022-09-02
5541,55+,Костанай,400-700к,2023-04-11
5542,35-44,Алматы,до 200к,2021-01-17
5543,35-44,Астана,400-700к,2020-06-12
5544,35-44,Астана,400-700к,2025-06-18
5545,35-44,Караганда,700к+,2020-04-06
5546,25-34,Алматы,200-400к,2020-04-04
5547,55+,Алматы,200-400к,2020-07-22
5548,35-44,Актобе,200-400к,2023-01-04
5549,35-44,Шымкент,до 200к,2021-06-20
5550,25-34,Алматы,200-400к,2021-03-15
5551,25-34,Астана,400-700к,2024-09-16
5552,18-24,Алматы,до 200к,2025-02-18
5553,25-34,Астана,до 200к,2024-10-17
5554,25-34,Астана,200-400к,2021-10-11
5555,35-44,Алматы,400-700к,2020-06-19
5556,45-54,Алматы,200-400к,2025-03-31
5557,25-34,Павлодар,400-700к,2022-12-27
5558,25-34,Павлодар,200-400к,2025-04-29
5559,35-44,Алматы,200-400к,2020-11-30
5560,25-34,Караганда,700к+,2025-02-28
5561,45-54,Алматы,200-400к,2021-09-11
5562,25-34,Атырау,200-400к,2024-05-04
5563,18-24,Павлодар,700к+,2020-08-08
5564,25-34,Шымкент,до 200к,2024-01-22
5565,55+,Шымкент,до 200к,2022-08-04
5566,25-34,Астана,700к+,2025-03-20
5567,35-44,Алматы,200-400к,2020-10-22
5568,25-34,Астана,700к+,2021-03-23
5569,25-34,Алматы,400-700к,2023-06-26
5570,45-54,Караганда,200-400к,2024-06-07
5571,25-34,Астана,200-400к,2024-11-11
5572,18-24,Алматы,200-400к,2020-08-14
5573,35-44,Шымкент,до 200к,2020-01-14
5574,45-54,Атырау,200-400к,2021-12-24
5575,25-34,Шымкент,400-700к,2020-07-14
5576,18-24,Шымкент,700к+,2022-03-14
5577,55+,Атырау,700к+,2022-08-11
5578,35-44,Алматы,700к+,2025-06-13
5579,45-54,Шымкент,до 200к,2020-03-07
5580,35-44,Астана,200-400к,2021-10-03
5581,35-44,Алматы,до 200к,2021-11-08
5582,25-34,Костанай,200-400к,2023-01-14
5583,25-34,Астана,700к+,2021-10-02
5584,35-44,Астана,400-700к,2023-06-20
5585,35-44,Алматы,400-700к,2024-08-25
5586,55+,Костанай,200-400к,2023-09-17
5587,35-44,Атырау,200-400к,2023-08-14
5588,25-34,Алматы,до 200к,2020-08-28
5589,25-34,Шымкент,200-400к,2024-11-09
5590,35-44,Алматы,200-400к,2023-01-23
5591,25-34,Актобе,400-700к,2020-11-25
5592,45-54,Астана,200-400к,2023-06-23
5593,35-44,Алматы,400-700к,2022-08-31
5594,18-24,Шымкент,400-700к,2024-12-11
5595,35-44,Павлодар,до 200к,2023-07-19
5596,35-44,Астана,200-400к,2025-03-29
5597,45-54,Алматы,400-700к,2025-05-03
5598,25-34,Костанай,700к+,2021-04-15
5599,35-44,Алматы,до 200к,2021-08-07
5600,25-34,Астана,400-700к,2021-02-25
5601,35-44,Шымкент,200-400к,2021-04-06
5602,18-24,Алматы,до 200к,2023-09-29
5603,45-54,Алматы,до 200к,2025-03-13
5604,45-54,Алматы,200-400к,2022-09-05
5605,35-44,Алматы,200-400к,2024-06-04
5606,35-44,Шымкент,200-400к,2024-01-27
5607,18-24,Атырау,до 200к,2021-06-05
5608,35-44,Алматы,до 200к,2024-08-23
5609,25-34,Караганда,400-700к,2022-08-15
5610,35-44,Астана,до 200к,2020-01-22
5611,18-24,Алматы,до 200к,2023-12-02
5612,35-44,Шымкент,до 200к,2024-10-23
5613,25-34,Алматы,200-400к,2021-05-05
5614,35-44,Шымкент,200-400к,2021-06-14
5615,35-44,Астана,400-700к,2024-01-04
5616,25-34,Караганда,200-400к,2025-04-22
5617,25-34,Павлодар,до 200к,2021-06-04
5618,45-54,Алматы,до 200к,2022-05-10
5619,35-44,Павлодар,400-700к,2023-09-20
5620,18-24,Алматы,до 200к,2024-08-31
5621,25-34,Алматы,до 200к,2020-03-08
5622,25-34,Алматы,до 200к,2021-02-03
5623,35-44,Атырау,400-700к,2024-11-23
5624,35-44,Караганда,400-700к,2022-11-16
5625,18-24,Костанай,200-400к,2024-02-25
5626,35-44,Караганда,до 200к,2020-05-06
5627,35-44,Астана,400-700к,2020-06-30
5628,35-44,Павлодар,до 200к,2024-01-09
5629,18-24,Костанай,200-400к,2022-01-21
5630,25-34,Атырау,400-700к,2025-02-27
5631,25-34,Шымкент,до 200к,2022-05-11
5632,25-34,Атырау,200-400к,2024-08-13
5633,25-34,Алматы,200-400к,2022-12-22
5634,18-24,Павлодар,200-400к,2023-09-22
5635,18-24,Костанай,200-400к,2023-07-31
5636,35-44,Караганда,200-400к,2020-08-25
5637,25-34,Алматы,200-400к,2024-05-07
5638,35-44,Алматы,200-400к,2025-05-21
5639,18-24,Костанай,200-400к,2022-02-12
5640,35-44,Павлодар,до 200к,2021-11-18
5641,25-34,Актобе,200-400к,2023-04-09
5642,45-54,Костанай,200-400к,2023-06-19
5643,45-54,Шымкент,200-400к,2022-02-05
5644,25-34,Павлодар,200-400к,2021-06-29
5645,35-44,Алматы,200-400к,2025-04-26
5646,25-34,Алматы,700к+,2024-07-12
5647,35-44,Шымкент,200-400к,2023-02-17
5648,18-24,Астана,400-700к,2022-01-26
5649,25-34,Астана,до 200к,2021-12-05
5650,25-34,Атырау,400-700к,2022-02-20
5651,45-54,Алматы,200-400к,2023-03-31
5652,25-34,Актобе,400-700к,2020-01-09
5653,35-44,Алматы,700к+,2023-08-07
5654,25-34,Атырау,до 200к,2023-02-24
5655,25-34,Алматы,700к+,2020-10-16
5656,25-34,Актобе,200-400к,2021-05-16
5657,45-54,Шымкент,400-700к,2021-07-08
5658,45-54,Астана,200-400к,2025-01-17
5659,18-24,Алматы,200-400к,2025-02-12
5660,35-44,Алматы,400-700к,2024-04-15
5661,25-34,Астана,до 200к,2023-09-25
5662,18-24,Алматы,200-400к,2025-03-19
5663,35-44,Алматы,до 200к,2024-01-08
5664,18-24,Актобе,до 200к,2022-02-18
5665,25-34,Алматы,400-700к,2021-12-17
5666,35-44,Алматы,400-700к,2023-08-16
5667,25-34,Астана,400-700к,2022-03-28
5668,45-54,Астана,400-700к,2022-06-22
5669,35-44,Шымкент,200-400к,2025-04-28
5670,45-54,Караганда,700к+,2024-12-23
5671,35-44,Шымкент,200-400к,2023-04-27
5672,45-54,Астана,200-400к,2021-10-10
5673,25-34,Астана,400-700к,2022-06-03
5674,35-44,Алматы,400-700к,2021-10-19
5675,35-44,Караганда,400-700к,2022-04-18
5676,45-54,Астана,200-400к,2022-01-01
5677,25-34,Атырау,200-400к,2022-06-09
5678,35-44,Шымкент,200-400к,2022-09-22
5679,35-44,Караганда,400-700к,2023-07-09
5680,25-34,Шымкент,200-400к,2024-11-10
5681,45-54,Павлодар,до 200к,2022-11-23
5682,25-34,Астана,до 200к,2021-02-18
5683,25-34,Астана,200-400к,2021-01-05
5684,35-44,Павлодар,до 200к,2023-07-26
5685,25-34,Шымкент,200-400к,2025-06-19
5686,18-24,Астана,до 200к,2021-09-03
5687,18-24,Алматы,до 200к,2020-06-25
5688,25-34,Алматы,400-700к,2020-06-14
5689,35-44,Атырау,200-400к,2021-07-02
5690,45-54,Алматы,400-700к,2025-03-22
5691,35-44,Алматы,до 200к,2024-04-10
5692,18-24,Алматы,до 200к,2024-04-20
5693,35-44,Костанай,до 200к,2021-10-27
5694,45-54,Шымкент,до 200к,2025-03-19
5695,35-44,Астана,до 200к,2022-03-26
5696,25-34,Павлодар,200-400к,2022-03-11
5697,18-24,Астана,до 200к,2025-02-18
5698,45-54,Атырау,400-700к,2024-02-22
5699,45-54,Актобе,200-400к,2021-07-31
5700,18-24,Астана,до 200к,2023-07-26
5701,45-54,Актобе,400-700к,2021-12-01
5702,18-24,Костанай,200-400к,2023-05-23
5703,18-24,Алматы,200-400к,2020-10-01
5704,35-44,Алматы,200-400к,2020-03-21
5705,35-44,Атырау,200-400к,2025-04-11
5706,25-34,Астана,200-400к,2020-05-23
5707,45-54,Шымкент,700к+,2022-03-13
5708,45-54,Алматы,200-400к,2021-01-25
5709,18-24,Атырау,200-400к,2020-01-30
5710,35-44,Актобе,400-700к,2024-02-08
5711,35-44,Костанай,200-400к,2021-07-20
5712,35-44,Астана,700к+,2024-05-15
5713,55+,Костанай,400-700к,2023-01-04
5714,35-44,Шымкент,200-400к,2023-07-18
5715,18-24,Караганда,200-400к,2023-08-30
5716,25-34,Караганда,200-400к,2021-01-19
5717,45-54,Астана,до 200к,2022-06-30
5718,55+,Шымкент,200-400к,2024-04-04
5719,18-24,Алматы,до 200к,2021-04-13
5720,18-24,Астана,200-400к,2020-08-14
5721,35-44,Караганда,200-400к,2022-04-09
5722,18-24,Алматы,700к+,2024-11-23
5723,18-24,Караганда,до 200к,2021-10-05
5724,45-54,Астана,200-400к,2022-02-08
5725,45-54,Алматы,200-400к,2020-09-09
5726,45-54,Караганда,200-400к,2023-12-25
5727,35-44,Алматы,до 200к,2021-11-06
5728,25-34,Костанай,200-400к,2020-12-04
5729,45-54,Костанай,200-400к,2020-07-23
5730,25-34,Астана,200-400к,2021-09-20
5731,25-34,Астана,200-400к,2021-02-10
5732,45-54,Алматы,до 200к,2022-09-17
5733,35-44,Актобе,200-400к,2022-05-02
5734,45-54,Алматы,700к+,2022-09-19
5735,25-34,Павлодар,до 200к,2022-01-03
5736,55+,Костанай,до 200к,2020-07-13
5737,35-44,Алматы,700к+,2024-04-03
5738,35-44,Караганда,до 200к,2023-01-01
5739,45-54,Астана,200-400к,2021-01-03
5740,25-34,Шымкент,200-400к,2020-05-30
5741,35-44,Алматы,200-400к,2025-02-22
5742,35-44,Актобе,200-400к,2025-01-21
5743,45-54,Алматы,200-400к,2021-01-12
5744,45-54,Павлодар,700к+,2022-04-23
5745,35-44,Астана,200-400к,2023-03-10
5746,18-24,Караганда,200-400к,2022-05-28
5747,25-34,Павлодар,700к+,2024-07-30
5748,55+,Актобе,до 200к,2023-02-27
5749,55+,Шымкент,700к+,2021-06-14
5750,55+,Астана,700к+,2024-04-12
5751,18-24,Астана,700к+,2024-10-15
5752,25-34,Астана,до 200к,2020-05-19
5753,35-44,Костанай,200-400к,2024-08-29
5754,35-44,Алматы,400-700к,2023-11-06
5755,18-24,Астана,200-400к,2025-01-09
5756,35-44,Актобе,200-400к,2024-12-26
5757,25-34,Астана,до 200к,2020-04-09
5758,25-34,Павлодар,до 200к,2022-05-28
5759,25-34,Алматы,400-700к,2020-05-22
5760,18-24,Алматы,700к+,2020-01-27
5761,18-24,Караганда,до 200к,2025-01-08
5762,45-54,Шымкент,до 200к,2021-05-09
5763,35-44,Павлодар,200-400к,2020-05-01
5764,55+,Астана,до 200к,2025-02-25
5765,25-34,Алматы,200-400к,2022-03-26
5766,25-34,Астана,400-700к,2020-08-24
5767,25-34,Астана,200-400к,2021-05-24
5768,35-44,Шымкент,400-700к,2020-01-28
5769,25-34,Алматы,до 200к,2023-09-16
5770,35-44,Шымкент,200-400к,2025-02-14
5771,45-54,Павлодар,400-700к,2022-02-21
5772,45-54,Астана,до 200к,2024-09-22
5773,25-34,Караганда,до 200к,2021-11-17
5774,35-44,Алматы,200-400к,2022-07-09
5775,25-34,Атырау,до 200к,2021-03-03
5776,18-24,Алматы,200-400к,2020-01-11
5777,35-44,Шымкент,400-700к,2020-11-22
5778,35-44,Астана,до 200к,2023-03-13
5779,35-44,Алматы,200-400к,2020-07-17
5780,18-24,Астана,до 200к,2024-06-21
5781,55+,Алматы,400-700к,2025-01-08
5782,55+,Павлодар,200-400к,2021-07-26
5783,25-34,Алматы,400-700к,2021-06-25
5784,45-54,Костанай,до 200к,2020-12-11
5785,25-34,Астана,400-700к,2022-03-30
5786,35-44,Алматы,400-700к,2024-12-14
5787,45-54,Астана,400-700к,2022-02-19
5788,45-54,Алматы,400-700к,2024-03-15
5789,45-54,Атырау,до 200к,2021-10-05
5790,25-34,Алматы,200-400к,2022-06-15
5791,45-54,Павлодар,200-400к,2022-09-13
5792,35-44,Алматы,до 200к,2024-12-15
5793,18-24,Астана,200-400к,2022-09-24
5794,18-24,Алматы,400-700к,2023-05-01
5795,35-44,Караганда,200-400к,2024-09-04
5796,35-44,Шымкент,700к+,2025-03-03
5797,35-44,Павлодар,400-700к,2024-11-24
5798,45-54,Астана,200-400к,2020-07-25
5799,35-44,Алматы,200-400к,2020-08-12
5800,25-34,Актобе,200-400к,2022-05-22
5801,25-34,Шымкент,200-400к,2021-12-03
5802,35-44,Атырау,до 200к,2023-09-20
5803,35-44,Астана,200-400к,2022-05-14
5804,35-44,Актобе,200-400к,2022-03-26
5805,35-44,Алматы,200-400к,2020-06-29
5806,35-44,Костанай,до 200к,2021-11-30
5807,35-44,Алматы,до 200к,2023-02-16
5808,45-54,Атырау,200-400к,2023-10-22
5809,18-24,Алматы,до 200к,2020-12-03
5810,35-44,Актобе,400-700к,2023-04-26
5811,35-44,Атырау,200-400к,2023-02-19
5812,18-24,Павлодар,до 200к,2021-07-19
5813,35-44,Астана,700к+,2024-11-14
5814,35-44,Астана,200-400к,2022-06-07
5815,35-44,Атырау,до 200к,2021-06-11
5816,45-54,Шымкент,400-700к,2023-11-14
5817,25-34,Караганда,400-700к,2021-01-12
5818,25-34,Алматы,200-400к,2023-06-07
5819,25-34,Астана,до 200к,2023-09-26
5820,25-34,Астана,400-700к,2022-06-25
5821,35-44,Караганда,до 200к,2021-02-11
5822,45-54,Алматы,200-400к,2021-06-04
5823,35-44,Астана,400-700к,2021-03-19
5824,25-34,Атырау,400-700к,2020-08-17
5825,25-34,Шымкент,200-400к,2025-06-18
5826,25-34,Павлодар,до 200к,2024-08-07
5827,35-44,Алматы,200-400к,2022-11-09
5828,25-34,Астана,400-700к,2024-06-28
5829,35-44,Шымкент,400-700к,2023-08-07
5830,45-54,Астана,400-700к,2023-05-11
5831,35-44,Караганда,до 200к,2023-12-05
5832,25-34,Алматы,700к+,2023-02-16
5833,25-34,Шымкент,до 200к,2023-01-25
5834,35-44,Алматы,200-400к,2020-09-29
5835,35-44,Караганда,400-700к,2023-05-05
5836,18-24,Атырау,200-400к,2022-06-12
5837,45-54,Алматы,200-400к,2021-05-07
5838,35-44,Астана,200-400к,2022-08-25
5839,25-34,Астана,400-700к,2024-07-24
5840,25-34,Актобе,до 200к,2022-07-11
5841,25-34,Алматы,до 200к,2022-08-10
5842,25-34,Астана,200-400к,2021-04-29
5843,25-34,Актобе,400-700к,2024-05-30
5844,35-44,Шымкент,700к+,2020-09-04
5845,25-34,Актобе,200-400к,2024-08-01
5846,45-54,Астана,400-700к,2025-02-05
5847,55+,Павлодар,200-400к,2020-12-20
5848,25-34,Алматы,200-400к,2023-01-17
5849,18-24,Алматы,до 200к,2023-03-17
5850,45-54,Шымкент,до 200к,2024-09-21
5851,55+,Астана,до 200к,2021-10-14
5852,45-54,Караганда,до 200к,2023-09-05
5853,18-24,Алматы,до 200к,2020-07-17
5854,25-34,Алматы,400-700к,2024-06-28
5855,18-24,Актобе,до 200к,2024-02-24
5856,45-54,Астана,400-700к,2021-03-07
5857,35-44,Актобе,400-700к,2020-09-07
5858,35-44,Караганда,200-400к,2020-07-31
5859,35-44,Алматы,400-700к,2024-07-16
5860,25-34,Актобе,200-400к,2023-05-12
5861,35-44,Павлодар,до 200к,2022-01-12
5862,18-24,Атырау,400-700к,2023-01-03
5863,35-44,Алматы,200-400к,2023-01-21
5864,35-44,Шымкент,200-400к,2020-07-11
5865,35-44,Павлодар,400-700к,2022-05-29
5866,25-34,Шымкент,400-700к,2023-05-07
5867,45-54,Астана,200-400к,2023-04-29
5868,35-44,Алматы,до 200к,2020-12-29
5869,18-24,Караганда,400-700к,2025-01-30
5870,25-34,Актобе,700к+,2020-08-04
5871,35-44,Павлодар,200-400к,2024-09-20
5872,25-34,Павлодар,400-700к,2025-05-24
5873,18-24,Астана,200-400к,2024-02-10
5874,25-34,Шымкент,до 200к,2023-01-16
5875,25-34,Алматы,700к+,2021-01-20
5876,25-34,Алматы,400-700к,2021-10-21
5877,35-44,Алматы,200-400к,2023-01-02
5878,25-34,Павлодар,400-700к,2020-07-15
5879,35-44,Алматы,200-400к,2023-11-16
5880,25-34,Астана,до 200к,2025-01-07
5881,25-34,Астана,200-400к,2024-01-24
5882,25-34,Астана,до 200к,2025-02-28
5883,45-54,Шымкент,до 200к,2022-08-06
5884,55+,Алматы,до 200к,2021-05-28
5885,25-34,Астана,200-400к,2020-02-03
5886,18-24,Астана,700к+,2022-05-20
5887,25-34,Атырау,до 200к,2020-08-18
5888,25-34,Караганда,200-400к,2023-07-15
5889,45-54,Атырау,400-700к,2024-05-23
5890,18-24,Астана,400-700к,2020-08-10
5891,55+,Алматы,400-700к,2022-10-30
5892,35-44,Астана,700к+,2022-12-09
5893,35-44,Костанай,400-700к,2021-09-14
5894,45-54,Алматы,400-700к,2021-03-13
5895,18-24,Алматы,200-400к,2023-11-28
5896,35-44,Костанай,200-400к,2021-03-26
5897,18-24,Костанай,200-400к,2020-03-04
5898,45-54,Алматы,400-700к,2023-04-21
5899,35-44,Актобе,200-400к,2020-05-15
5900,18-24,Астана,400-700к,2021-09-12
5901,45-54,Астана,200-400к,2020-06-23
5902,18-24,Астана,400-700к,2023-01-05
5903,18-24,Костанай,до 200к,2021-03-11
5904,45-54,Алматы,200-400к,2021-06-08
5905,25-34,Актобе,200-400к,2022-03-10
5906,45-54,Алматы,до 200к,2022-09-02
5907,35-44,Караганда,700к+,2023-12-09
5908,35-44,Караганда,до 200к,2025-02-07
5909,25-34,Актобе,до 200к,2023-04-21
5910,18-24,Павлодар,200-400к,2022-08-27
5911,55+,Актобе,до 200к,2023-03-13
5912,18-24,Актобе,200-400к,2022-09-29
5913,35-44,Алматы,до 200к,2020-01-12
5914,25-34,Костанай,до 200к,2022-09-12
5915,25-34,Астана,400-700к,2024-01-27
5916,35-44,Астана,200-400к,2024-09-09
5917,45-54,Шымкент,200-400к,2020-07-02
5918,35-44,Астана,до 200к,2023-09-25
5919,45-54,Шымкент,200-400к,2020-08-08
5920,25-34,Астана,200-400к,2020-03-02
5921,25-34,Алматы,до 200к,2020-04-01
5922,18-24,Павлодар,400-700к,2020-08-23
5923,35-44,Павлодар,200-400к,2020-06-17
5924,25-34,Астана,700к+,2023-03-01
5925,35-44,Костанай,400-700к,2025-01-15
5926,25-34,Астана,200-400к,2024-02-29
5927,45-54,Астана,до 200к,2024-01-02
5928,45-54,Павлодар,400-700к,2020-08-22
5929,45-54,Караганда,200-400к,2025-02-19
5930,18-24,Актобе,400-700к,2022-10-02
5931,55+,Астана,200-400к,2020-03-03
5932,25-34,Астана,до 200к,2023-07-08
5933,25-34,Алматы,400-700к,2023-11-10
5934,25-34,Костанай,400-700к,2022-03-12
5935,25-34,Алматы,до 200к,2023-12-01
5936,35-44,Астана,400-700к,2023-10-19
5937,25-34,Алматы,200-400к,2023-03-07
5938,25-34,Караганда,200-400к,2021-11-16
5939,35-44,Астана,400-700к,2025-06-20
5940,45-54,Актобе,до 200к,2023-05-31
5941,35-44,Шымкент,до 200к,2022-07-13
5942,35-44,Алматы,до 200к,2024-03-11
5943,25-34,Алматы,700к+,2021-04-30
5944,45-54,Алматы,до 200к,2025-03-26
5945,18-24,Актобе,200-400к,2024-01-11
5946,25-34,Атырау,400-700к,2023-07-01
5947,18-24,Астана,400-700к,2021-06-16
5948,35-44,Шымкент,до 200к,2021-12-04
5949,25-34,Алматы,до 200к,2025-03-14
5950,35-44,Павлодар,700к+,2023-12-13
5951,25-34,Костанай,200-400к,2020-08-10
5952,25-34,Актобе,до 200к,2024-05-27
5953,25-34,Алматы,до 200к,2020-08-25
5954,18-24,Астана,400-700к,2022-04-09
5955,25-34,Костанай,700к+,2022-04-14
5956,35-44,Алматы,200-400к,2021-12-26
5957,35-44,Караганда,200-400к,2022-09-17
5958,18-24,Павлодар,400-700к,2020-10-31
5959,35-44,Актобе,до 200к,2023-08-15
5960,25-34,Шымкент,400-700к,2023-09-15
5961,18-24,Шымкент,до 200к,2024-08-30
5962,25-34,Павлодар,до 200к,2022-06-08
5963,25-34,Астана,200-400к,2022-11-27
5964,25-34,Павлодар,до 200к,2020-09-22
5965,35-44,Астана,200-400к,2021-11-25
5966,25-34,Актобе,400-700к,2023-01-27
5967,35-44,Павлодар,200-400к,2022-04-12
5968,25-34,Шымкент,200-400к,2025-06-02
5969,35-44,Астана,до 200к,2021-07-08
5970,45-54,Алматы,200-400к,2020-04-12
5971,25-34,Атырау,200-400к,2024-09-30
5972,18-24,Караганда,200-400к,2022-10-28
5973,35-44,Алматы,до 200к,2020-05-22
5974,55+,Павлодар,400-700к,2025-02-14
5975,55+,Павлодар,до 200к,2021-02-18
5976,25-34,Павлодар,до 200к,2025-04-02
5977,35-44,Шымкент,до 200к,2021-11-19
5978,25-34,Костанай,200-400к,2021-11-14
5979,25-34,Павлодар,до 200к,2021-02-27
5980,35-44,Алматы,до 200к,2020-12-09
5981,35-44,Костанай,200-400к,2024-05-19
5982,35-44,Шымкент,200-400к,2022-04-21
5983,45-54,Павлодар,до 200к,2023-01-17
5984,25-34,Актобе,200-400к,2021-09-29
5985,35-44,Караганда,200-400к,2022-04-27
5986,25-34,Астана,до 200к,2022-08-23
5987,18-24,Алматы,до 200к,2021-09-12
5988,25-34,Алматы,200-400к,2023-04-06
5989,55+,Караганда,700к+,2022-07-19
5990,25-34,Атырау,400-700к,2024-03-16
5991,18-24,Алматы,200-400к,2024-04-04
5992,35-44,Алматы,700к+,2023-06-22
5993,55+,Караганда,200-400к,2020-07-25
5994,45-54,Астана,200-400к,2024-11-19
5995,35-44,Алматы,700к+,2023-10-23
5996,25-34,Алматы,400-700к,2024-01-11
5997,35-44,Караганда,200-400к,2023-07-22
5998,45-54,Шымкент,200-400к,2022-11-03
5999,45-54,Атырау,700к+,2023-02-01
6000,45-54,Астана,до 200к,2020-08-26
6001,25-34,Алматы,200-400к,2025-01-11
6002,18-24,Атырау,200-400к,2024-05-26
6003,35-44,Костанай,700к+,2024-12-24
6004,25-34,Астана,до 200к,2023-11-29
6005,18-24,Атырау,до 200к,2021-06-13
6006,25-34,Актобе,200-400к,2021-11-03
6007,35-44,Павлодар,до 200к,2024-09-29
6008,45-54,Астана,400-700к,2021-04-08
6009,45-54,Алматы,200-400к,2023-05-14
6010,45-54,Алматы,400-700к,2023-08-09
6011,35-44,Актобе,400-700к,2021-01-01
6012,35-44,Атырау,200-400к,2020-06-17
6013,18-24,Астана,400-700к,2020-03-08
6014,35-44,Алматы,до 200к,2024-04-23
6015,18-24,Алматы,200-400к,2021-08-04
6016,18-24,Шымкент,200-400к,2021-03-29
6017,25-34,Павлодар,до 200к,2024-12-23
6018,45-54,Астана,до 200к,2023-04-01
6019,35-44,Караганда,200-400к,2020-02-18
6020,55+,Шымкент,200-400к,2021-08-30
6021,55+,Павлодар,200-400к,2022-08-08
6022,45-54,Атырау,до 200к,2022-08-12
6023,18-24,Алматы,до 200к,2024-04-16
6024,45-54,Караганда,700к+,2024-05-20
6025,45-54,Атырау,до 200к,2020-03-04
6026,45-54,Павлодар,700к+,2021-07-28
6027,25-34,Шымкент,400-700к,2023-04-15
6028,18-24,Алматы,200-400к,2020-03-07
6029,45-54,Шымкент,200-400к,2023-02-15
6030,25-34,Караганда,400-700к,2020-06-03
6031,25-34,Алматы,700к+,2023-02-20
6032,25-34,Костанай,400-700к,2020-05-28
6033,18-24,Алматы,400-700к,2024-01-17
6034,18-24,Павлодар,200-400к,2022-07-07
6035,55+,Астана,до 200к,2025-03-17
6036,45-54,Алматы,700к+,2020-06-15
6037,45-54,Шымкент,до 200к,2024-10-05
6038,25-34,Караганда,200-400к,2022-04-05
6039,25-34,Атырау,200-400к,2022-09-02
6040,25-34,Шымкент,400-700к,2023-10-27
6041,25-34,Алматы,400-700к,2023-05-29
6042,18-24,Павлодар,200-400к,2024-10-25
6043,35-44,Шымкент,до 200к,2024-07-20
6044,55+,Алматы,до 200к,2021-03-18
6045,35-44,Павлодар,до 200к,2021-07-03
6046,25-34,Алматы,700к+,2024-10-19
6047,25-34,Алматы,до 200к,2024-06-08
6048,18-24,Шымкент,700к+,2025-05-10
6049,25-34,Караганда,до 200к,2025-01-05
6050,35-44,Шымкент,400-700к,2023-06-05
6051,25-34,Павлодар,200-400к,2025-04-08
6052,35-44,Алматы,400-700к,2024-01-14
6053,45-54,Костанай,200-400к,2024-11-09
6054,25-34,Алматы,400-700к,2022-08-24
6055,18-24,Алматы,400-700к,2025-04-14
6056,18-24,Алматы,до 200к,2020-05-29
6057,18-24,Алматы,700к+,2024-12-20
6058,35-44,Астана,200-400к,2025-04-03
6059,45-54,Атырау,до 200к,2024-04-27
6060,45-54,Атырау,200-400к,2025-03-05
6061,35-44,Актобе,200-400к,2022-04-21
6062,25-34,Алматы,400-700к,2021-10-07
6063,25-34,Атырау,400-700к,2020-09-24
6064,25-34,Астана,200-400к,2021-01-26
6065,25-34,Актобе,400-700к,2024-09-29
6066,45-54,Актобе,до 200к,2020-05-10
6067,25-34,Алматы,200-400к,2021-02-04
6068,25-34,Шымкент,400-700к,2022-09-22
6069,25-34,Павлодар,до 200к,2021-12-20
6070,18-24,Алматы,200-400к,2025-01-23
6071,45-54,Актобе,до 200к,2020-02-29
6072,18-24,Костанай,до 200к,2020-03-22
6073,18-24,Астана,до 200к,2021-06-28
6074,25-34,Астана,до 200к,2023-05-08
6075,45-54,Астана,200-400к,2021-12-12
6076,35-44,Атырау,700к+,2024-07-29
6077,35-44,Астана,до 200к,2020-07-10
6078,25-34,Астана,400-700к,2022-01-29
6079,18-24,Алматы,200-400к,2023-07-22
6080,45-54,Костанай,до 200к,2023-05-08
6081,25-34,Павлодар,до 200к,2022-11-01
6082,18-24,Шымкент,до 200к,2022-06-06
6083,35-44,Костанай,400-700к,2020-07-07
6084,18-24,Караганда,400-700к,2020-05-10
6085,18-24,Костанай,200-400к,2020-04-19
6086,45-54,Алматы,до 200к,2022-10-05
6087,25-34,Алматы,до 200к,2024-11-04
6088,25-34,Павлодар,200-400к,2020-06-27
6089,25-34,Астана,до 200к,2020-05-10
6090,35-44,Астана,200-400к,2023-10-01
6091,18-24,Актобе,200-400к,2022-09-27
6092,18-24,Караганда,400-700к,2021-09-12
6093,35-44,Астана,до 200к,2020-02-05
6094,35-44,Астана,200-400к,2024-05-24
6095,55+,Астана,200-400к,2023-08-11
6096,25-34,Алматы,400-700к,2023-03-20
6097,18-24,Алматы,200-400к,2021-04-13
6098,35-44,Шымкент,200-400к,2025-02-13
6099,35-44,Актобе,до 200к,2020-05-05
6100,18-24,Астана,400-700к,2024-01-15
6101,35-44,Астана,200-400к,2023-12-26
6102,25-34,Караганда,400-700к,2023-12-20
6103,45-54,Алматы,200-400к,2023-04-18
6104,45-54,Астана,400-700к,2021-09-01
6105,25-34,Алматы,400-700к,2022-06-30
6106,55+,Караганда,200-400к,2022-06-02
6107,55+,Алматы,до 200к,2024-09-28
6108,18-24,Астана,700к+,2024-01-31
6109,25-34,Шымкент,400-700к,2022-08-10
6110,35-44,Атырау,700к+,2023-12-15
6111,18-24,Актобе,200-400к,2025-04-22
6112,25-34,Костанай,700к+,2023-10-16
6113,25-34,Караганда,до 200к,2021-12-13
6114,55+,Астана,200-400к,2020-01-16
6115,25-34,Алматы,200-400к,2024-10-22
6116,35-44,Алматы,до 200к,2020-02-04
6117,25-34,Алматы,до 200к,2022-10-15
6118,18-24,Алматы,до 200к,2020-05-14
6119,45-54,Астана,до 200к,2024-10-24
6120,18-24,Караганда,700к+,2020-03-04
6121,18-24,Караганда,700к+,2023-09-29
6122,25-34,Астана,400-700к,2024-03-25
6123,35-44,Шымкент,700к+,2024-01-05
6124,25-34,Алматы,400-700к,2022-12-29
6125,18-24,Шымкент,700к+,2023-03-27
6126,25-34,Шымкент,до 200к,2022-10-06
6127,25-34,Астана,до 200к,2024-02-23
6128,18-24,Алматы,400-700к,2020-06-20
6129,35-44,Костанай,200-400к,2024-11-15
6130,18-24,Шымкент,400-700к,2024-03-29
6131,25-34,Шымкент,200-400к,2025-04-21
6132,35-44,Алматы,200-400к,2020-07-04
6133,35-44,Алматы,до 200к,2021-02-22
6134,25-34,Астана,400-700к,2021-03-19
6135,25-34,Костанай,200-400к,2022-04-04
6136,25-34,Алматы,200-400к,2024-06-25
6137,55+,Астана,200-400к,2024-04-22
6138,25-34,Костанай,200-400к,2023-10-17
6139,25-34,Астана,200-400к,2022-03-03
6140,25-34,Астана,200-400к,2020-07-04
6141,25-34,Караганда,200-400к,2023-10-20
6142,25-34,Астана,700к+,2020-05-27
6143,18-24,Костанай,200-400к,2021-02-12
6144,35-44,Алматы,700к+,2022-03-23
6145,35-44,Атырау,400-700к,2024-04-02
6146,35-44,Алматы,400-700к,2023-04-21
6147,35-44,Атырау,400-700к,2020-07-26
6148,25-34,Атырау,200-400к,2021-05-08
6149,45-54,Атырау,200-400к,2024-08-25
6150,35-44,Атырау,200-400к,2023-03-16
6151,45-54,Актобе,до 200к,2023-08-08
6152,35-44,Алматы,до 200к,2021-12-19
6153,25-34,Алматы,до 200к,2024-06-18
6154,25-34,Астана,400-700к,2023-03-23
6155,25-34,Астана,до 200к,2020-06-11
6156,18-24,Астана,200-400к,2023-12-22
6157,25-34,Актобе,до 200к,2021-07-30
6158,18-24,Актобе,до 200к,2024-08-13
6159,18-24,Костанай,200-400к,2023-06-30
6160,55+,Астана,400-700к,2021-01-26
6161,35-44,Актобе,200-400к,2020-02-28
6162,35-44,Актобе,700к+,2020-06-19
6163,25-34,Костанай,до 200к,2021-05-07
6164,35-44,Актобе,200-400к,2020-08-24
6165,45-54,Астана,до 200к,2023-08-09
6166,35-44,Алматы,200-400к,2020-11-26
6167,35-44,Костанай,до 200к,2022-06-11
6168,25-34,Актобе,до 200к,2021-10-10
6169,25-34,Атырау,400-700к,2023-08-08
6170,35-44,Атырау,200-400к,2020-02-27
6171,55+,Актобе,до 200к,2022-03-15
6172,25-34,Актобе,700к+,2024-07-23
6173,25-34,Павлодар,400-700к,2021-05-07
6174,25-34,Павлодар,200-400к,2024-08-25
6175,25-34,Астана,200-400к,2020-12-09
6176,55+,Алматы,до 200к,2023-11-27
6177,35-44,Алматы,400-700к,2021-07-18
6178,25-34,Астана,200-400к,2021-12-13
6179,25-34,Атырау,до 200к,2022-11-10
6180,25-34,Атырау,до 200к,2023-11-14
6181,18-24,Астана,до 200к,2022-11-19
6182,35-44,Астана,200-400к,2023-02-23
6183,45-54,Шымкент,200-400к,2021-08-01
6184,35-44,Атырау,700к+,2023-08-17
6185,25-34,Караганда,до 200к,2020-05-21
6186,35-44,Алматы,200-400к,2020-06-24
6187,35-44,Астана,до 200к,2020-11-15
6188,25-34,Шымкент,200-400к,2024-10-15
6189,35-44,Шымкент,200-400к,2023-05-11
6190,35-44,Атырау,700к+,2021-11-28
6191,45-54,Павлодар,400-700к,2023-06-04
6192,18-24,Алматы,до 200к,2021-06-22
6193,25-34,Алматы,400-700к,2024-01-05
6194,25-34,Астана,400-700к,2022-02-20
6195,18-24,Астана,до 200к,2023-05-22
6196,25-34,Астана,700к+,2021-05-09
6197,45-54,Алматы,400-700к,2020-03-11
6198,25-34,Алматы,400-700к,2025-06-11
6199,25-34,Атырау,200-400к,2023-07-30
6200,55+,Алматы,до 200к,2023-07-16
6201,35-44,Атырау,400-700к,2023-04-21
6202,25-34,Астана,200-400к,2024-11-27
6203,35-44,Астана,700к+,2020-02-07
6204,25-34,Алматы,до 200к,2025-03-17
6205,25-34,Алматы,200-400к,2022-07-07
6206,35-44,Астана,400-700к,2023-03-08
6207,25-34,Атырау,200-400к,2025-02-18
6208,25-34,Павлодар,200-400к,2024-05-20
6209,18-24,Алматы,400-700к,2021-12-01
6210,45-54,Алматы,400-700к,2024-12-15
6211,18-24,Алматы,200-400к,2020-06-15
6212,35-44,Актобе,200-400к,2020-10-27
6213,25-34,Алматы,200-400к,2021-03-30
6214,35-44,Алматы,200-400к,2021-06-22
6215,25-34,Павлодар,400-700к,2023-09-08
6216,25-34,Павлодар,200-400к,2022-03-14
6217,35-44,Караганда,200-400к,2024-08-27
6218,35-44,Алматы,до 200к,2023-05-30
6219,25-34,Астана,до 200к,2023-04-25
6220,25-34,Алматы,200-400к,2024-03-16
6221,25-34,Караганда,200-400к,2022-03-31
6222,25-34,Актобе,400-700к,2021-11-21
6223,35-44,Алматы,700к+,2020-08-04
6224,25-34,Павлодар,200-400к,2024-08-12
6225,35-44,Астана,400-700к,2021-04-10
6226,18-24,Атырау,200-400к,2023-08-01
6227,25-34,Алматы,200-400к,2024-04-30
6228,25-34,Астана,200-400к,2022-01-14
6229,25-34,Алматы,200-400к,2020-11-23
6230,25-34,Актобе,200-400к,2023-09-23
6231,45-54,Алматы,700к+,2021-10-12
6232,25-34,Астана,200-400к,2024-08-31
6233,45-54,Актобе,до 200к,2022-06-09
6234,25-34,Актобе,200-400к,2021-11-02
6235,25-34,Караганда,700к+,2023-12-25
6236,18-24,Караганда,до 200к,2022-02-12
6237,25-34,Караганда,700к+,2024-05-12
6238,35-44,Караганда,700к+,2023-10-15
6239,45-54,Астана,200-400к,2024-11-03
6240,35-44,Алматы,200-400к,2022-05-09
6241,35-44,Астана,до 200к,2020-06-22
6242,25-34,Алматы,до 200к,2020-12-21
6243,18-24,Астана,200-400к,2020-01-11
6244,45-54,Астана,400-700к,2024-09-04
6245,25-34,Алматы,700к+,2021-05-01
6246,18-24,Актобе,до 200к,2021-02-07
6247,55+,Караганда,200-400к,2023-04-27
6248,55+,Шымкент,200-400к,2021-05-07
6249,35-44,Павлодар,200-400к,2025-05-12
6250,25-34,Астана,200-400к,2024-10-01
6251,45-54,Алматы,700к+,2022-06-20
6252,25-34,Алматы,200-400к,2023-07-07
6253,25-34,Шымкент,до 200к,2022-02-12
6254,25-34,Алматы,200-400к,2022-05-13
6255,45-54,Атырау,до 200к,2022-08-18
6256,45-54,Астана,700к+,2022-02-02
6257,35-44,Астана,700к+,2022-05-23
6258,18-24,Шымкент,до 200к,2021-01-01
6259,25-34,Астана,200-400к,2023-07-27
6260,25-34,Актобе,400-700к,2020-05-15
6261,45-54,Караганда,200-400к,2024-12-23
6262,18-24,Актобе,200-400к,2024-12-23
6263,18-24,Шымкент,700к+,2021-02-20
6264,35-44,Астана,до 200к,2020-03-30
6265,25-34,Астана,200-400к,2022-08-16
6266,45-54,Актобе,до 200к,2020-05-03
6267,18-24,Астана,200-400к,2022-03-17
6268,45-54,Астана,400-700к,2024-02-13
6269,18-24,Алматы,400-700к,2021-09-11
6270,18-24,Караганда,200-400к,2024-11-22
6271,25-34,Алматы,до 200к,2020-01-29
6272,25-34,Костанай,400-700к,2023-11-20
6273,35-44,Алматы,до 200к,2022-10-04
6274,18-24,Астана,200-400к,2021-04-29
6275,18-24,Алматы,до 200к,2022-05-10
6276,35-44,Астана,200-400к,2021-06-25
6277,25-34,Астана,200-400к,2023-05-25
6278,35-44,Актобе,200-400к,2025-04-06
6279,35-44,Алматы,200-400к,2022-09-29
6280,18-24,Алматы,200-400к,2023-11-01
6281,35-44,Алматы,400-700к,2023-05-07
6282,25-34,Астана,200-400к,2024-07-13
6283,25-34,Костанай,400-700к,2023-01-30
6284,18-24,Астана,до 200к,2022-06-11
6285,45-54,Актобе,до 200к,2020-08-26
6286,35-44,Астана,до 200к,2024-04-02
6287,35-44,Астана,до 200к,2024-11-30
6288,55+,Атырау,200-400к,2025-05-15
6289,25-34,Алматы,до 200к,2023-12-30
6290,45-54,Атырау,до 200к,2021-12-14
6291,35-44,Астана,до 200к,2023-11-07
6292,45-54,Астана,200-400к,2021-10-03
6293,45-54,Павлодар,400-700к,2024-12-02
6294,55+,Астана,200-400к,2020-03-26
6295,18-24,Костанай,700к+,2024-12-01
6296,45-54,Павлодар,до 200к,2024-01-14
6297,45-54,Алматы,200-400к,2024-11-13
6298,35-44,Астана,до 200к,2021-04-26
6299,25-34,Атырау,400-700к,2022-10-13
6300,55+,Алматы,до 200к,2021-05-22
6301,25-34,Актобе,700к+,2023-11-22
6302,25-34,Алматы,400-700к,2023-06-18
6303,35-44,Алматы,200-400к,2023-10-15
6304,25-34,Шымкент,200-400к,2024-01-17
6305,35-44,Актобе,200-400к,2020-03-30
6306,18-24,Актобе,до 200к,2022-03-25
6307,35-44,Шымкент,700к+,2021-05-20
6308,45-54,Алматы,400-700к,2025-03-04
6309,25-34,Астана,до 200к,2022-11-24
6310,35-44,Алматы,до 200к,2020-11-19
6311,25-34,Алматы,200-400к,2022-02-23
6312,45-54,Астана,400-700к,2022-11-20
6313,55+,Шымкент,200-400к,2021-10-11
6314,25-34,Алматы,200-400к,2023-05-19
6315,35-44,Алматы,до 200к,2024-03-18
6316,35-44,Караганда,700к+,2023-05-19
6317,35-44,Алматы,до 200к,2023-03-03
6318,35-44,Костанай,200-400к,2023-08-06
6319,25-34,Астана,700к+,2021-07-29
6320,35-44,Алматы,400-700к,2023-06-21
6321,25-34,Павлодар,200-400к,2020-04-12
6322,25-34,Шымкент,400-700к,2024-05-02
6323,45-54,Атырау,до 200к,2022-01-30
6324,18-24,Астана,до 200к,2024-06-16
6325,35-44,Астана,до 200к,2021-05-22
6326,25-34,Караганда,до 200к,2025-05-08
6327,45-54,Астана,400-700к,2022-11-06
6328,35-44,Шымкент,200-400к,2025-02-22
6329,25-34,Алматы,200-400к,2021-08-07
6330,25-34,Астана,400-700к,2022-11-05
6331,25-34,Алматы,200-400к,2023-11-28
6332,55+,Актобе,до 200к,2023-11-12
6333,35-44,Астана,200-400к,2021-05-20
6334,25-34,Костанай,400-700к,2022-03-15
6335,35-44,Алматы,200-400к,2021-04-05
6336,25-34,Астана,700к+,2023-07-25
6337,25-34,Астана,400-700к,2022-04-10
6338,25-34,Караганда,400-700к,2020-01-15
6339,25-34,Атырау,400-700к,2021-08-08
6340,35-44,Астана,200-400к,2022-01-05
6341,45-54,Астана,700к+,2023-01-26
6342,45-54,Актобе,200-400к,2025-01-03
6343,45-54,Алматы,200-400к,2025-05-21
6344,25-34,Шымкент,до 200к,2023-09-12
6345,25-34,Актобе,400-700к,2024-12-13
6346,35-44,Алматы,200-400к,2020-02-04
6347,55+,Караганда,400-700к,2024-09-16
6348,35-44,Актобе,700к+,2022-11-11
6349,25-34,Алматы,200-400к,2022-01-15
6350,35-44,Астана,200-400к,2022-01-01
6351,35-44,Астана,до 200к,2021-11-29
6352,45-54,Актобе,200-400к,2024-06-05
6353,35-44,Шымкент,200-400к,2022-07-06
6354,25-34,Астана,200-400к,2020-08-17
6355,25-34,Астана,200-400к,2024-12-07
6356,25-34,Алматы,200-400к,2023-04-23
6357,25-34,Алматы,до 200к,2022-02-20
6358,55+,Алматы,до 200к,2023-11-25
6359,35-44,Алматы,до 200к,2021-12-02
6360,25-34,Алматы,400-700к,2023-04-05
6361,25-34,Шымкент,до 200к,2020-01-16
6362,35-44,Шымкент,до 200к,2021-07-02
6363,35-44,Алматы,200-400к,2021-11-15
6364,18-24,Шымкент,400-700к,2024-05-05
6365,45-54,Алматы,400-700к,2024-02-17
6366,25-34,Астана,200-400к,2024-05-06
6367,25-34,Костанай,200-400к,2022-08-15
6368,25-34,Шымкент,400-700к,2021-12-22
6369,35-44,Алматы,400-700к,2022-11-22
6370,35-44,Астана,200-400к,2021-06-17
6371,45-54,Караганда,400-700к,2022-11-23
6372,18-24,Алматы,до 200к,2023-08-20
6373,55+,Костанай,200-400к,2025-04-22
6374,35-44,Астана,400-700к,2022-01-05
6375,25-34,Алматы,до 200к,2020-08-14
6376,25-34,Шымкент,200-400к,2021-11-21
6377,25-34,Караганда,200-400к,2024-07-10
6378,45-54,Астана,700к+,2022-06-20
6379,25-34,Павлодар,до 200к,2022-04-13
6380,25-34,Павлодар,400-700к,2022-07-05
6381,35-44,Алматы,до 200к,2021-05-20
6382,45-54,Алматы,400-700к,2024-07-17
6383,35-44,Астана,400-700к,2023-09-04
6384,35-44,Шымкент,400-700к,2025-03-20
6385,25-34,Шымкент,700к+,2020-07-15
6386,45-54,Алматы,700к+,2023-11-27
6387,25-34,Костанай,700к+,2020-06-10
6388,18-24,Астана,200-400к,2020-06-25
6389,55+,Атырау,200-400к,2024-08-17
6390,25-34,Атырау,до 200к,2021-11-06
6391,18-24,Алматы,до 200к,2021-09-23
6392,35-44,Алматы,200-400к,2021-01-14
6393,25-34,Алматы,до 200к,2020-08-04
6394,18-24,Павлодар,700к+,2023-08-19
6395,35-44,Астана,до 200к,2022-11-12
6396,35-44,Атырау,до 200к,2023-04-11
6397,45-54,Астана,до 200к,2020-11-04
6398,25-34,Астана,до 200к,2025-05-18
6399,35-44,Павлодар,до 200к,2020-01-16
6400,45-54,Астана,200-400к,2022-06-14
6401,25-34,Актобе,до 200к,2022-11-09
6402,25-34,Астана,400-700к,2020-07-29
6403,18-24,Алматы,200-400к,2023-03-03
6404,35-44,Алматы,400-700к,2023-04-11
6405,25-34,Алматы,400-700к,2022-11-27
6406,35-44,Актобе,до 200к,2022-01-03
6407,55+,Астана,до 200к,2025-02-02
6408,25-34,Астана,400-700к,2020-12-21
6409,35-44,Алматы,400-700к,2024-01-28
6410,25-34,Караганда,до 200к,2022-01-11
6411,18-24,Атырау,200-400к,2022-02-13
6412,35-44,Караганда,200-400к,2021-04-21
6413,25-34,Костанай,до 200к,2023-09-11
6414,55+,Алматы,до 200к,2021-01-29
6415,35-44,Алматы,400-700к,2022-01-15
6416,25-34,Шымкент,200-400к,2022-08-25
6417,25-34,Алматы,200-400к,2020-01-20
6418,25-34,Караганда,до 200к,2024-06-08
6419,45-54,Атырау,до 200к,2021-10-24
6420,35-44,Алматы,до 200к,2024-11-06
6421,25-34,Павлодар,200-400к,2023-07-21
6422,35-44,Алматы,400-700к,2021-06-04
6423,35-44,Караганда,400-700к,2023-08-17
6424,45-54,Астана,до 200к,2022-06-15
6425,18-24,Караганда,до 200к,2022-08-31
6426,18-24,Алматы,до 200к,2024-08-12
6427,18-24,Павлодар,400-700к,2023-07-06
6428,25-34,Павлодар,200-400к,2025-05-31
6429,25-34,Шымкент,400-700к,2025-01-30
6430,18-24,Шымкент,200-400к,2024-08-26
6431,25-34,Караганда,200-400к,2022-07-20
6432,25-34,Шымкент,200-400к,2022-09-15
6433,18-24,Шымкент,200-400к,2024-10-30
6434,45-54,Шымкент,200-400к,2024-10-06
6435,35-44,Атырау,до 200к,2022-01-11
6436,25-34,Шымкент,200-400к,2023-11-14
6437,35-44,Алматы,700к+,2023-04-13
6438,25-34,Павлодар,до 200к,2020-08-15
6439,45-54,Алматы,400-700к,2020-09-03
6440,35-44,Алматы,700к+,2020-06-17
6441,25-34,Костанай,200-400к,2021-05-27
6442,45-54,Алматы,200-400к,2025-02-15
6443,45-54,Алматы,до 200к,2021-09-26
6444,45-54,Шымкент,400-700к,2025-01-22
6445,25-34,Атырау,700к+,2022-05-30
6446,25-34,Алматы,700к+,2022-07-05
6447,35-44,Астана,до 200к,2021-05-26
6448,25-34,Алматы,700к+,2023-08-16
6449,35-44,Астана,200-400к,2023-03-24
6450,35-44,Астана,200-400к,2021-09-01
6451,25-34,Алматы,до 200к,2024-04-18
6452,25-34,Павлодар,до 200к,2023-11-03
6453,25-34,Караганда,200-400к,2023-11-23
6454,25-34,Атырау,200-400к,2022-06-11
6455,35-44,Павлодар,700к+,2023-07-18
6456,35-44,Павлодар,до 200к,2021-11-27
6457,25-34,Актобе,400-700к,2025-06-21
6458,35-44,Астана,200-400к,2022-05-31
6459,35-44,Атырау,до 200к,2021-07-02
6460,35-44,Шымкент,до 200к,2022-06-30
6461,25-34,Алматы,400-700к,2025-02-25
6462,35-44,Астана,400-700к,2025-02-28
6463,35-44,Астана,до 200к,2021-12-12
6464,25-34,Астана,200-400к,2024-11-04
6465,35-44,Актобе,200-400к,2021-09-03
6466,45-54,Астана,200-400к,2021-01-23
6467,25-34,Алматы,200-400к,2021-03-19
6468,35-44,Алматы,400-700к,2021-07-10
6469,55+,Атырау,до 200к,2021-08-08
6470,45-54,Астана,до 200к,2021-08-21
6471,25-34,Астана,до 200к,2022-02-05
6472,35-44,Актобе,700к+,2020-01-24
6473,55+,Атырау,200-400к,2022-01-24
6474,35-44,Шымкент,до 200к,2022-11-26
6475,18-24,Караганда,400-700к,2022-03-12
6476,18-24,Алматы,200-400к,2022-08-23
6477,45-54,Павлодар,200-400к,2021-03-26
6478,25-34,Шымкент,до 200к,2020-09-06
6479,25-34,Актобе,400-700к,2024-12-05
6480,25-34,Алматы,400-700к,2025-06-03
6481,35-44,Караганда,до 200к,2022-03-26
6482,25-34,Астана,до 200к,2024-03-02
6483,45-54,Астана,до 200к,2020-10-08
6484,35-44,Караганда,200-400к,2021-01-01
6485,55+,Атырау,до 200к,2022-11-05
6486,45-54,Астана,200-400к,2023-11-11
6487,25-34,Павлодар,200-400к,2023-11-03
6488,35-44,Алматы,700к+,2021-11-12
6489,18-24,Шымкент,200-400к,2024-10-19
6490,55+,Алматы,200-400к,2023-06-19
6491,25-34,Астана,200-400к,2021-09-25
6492,35-44,Павлодар,400-700к,2022-07-29
6493,45-54,Алматы,400-700к,2021-08-19
6494,25-34,Павлодар,700к+,2020-10-04
6495,45-54,Астана,200-400к,2020-01-12
6496,18-24,Караганда,200-400к,2022-07-09
6497,25-34,Алматы,200-400к,2020-01-13
6498,25-34,Караганда,400-700к,2025-04-07
6499,25-34,Павлодар,200-400к,2024-10-21
6500,35-44,Шымкент,200-400к,2024-02-05
6501,45-54,Астана,200-400к,2024-02-09
6502,25-34,Атырау,до 200к,2023-06-07
6503,35-44,Актобе,400-700к,2024-01-04
6504,45-54,Алматы,до 200к,2024-08-14
6505,35-44,Караганда,200-400к,2022-10-22
6506,18-24,Караганда,до 200к,2024-07-15
6507,55+,Актобе,до 200к,2021-04-19
6508,18-24,Астана,до 200к,2024-11-11
6509,35-44,Астана,400-700к,2023-11-14
6510,35-44,Костанай,400-700к,2020-08-05
6511,45-54,Шымкент,200-400к,2020-12-29
6512,25-34,Шымкент,200-400к,2020-09-15
6513,25-34,Костанай,400-700к,2021-04-29
6514,35-44,Алматы,400-700к,2024-05-16
6515,25-34,Астана,200-400к,2024-07-11
6516,25-34,Актобе,200-400к,2025-06-13
6517,35-44,Актобе,400-700к,2020-09-14
6518,35-44,Костанай,400-700к,2023-01-30
6519,25-34,Караганда,до 200к,2024-07-01
6520,25-34,Астана,200-400к,2025-04-12
6521,55+,Астана,до 200к,2020-07-15
6522,25-34,Алматы,400-700к,2023-08-18
6523,18-24,Павлодар,200-400к,2020-06-08
6524,25-34,Алматы,700к+,2020-06-19
6525,25-34,Шымкент,до 200к,2024-07-27
6526,55+,Астана,200-400к,2025-01-26
6527,25-34,Алматы,400-700к,2021-01-05
6528,18-24,Астана,400-700к,2024-08-05
6529,35-44,Караганда,400-700к,2024-12-28
6530,18-24,Алматы,до 200к,2022-12-07
6531,25-34,Костанай,700к+,2020-12-08
6532,55+,Павлодар,700к+,2024-01-27
6533,35-44,Алматы,700к+,2023-01-01
6534,18-24,Атырау,200-400к,2021-12-04
6535,25-34,Астана,400-700к,2024-09-26
6536,25-34,Алматы,до 200к,2023-05-16
6537,18-24,Астана,до 200к,2021-06-12
6538,35-44,Атырау,до 200к,2022-04-06
6539,35-44,Караганда,200-400к,2021-09-10
6540,35-44,Алматы,700к+,2022-11-20
6541,45-54,Актобе,200-400к,2021-06-26
6542,25-34,Караганда,200-400к,2023-06-27
6543,45-54,Актобе,400-700к,2022-06-15
6544,35-44,Шымкент,200-400к,2020-04-17
6545,25-34,Атырау,200-400к,2020-01-12
6546,45-54,Караганда,200-400к,2020-07-11
6547,18-24,Алматы,200-400к,2020-11-17
6548,35-44,Атырау,200-400к,2020-06-13
6549,35-44,Астана,400-700к,2023-08-16
6550,25-34,Караганда,200-400к,2023-04-04
6551,45-54,Караганда,200-400к,2020-02-11
6552,25-34,Астана,200-400к,2022-04-05
6553,45-54,Алматы,700к+,2021-08-10
6554,18-24,Караганда,200-400к,2022-09-27
6555,25-34,Атырау,400-700к,2023-03-16
6556,25-34,Атырау,200-400к,2022-09-27
6557,45-54,Караганда,до 200к,2022-03-08
6558,25-34,Алматы,200-400к,2020-03-21
6559,45-54,Астана,до 200к,2024-05-04
6560,25-34,Актобе,до 200к,2024-05-11
6561,25-34,Астана,до 200к,2024-09-15
6562,25-34,Актобе,400-700к,2023-11-02
6563,18-24,Астана,200-400к,2021-10-16
6564,55+,Алматы,200-400к,2023-10-07
6565,25-34,Шымкент,200-400к,2024-12-07
6566,35-44,Шымкент,200-400к,2020-03-09
6567,35-44,Караганда,400-700к,2022-10-11
6568,35-44,Алматы,700к+,2023-07-27
6569,35-44,Атырау,400-700к,2025-05-24
6570,45-54,Астана,до 200к,2022-09-27
6571,35-44,Актобе,700к+,2024-10-25
6572,35-44,Шымкент,400-700к,2024-03-01
6573,35-44,Астана,до 200к,2024-04-28
6574,35-44,Караганда,200-400к,2020-07-12
6575,25-34,Шымкент,200-400к,2022-10-05
6576,35-44,Шымкент,400-700к,2024-02-02
6577,25-34,Караганда,200-400к,2020-09-06
6578,35-44,Алматы,до 200к,2025-04-07
6579,55+,Павлодар,до 200к,2023-09-30
6580,55+,Астана,200-400к,2024-08-28
6581,45-54,Алматы,200-400к,2023-06-19
6582,35-44,Актобе,200-400к,2024-11-23
6583,35-44,Алматы,до 200к,2024-12-05
6584,25-34,Костанай,200-400к,2020-05-31
6585,25-34,Астана,700к+,2025-02-17
6586,25-34,Астана,до 200к,2022-11-25
6587,18-24,Алматы,200-400к,2022-09-04
6588,55+,Алматы,200-400к,2021-05-08
6589,45-54,Алматы,до 200к,2022-03-19
6590,35-44,Алматы,400-700к,2022-12-25
6591,25-34,Астана,700к+,2022-12-01
6592,35-44,Астана,200-400к,2023-11-14
6593,25-34,Астана,200-400к,2023-09-20
6594,45-54,Алматы,до 200к,2024-02-02
6595,55+,Алматы,200-400к,2023-03-02
6596,25-34,Алматы,до 200к,2025-06-06
6597,25-34,Алматы,200-400к,2024-10-23
6598,25-34,Астана,до 200к,2025-03-30
6599,18-24,Алматы,200-400к,2023-12-19
6600,25-34,Астана,700к+,2021-05-09
6601,18-24,Павлодар,до 200к,2025-04-13
6602,18-24,Алматы,400-700к,2025-01-05
6603,25-34,Алматы,400-700к,2021-08-16
6604,25-34,Караганда,до 200к,2024-11-03
6605,35-44,Астана,700к+,2022-11-10
6606,18-24,Алматы,200-400к,2023-12-17
6607,45-54,Актобе,200-400к,2021-11-15
6608,25-34,Актобе,200-400к,2021-05-30
6609,18-24,Костанай,до 200к,2022-03-15
6610,18-24,Павлодар,до 200к,2021-01-11
6611,35-44,Шымкент,200-400к,2020-10-09
6612,25-34,Караганда,400-700к,2022-05-21
6613,35-44,Астана,700к+,2025-03-10
6614,18-24,Павлодар,200-400к,2020-03-19
6615,55+,Шымкент,до 200к,2021-10-16
6616,18-24,Астана,до 200к,2021-07-21
6617,25-34,Алматы,700к+,2021-02-19
6618,45-54,Шымкент,до 200к,2020-05-26
6619,25-34,Шымкент,700к+,2020-12-17
6620,25-34,Атырау,до 200к,2022-11-15
6621,45-54,Алматы,до 200к,2022-05-03
6622,25-34,Атырау,до 200к,2023-05-18
6623,18-24,Алматы,200-400к,2024-09-08
6624,25-34,Шымкент,200-400к,2020-08-10
6625,18-24,Астана,700к+,2021-10-22
6626,45-54,Астана,200-400к,2024-10-13
6627,35-44,Астана,до 200к,2021-04-16
6628,35-44,Алматы,200-400к,2020-07-12
6629,25-34,Алматы,200-400к,2021-04-24
6630,35-44,Атырау,200-400к,2022-03-03
6631,35-44,Алматы,400-700к,2021-05-26
6632,18-24,Актобе,700к+,2022-09-28
6633,45-54,Актобе,200-400к,2021-02-12
6634,35-44,Алматы,200-400к,2023-03-10
6635,45-54,Павлодар,200-400к,2024-09-27
6636,25-34,Актобе,200-400к,2021-09-30
6637,18-24,Атырау,200-400к,2022-12-20
6638,35-44,Атырау,до 200к,2023-11-27
6639,45-54,Шымкент,до 200к,2020-05-12
6640,25-34,Костанай,700к+,2021-11-13
6641,18-24,Алматы,700к+,2023-06-22
6642,45-54,Алматы,до 200к,2021-05-20
6643,25-34,Караганда,700к+,2022-04-03
6644,25-34,Астана,400-700к,2022-06-25
6645,35-44,Шымкент,до 200к,2025-02-16
6646,18-24,Астана,700к+,2020-08-14
6647,18-24,Астана,700к+,2023-06-22
6648,18-24,Павлодар,200-400к,2025-04-16
6649,45-54,Алматы,400-700к,2024-12-15
6650,25-34,Алматы,200-400к,2023-01-05
6651,35-44,Караганда,200-400к,2022-02-15
6652,55+,Актобе,400-700к,2020-10-15
6653,35-44,Атырау,200-400к,2021-06-07
6654,35-44,Алматы,200-400к,2024-05-11
6655,35-44,Павлодар,200-400к,2020-02-23
6656,25-34,Шымкент,400-700к,2023-12-11
6657,35-44,Атырау,400-700к,2025-02-02
6658,55+,Алматы,до 200к,2022-05-11
6659,45-54,Астана,200-400к,2024-06-06
6660,25-34,Шымкент,до 200к,2025-05-21
6661,25-34,Шымкент,200-400к,2024-03-03
6662,45-54,Алматы,до 200к,2022-09-28
6663,18-24,Шымкент,700к+,2023-02-02
6664,45-54,Караганда,200-400к,2021-03-01
6665,25-34,Астана,200-400к,2020-09-20
6666,35-44,Шымкент,400-700к,2024-05-01
6667,45-54,Астана,до 200к,2022-11-04
6668,25-34,Павлодар,до 200к,2025-01-31
6669,25-34,Шымкент,до 200к,2024-01-25
6670,45-54,Шымкент,200-400к,2021-06-08
6671,25-34,Костанай,400-700к,2025-04-09
6672,25-34,Караганда,до 200к,2020-01-14
6673,35-44,Алматы,400-700к,2020-07-10
6674,25-34,Караганда,до 200к,2023-05-03
6675,35-44,Костанай,200-400к,2023-04-23
6676,18-24,Алматы,200-400к,2024-01-05
6677,25-34,Караганда,400-700к,2023-07-18
6678,45-54,Алматы,700к+,2021-06-05
6679,18-24,Атырау,200-400к,2020-10-23
6680,25-34,Караганда,200-400к,2025-04-11
6681,35-44,Павлодар,до 200к,2021-11-07
6682,45-54,Караганда,до 200к,2020-12-01
6683,35-44,Алматы,700к+,2020-05-18
6684,45-54,Шымкент,200-400к,2024-05-21
6685,25-34,Павлодар,200-400к,2024-08-16
6686,25-34,Алматы,до 200к,2024-10-18
6687,55+,Алматы,до 200к,2024-09-01
6688,45-54,Актобе,400-700к,2020-12-07
6689,35-44,Шымкент,200-400к,2020-01-29
6690,25-34,Алматы,700к+,2022-09-29
6691,25-34,Алматы,200-400к,2022-10-12
6692,18-24,Астана,400-700к,2020-02-26
6693,45-54,Караганда,до 200к,2024-10-18
6694,45-54,Астана,до 200к,2023-07-07
6695,25-34,Астана,до 200к,2023-09-25
6696,25-34,Атырау,до 200к,2022-12-28
6697,25-34,Алматы,700к+,2025-06-09
6698,18-24,Караганда,400-700к,2024-04-05
6699,35-44,Астана,200-400к,2023-03-02
6700,35-44,Астана,200-400к,2022-09-29
6701,25-34,Шымкент,200-400к,2024-07-27
6702,35-44,Караганда,200-400к,2021-12-08
6703,55+,Костанай,до 200к,2024-09-18
6704,18-24,Алматы,200-400к,2020-09-30
6705,25-34,Алматы,до 200к,2020-03-13
6706,25-34,Астана,700к+,2020-04-12
6707,25-34,Шымкент,200-400к,2022-01-03
6708,35-44,Алматы,400-700к,2022-11-23
6709,35-44,Павлодар,700к+,2024-11-27
6710,25-34,Атырау,200-400к,2025-01-11
6711,25-34,Астана,до 200к,2020-03-03
6712,45-54,Астана,200-400к,2024-03-12
6713,25-34,Алматы,200-400к,2021-02-06
6714,35-44,Шымкент,200-400к,2022-02-25
6715,35-44,Шымкент,до 200к,2024-09-12
6716,45-54,Павлодар,до 200к,2025-05-21
6717,35-44,Шымкент,400-700к,2024-05-06
6718,45-54,Алматы,400-700к,2021-01-03
6719,35-44,Алматы,до 200к,2020-03-16
6720,25-34,Алматы,400-700к,2025-06-18
6721,25-34,Павлодар,200-400к,2021-04-15
6722,25-34,Атырау,до 200к,2021-04-05
6723,25-34,Атырау,200-400к,2022-11-09
6724,18-24,Атырау,400-700к,2020-12-02
6725,25-34,Алматы,200-400к,2023-08-24
6726,25-34,Караганда,200-400к,2024-09-12
6727,18-24,Караганда,до 200к,2021-11-23
6728,25-34,Алматы,200-400к,2022-07-26
6729,35-44,Астана,200-400к,2024-12-04
6730,35-44,Караганда,200-400к,2024-11-18
6731,45-54,Павлодар,200-400к,2020-07-05
6732,35-44,Алматы,200-400к,2024-02-05
6733,45-54,Павлодар,до 200к,2020-02-09
6734,45-54,Павлодар,до 200к,2020-11-09
6735,18-24,Павлодар,до 200к,2023-06-08
6736,55+,Алматы,200-400к,2020-08-31
6737,18-24,Алматы,200-400к,2021-01-03
6738,35-44,Караганда,200-400к,2022-06-12
6739,45-54,Астана,до 200к,2022-04-11
6740,25-34,Алматы,200-400к,2023-01-28
6741,35-44,Актобе,до 200к,2025-01-14
6742,25-34,Алматы,до 200к,2022-04-26
6743,18-24,Астана,400-700к,2021-09-04
6744,18-24,Костанай,до 200к,2021-02-27
6745,18-24,Астана,до 200к,2024-10-19
6746,18-24,Павлодар,200-400к,2021-03-11
6747,35-44,Астана,до 200к,2020-01-09
6748,35-44,Астана,700к+,2022-10-16
6749,25-34,Алматы,700к+,2024-01-03
6750,35-44,Астана,200-400к,2020-01-29
6751,18-24,Астана,до 200к,2023-06-27
6752,25-34,Атырау,200-400к,2022-05-27
6753,35-44,Павлодар,200-400к,2024-04-02
6754,45-54,Алматы,200-400к,2020-03-07
6755,25-34,Алматы,до 200к,2024-11-29
6756,18-24,Караганда,до 200к,2024-10-12
6757,45-54,Астана,до 200к,2023-10-05
6758,45-54,Астана,200-400к,2023-05-25
6759,25-34,Алматы,200-400к,2023-11-09
6760,25-34,Алматы,400-700к,2020-11-16
6761,18-24,Шымкент,до 200к,2024-11-28
6762,35-44,Алматы,400-700к,2024-03-17
6763,45-54,Актобе,до 200к,2024-02-19
6764,35-44,Астана,до 200к,2022-09-12
6765,25-34,Астана,200-400к,2020-10-08
6766,35-44,Шымкент,до 200к,2022-10-18
6767,45-54,Алматы,700к+,2022-12-25
6768,25-34,Павлодар,700к+,2021-05-27
6769,45-54,Караганда,до 200к,2025-01-22
6770,25-34,Павлодар,до 200к,2022-02-26
6771,25-34,Астана,до 200к,2025-03-23
6772,35-44,Астана,700к+,2024-10-22
6773,25-34,Алматы,до 200к,2020-05-29
6774,55+,Шымкент,400-700к,2020-10-21
6775,35-44,Шымкент,до 200к,2022-02-24
6776,25-34,Астана,200-400к,2023-06-01
6777,25-34,Алматы,до 200к,2020-08-15
6778,35-44,Алматы,400-700к,2021-03-09
6779,25-34,Алматы,200-400к,2024-09-08
6780,35-44,Астана,до 200к,2022-06-08
6781,25-34,Шымкент,до 200к,2023-01-16
6782,25-34,Костанай,200-400к,2022-12-02
6783,35-44,Алматы,200-400к,2025-04-22
6784,18-24,Алматы,400-700к,2020-08-31
6785,35-44,Астана,200-400к,2022-11-08
6786,35-44,Алматы,700к+,2020-06-06
6787,25-34,Караганда,до 200к,2020-04-02
6788,35-44,Алматы,400-700к,2022-08-26
6789,35-44,Костанай,700к+,2024-12-12
6790,45-54,Атырау,200-400к,2022-03-29
6791,25-34,Астана,700к+,2023-12-05
6792,25-34,Павлодар,200-400к,2025-01-15
6793,35-44,Караганда,400-700к,2020-01-13
6794,35-44,Костанай,до 200к,2023-10-27
6795,35-44,Алматы,до 200к,2024-12-02
6796,35-44,Костанай,200-400к,2024-11-28
6797,35-44,Алматы,400-700к,2024-01-11
6798,25-34,Астана,700к+,2025-01-30
6799,35-44,Павлодар,200-400к,2023-04-18
6800,25-34,Астана,400-700к,2020-02-08
6801,25-34,Алматы,400-700к,2025-05-18
6802,35-44,Алматы,400-700к,2024-10-25
6803,25-34,Алматы,до 200к,2021-01-15
6804,25-34,Астана,200-400к,2025-03-31
6805,45-54,Астана,200-400к,2023-07-27
6806,35-44,Шымкент,400-700к,2022-06-24
6807,35-44,Атырау,200-400к,2024-06-25
6808,55+,Алматы,400-700к,2023-06-25
6809,25-34,Атырау,700к+,2024-04-26
6810,45-54,Шымкент,200-400к,2021-11-22
6811,25-34,Актобе,400-700к,2022-02-18
6812,25-34,Актобе,200-400к,2020-07-16
6813,25-34,Павлодар,200-400к,2024-11-13
6814,18-24,Алматы,200-400к,2021-06-09
6815,35-44,Шымкент,700к+,2020-10-01
6816,25-34,Павлодар,400-700к,2020-06-10
6817,35-44,Актобе,400-700к,2022-02-11
6818,25-34,Алматы,200-400к,2022-08-31
6819,18-24,Шымкент,200-400к,2024-07-26
6820,55+,Атырау,400-700к,2023-07-31
6821,35-44,Алматы,700к+,2024-05-31
6822,55+,Караганда,700к+,2020-01-11
6823,25-34,Атырау,400-700к,2020-02-28
6824,18-24,Шымкент,400-700к,2021-04-02
6825,35-44,Алматы,до 200к,2022-02-10
6826,35-44,Шымкент,400-700к,2020-05-27
6827,18-24,Шымкент,200-400к,2024-10-01
6828,45-54,Астана,400-700к,2025-04-15
6829,35-44,Караганда,до 200к,2022-08-27
6830,35-44,Астана,700к+,2024-05-25
6831,25-34,Павлодар,200-400к,2021-01-16
6832,35-44,Атырау,до 200к,2020-03-02
6833,25-34,Атырау,200-400к,2024-12-02
6834,55+,Шымкент,400-700к,2024-06-15
6835,25-34,Алматы,400-700к,2024-02-24
6836,25-34,Актобе,400-700к,2024-07-12
6837,18-24,Алматы,200-400к,2023-11-21
6838,35-44,Шымкент,до 200к,2024-05-29
6839,55+,Алматы,400-700к,2025-04-18
6840,45-54,Шымкент,700к+,2024-10-22
6841,35-44,Караганда,400-700к,2024-11-15
6842,55+,Астана,до 200к,2022-07-25
6843,35-44,Астана,400-700к,2024-06-25
6844,25-34,Алматы,до 200к,2021-04-23
6845,35-44,Астана,700к+,2021-09-20
6846,18-24,Астана,до 200к,2024-10-06
6847,25-34,Атырау,до 200к,2021-12-27
6848,25-34,Павлодар,до 200к,2024-07-27
6849,25-34,Костанай,400-700к,2022-09-17
6850,55+,Алматы,200-400к,2021-07-03
6851,55+,Астана,400-700к,2022-04-03
6852,25-34,Астана,200-400к,2023-03-07
6853,35-44,Караганда,400-700к,2020-05-06
6854,25-34,Караганда,200-400к,2023-01-18
6855,18-24,Актобе,до 200к,2020-07-29
6856,25-34,Астана,400-700к,2022-09-02
6857,25-34,Шымкент,200-400к,2021-10-08
6858,25-34,Костанай,200-400к,2023-05-02
6859,25-34,Алматы,200-400к,2024-08-05
6860,18-24,Атырау,400-700к,2020-06-16
6861,25-34,Актобе,до 200к,2020-06-19
6862,45-54,Алматы,200-400к,2022-06-28
6863,18-24,Павлодар,200-400к,2024-02-16
6864,25-34,Атырау,400-700к,2021-07-13
6865,35-44,Актобе,до 200к,2024-04-14
6866,25-34,Алматы,до 200к,2020-01-05
6867,35-44,Алматы,200-400к,2021-08-12
6868,18-24,Караганда,200-400к,2022-11-04
6869,35-44,Алматы,до 200к,2023-06-06
6870,35-44,Алматы,400-700к,2021-12-30
6871,35-44,Астана,200-400к,2024-10-30
6872,35-44,Алматы,200-400к,2022-05-12
6873,25-34,Актобе,200-400к,2023-06-25
6874,25-34,Шымкент,200-400к,2020-08-10
6875,25-34,Алматы,400-700к,2025-02-01
6876,35-44,Шымкент,200-400к,2022-10-08
6877,18-24,Алматы,400-700к,2022-07-29
6878,25-34,Алматы,200-400к,2021-06-24
6879,35-44,Астана,200-400к,2023-04-30
6880,18-24,Астана,до 200к,2020-01-02
6881,18-24,Астана,200-400к,2022-06-22
6882,35-44,Караганда,400-700к,2024-04-09
6883,25-34,Астана,до 200к,2024-04-04
6884,45-54,Шымкент,до 200к,2023-06-09
6885,55+,Астана,200-400к,2022-01-18
6886,55+,Актобе,200-400к,2022-11-21
6887,25-34,Шымкент,700к+,2020-12-03
6888,25-34,Алматы,до 200к,2023-05-29
6889,35-44,Караганда,400-700к,2021-03-08
6890,35-44,Актобе,400-700к,2021-10-09
6891,35-44,Алматы,400-700к,2024-01-08
6892,25-34,Шымкент,200-400к,2020-09-03
6893,18-24,Атырау,200-400к,2021-10-22
6894,25-34,Алматы,до 200к,2021-12-14
6895,25-34,Павлодар,400-700к,2025-03-07
6896,18-24,Астана,до 200к,2024-04-26
6897,45-54,Актобе,до 200к,2022-01-14
6898,18-24,Павлодар,до 200к,2023-05-01
6899,35-44,Костанай,400-700к,2021-04-24
6900,55+,Шымкент,до 200к,2024-05-01
6901,25-34,Караганда,200-400к,2021-11-20
6902,35-44,Алматы,400-700к,2024-12-09
6903,35-44,Астана,400-700к,2024-11-16
6904,25-34,Атырау,400-700к,2021-05-14
6905,25-34,Астана,200-400к,2022-03-29
6906,45-54,Атырау,до 200к,2025-01-02
6907,35-44,Алматы,до 200к,2020-07-11
6908,45-54,Алматы,до 200к,2023-08-18
6909,55+,Алматы,200-400к,2022-10-29
6910,25-34,Шымкент,200-400к,2023-01-26
6911,35-44,Алматы,200-400к,2023-02-18
6912,35-44,Астана,200-400к,2022-10-03
6913,35-44,Костанай,400-700к,2021-11-16
6914,35-44,Атырау,до 200к,2022-07-26
6915,35-44,Актобе,700к+,2025-05-10
6916,45-54,Алматы,400-700к,2020-05-27
6917,25-34,Астана,200-400к,2020-11-17
6918,35-44,Караганда,200-400к,2020-04-19
6919,25-34,Алматы,700к+,2023-06-05
6920,35-44,Астана,700к+,2021-10-23
6921,35-44,Павлодар,200-400к,2020-03-30
6922,45-54,Алматы,до 200к,2021-02-11
6923,25-34,Павлодар,700к+,2021-06-04
6924,35-44,Алматы,200-400к,2020-06-22
6925,25-34,Алматы,400-700к,2024-03-13
6926,25-34,Алматы,до 200к,2020-02-18
6927,25-34,Павлодар,400-700к,2024-10-31
6928,45-54,Шымкент,200-400к,2025-05-10
6929,25-34,Актобе,200-400к,2025-01-08
6930,55+,Астана,400-700к,2021-02-28
6931,25-34,Павлодар,200-400к,2021-04-01
6932,35-44,Шымкент,200-400к,2025-05-23
6933,35-44,Шымкент,200-400к,2023-05-30
6934,35-44,Актобе,200-400к,2022-12-25
6935,35-44,Актобе,700к+,2024-09-25
6936,35-44,Караганда,200-400к,2021-01-18
6937,45-54,Алматы,200-400к,2022-03-23
6938,35-44,Атырау,до 200к,2020-10-17
6939,18-24,Алматы,200-400к,2024-05-16
6940,25-34,Костанай,до 200к,2021-02-05
6941,35-44,Астана,200-400к,2020-09-20
6942,25-34,Алматы,200-400к,2021-12-28
6943,35-44,Астана,200-400к,2023-02-02
6944,35-44,Шымкент,до 200к,2021-02-13
6945,25-34,Астана,200-400к,2024-12-05
6946,35-44,Атырау,до 200к,2024-07-14
6947,35-44,Караганда,200-400к,2025-01-13
6948,35-44,Алматы,до 200к,2022-01-04
6949,35-44,Шымкент,700к+,2022-02-16
6950,45-54,Актобе,200-400к,2022-11-19
6951,35-44,Павлодар,400-700к,2024-12-24
6952,55+,Астана,400-700к,2022-09-29
6953,18-24,Павлодар,400-700к,2022-02-15
6954,35-44,Алматы,400-700к,2023-08-12
6955,35-44,Караганда,до 200к,2020-09-22
6956,25-34,Актобе,200-400к,2025-06-17
6957,25-34,Астана,400-700к,2023-10-09
6958,35-44,Алматы,200-400к,2022-06-06
6959,25-34,Караганда,200-400к,2020-06-29
6960,45-54,Астана,200-400к,2021-10-07
6961,25-34,Алматы,до 200к,2023-02-20
6962,25-34,Алматы,до 200к,2025-05-02
6963,35-44,Актобе,200-400к,2022-09-01
6964,25-34,Алматы,200-400к,2025-06-18
6965,18-24,Астана,400-700к,2022-11-01
6966,35-44,Костанай,400-700к,2024-04-10
6967,35-44,Актобе,до 200к,2020-07-15
6968,25-34,Шымкент,до 200к,2024-05-14
6969,35-44,Шымкент,200-400к,2021-04-29
6970,35-44,Алматы,200-400к,2022-03-25
6971,35-44,Астана,400-700к,2021-10-08
6972,25-34,Алматы,200-400к,2022-12-13
6973,25-34,Алматы,400-700к,2023-05-13
6974,55+,Алматы,200-400к,2021-12-04
6975,35-44,Шымкент,до 200к,2020-04-24
6976,18-24,Алматы,200-400к,2023-05-22
6977,45-54,Алматы,до 200к,2022-04-20
6978,25-34,Атырау,до 200к,2024-07-09
6979,45-54,Алматы,200-400к,2023-10-22
6980,35-44,Караганда,200-400к,2022-01-18
6981,55+,Астана,до 200к,2020-04-13
6982,55+,Шымкент,400-700к,2022-12-06
6983,25-34,Алматы,200-400к,2024-05-09
6984,35-44,Алматы,до 200к,2024-03-29
6985,25-34,Атырау,400-700к,2021-10-31
6986,35-44,Астана,до 200к,2021-02-21
6987,35-44,Алматы,200-400к,2020-05-27
6988,18-24,Астана,200-400к,2023-05-05
6989,18-24,Шымкент,200-400к,2021-06-09
6990,18-24,Алматы,400-700к,2024-03-31
6991,18-24,Шымкент,200-400к,2023-04-09
6992,25-34,Шымкент,до 200к,2020-04-14
6993,45-54,Шымкент,200-400к,2023-10-14
6994,35-44,Атырау,200-400к,2021-05-22
6995,45-54,Астана,до 200к,2024-10-10
6996,45-54,Павлодар,200-400к,2020-02-20
6997,35-44,Астана,до 200к,2022-01-03
6998,25-34,Астана,200-400к,2020-01-13
6999,45-54,Караганда,200-400к,2023-06-20
7000,35-44,Шымкент,400-700к,2022-08-13
7001,35-44,Алматы,400-700к,2022-12-02
7002,45-54,Костанай,200-400к,2023-11-02
7003,35-44,Костанай,400-700к,2024-11-26
7004,35-44,Астана,200-400к,2022-02-05
7005,45-54,Шымкент,400-700к,2023-02-14
7006,25-34,Актобе,400-700к,2023-05-27
7007,45-54,Павлодар,400-700к,2024-10-28
7008,18-24,Шымкент,400-700к,2021-01-17
7009,18-24,Алматы,700к+,2022-11-13
7010,35-44,Караганда,200-400к,2024-07-30
7011,18-24,Алматы,700к+,2021-07-16
7012,55+,Караганда,200-400к,2021-12-26
7013,18-24,Шымкент,до 200к,2022-06-17
7014,35-44,Караганда,до 200к,2023-11-15
7015,25-34,Алматы,200-400к,2023-09-03
7016,55+,Астана,до 200к,2020-09-16
7017,25-34,Шымкент,до 200к,2021-02-15
7018,18-24,Астана,200-400к,2024-06-24
7019,18-24,Алматы,200-400к,2023-09-09
7020,35-44,Алматы,до 200к,2022-11-02
7021,55+,Атырау,200-400к,2022-04-20
7022,55+,Астана,200-400к,2025-04-24
7023,25-34,Караганда,400-700к,2024-10-30
7024,25-34,Шымкент,200-400к,2022-03-21
7025,18-24,Атырау,до 200к,2021-12-04
7026,35-44,Шымкент,700к+,2024-10-11
7027,35-44,Алматы,400-700к,2021-11-22
7028,25-34,Алматы,200-400к,2022-04-04
7029,35-44,Алматы,до 200к,2025-01-07
7030,45-54,Атырау,200-400к,2020-08-03
7031,18-24,Караганда,400-700к,2023-11-07
7032,25-34,Актобе,400-700к,2023-10-07
7033,25-34,Актобе,400-700к,2022-01-28
7034,18-24,Атырау,700к+,2020-12-31
7035,25-34,Костанай,400-700к,2024-09-18
7036,35-44,Караганда,до 200к,2024-05-18
7037,18-24,Алматы,до 200к,2024-09-12
7038,35-44,Алматы,до 200к,2021-10-31
7039,45-54,Шымкент,до 200к,2025-04-09
7040,45-54,Актобе,до 200к,2024-02-21
7041,35-44,Шымкент,200-400к,2021-04-24
7042,25-34,Астана,400-700к,2022-08-20
7043,18-24,Актобе,до 200к,2021-09-24
7044,25-34,Астана,400-700к,2022-12-10
7045,55+,Астана,700к+,2021-01-11
7046,55+,Атырау,до 200к,2024-01-09
7047,25-34,Шымкент,до 200к,2022-07-08
7048,25-34,Астана,200-400к,2023-08-23
7049,35-44,Астана,400-700к,2023-07-07
7050,25-34,Шымкент,400-700к,2023-08-21
7051,55+,Астана,до 200к,2024-02-28
7052,25-34,Алматы,200-400к,2023-08-10
7053,25-34,Шымкент,400-700к,2022-10-28
7054,25-34,Караганда,до 200к,2023-03-16
7055,18-24,Алматы,200-400к,2023-06-16
7056,25-34,Шымкент,200-400к,2024-06-02
7057,45-54,Шымкент,до 200к,2022-08-09
7058,25-34,Астана,700к+,2021-08-23
7059,35-44,Астана,до 200к,2021-05-19
7060,25-34,Астана,400-700к,2020-12-29
7061,25-34,Астана,400-700к,2023-04-20
7062,18-24,Атырау,до 200к,2024-01-10
7063,25-34,Астана,400-700к,2021-09-26
7064,18-24,Костанай,до 200к,2022-12-15
7065,25-34,Астана,до 200к,2022-01-14
7066,45-54,Караганда,до 200к,2024-12-06
7067,35-44,Шымкент,400-700к,2024-12-17
7068,55+,Актобе,700к+,2025-04-14
7069,25-34,Павлодар,до 200к,2024-09-18
7070,35-44,Шымкент,200-400к,2024-09-30
7071,35-44,Астана,700к+,2023-01-19
7072,25-34,Костанай,200-400к,2022-12-31
7073,25-34,Павлодар,до 200к,2021-08-26
7074,35-44,Костанай,200-400к,2024-02-17
7075,45-54,Алматы,200-400к,2021-10-02
7076,25-34,Алматы,200-400к,2021-10-30
7077,25-34,Астана,200-400к,2025-03-06
7078,55+,Актобе,400-700к,2020-01-30
7079,18-24,Алматы,400-700к,2020-08-24
7080,55+,Астана,200-400к,2024-04-09
7081,45-54,Шымкент,400-700к,2023-10-02
7082,45-54,Алматы,200-400к,2024-04-11
7083,45-54,Актобе,400-700к,2022-07-22
7084,25-34,Алматы,до 200к,2020-01-17
7085,35-44,Атырау,200-400к,2021-08-18
7086,35-44,Астана,200-400к,2024-09-23
7087,35-44,Шымкент,200-400к,2023-08-25
7088,25-34,Шымкент,400-700к,2024-10-28
7089,25-34,Астана,200-400к,2020-01-19
7090,25-34,Астана,200-400к,2021-10-03
7091,25-34,Атырау,200-400к,2023-10-06
7092,35-44,Шымкент,400-700к,2020-02-04
7093,45-54,Алматы,200-400к,2022-06-18
7094,35-44,Актобе,400-700к,2024-10-18
7095,35-44,Алматы,400-700к,2020-11-19
7096,25-34,Астана,400-700к,2020-05-21
7097,25-34,Астана,до 200к,2023-06-27
7098,25-34,Астана,400-700к,2021-04-09
7099,25-34,Алматы,200-400к,2021-01-02
7100,18-24,Алматы,200-400к,2022-12-21
7101,25-34,Алматы,700к+,2023-04-27
7102,25-34,Астана,до 200к,2024-06-21
7103,35-44,Караганда,до 200к,2020-07-26
7104,18-24,Караганда,до 200к,2024-04-12
7105,25-34,Алматы,700к+,2023-09-02
7106,18-24,Алматы,200-400к,2023-09-24
7107,35-44,Караганда,400-700к,2021-04-22
7108,35-44,Шымкент,до 200к,2024-07-15
7109,25-34,Атырау,до 200к,2020-09-03
7110,25-34,Алматы,до 200к,2023-10-02
7111,55+,Алматы,400-700к,2020-09-26
7112,35-44,Астана,до 200к,2023-06-29
7113,35-44,Караганда,700к+,2022-06-22
7114,35-44,Астана,200-400к,2020-12-01
7115,45-54,Алматы,700к+,2021-01-23
7116,45-54,Алматы,200-400к,2022-05-29
7117,25-34,Караганда,200-400к,2022-01-02
7118,35-44,Астана,до 200к,2022-06-21
7119,25-34,Караганда,200-400к,2022-05-16
7120,35-44,Астана,200-400к,2020-02-06
7121,25-34,Астана,до 200к,2022-05-08
7122,18-24,Алматы,700к+,2022-03-22
7123,55+,Костанай,до 200к,2022-02-21
7124,45-54,Алматы,до 200к,2021-03-30
7125,25-34,Алматы,200-400к,2021-01-19
7126,55+,Атырау,200-400к,2020-06-28
7127,25-34,Алматы,до 200к,2023-06-03
7128,25-34,Астана,700к+,2022-12-28
7129,45-54,Алматы,до 200к,2024-06-11
7130,25-34,Караганда,200-400к,2021-04-19
7131,25-34,Астана,до 200к,2022-03-26
7132,35-44,Атырау,до 200к,2021-01-15
7133,18-24,Актобе,200-400к,2025-02-23
7134,25-34,Шымкент,400-700к,2024-04-22
7135,25-34,Алматы,200-400к,2020-10-24
7136,35-44,Атырау,до 200к,2024-06-08
7137,18-24,Атырау,до 200к,2025-01-21
7138,25-34,Атырау,700к+,2023-08-14
7139,35-44,Алматы,до 200к,2025-06-04
7140,25-34,Караганда,200-400к,2021-01-14
7141,25-34,Караганда,до 200к,2021-07-31
7142,35-44,Костанай,до 200к,2023-06-19
7143,35-44,Алматы,до 200к,2022-12-12
7144,18-24,Актобе,до 200к,2023-11-27
7145,45-54,Караганда,200-400к,2025-04-14
7146,35-44,Павлодар,200-400к,2021-04-11
7147,25-34,Караганда,400-700к,2024-10-10
7148,35-44,Атырау,до 200к,2020-09-22
7149,35-44,Астана,200-400к,2022-07-07
7150,35-44,Алматы,200-400к,2022-05-17
7151,35-44,Астана,до 200к,2024-05-31
7152,35-44,Атырау,до 200к,2022-04-28
7153,55+,Алматы,до 200к,2024-07-18
7154,35-44,Караганда,до 200к,2020-11-02
7155,45-54,Костанай,200-400к,2025-06-09
7156,35-44,Павлодар,до 200к,2021-01-18
7157,45-54,Караганда,200-400к,2023-03-29
7158,55+,Атырау,200-400к,2022-09-26
7159,25-34,Алматы,200-400к,2020-06-30
7160,25-34,Астана,до 200к,2022-11-20
7161,35-44,Шымкент,200-400к,2024-10-12
7162,25-34,Актобе,200-400к,2022-12-11
7163,35-44,Астана,700к+,2023-11-06
7164,45-54,Алматы,до 200к,2025-05-18
7165,55+,Караганда,до 200к,2021-08-28
7166,25-34,Астана,400-700к,2020-03-20
7167,35-44,Атырау,до 200к,2023-10-10
7168,25-34,Астана,до 200к,2024-04-21
7169,35-44,Атырау,400-700к,2020-10-12
7170,18-24,Шымкент,200-400к,2021-12-04
7171,35-44,Актобе,200-400к,2021-12-17
7172,35-44,Актобе,до 200к,2024-02-14
7173,35-44,Алматы,до 200к,2024-10-17
7174,35-44,Астана,до 200к,2024-01-10
7175,25-34,Павлодар,400-700к,2021-08-16
7176,18-24,Алматы,200-400к,2023-05-24
7177,18-24,Караганда,200-400к,2021-06-22
7178,55+,Алматы,700к+,2023-06-16
7179,45-54,Актобе,700к+,2025-04-14
7180,25-34,Алматы,до 200к,2023-08-20
7181,25-34,Шымкент,200-400к,2024-04-19
7182,25-34,Шымкент,400-700к,2024-02-04
7183,35-44,Алматы,400-700к,2022-08-11
7184,25-34,Астана,700к+,2020-09-20
7185,18-24,Павлодар,400-700к,2025-05-05
7186,25-34,Караганда,400-700к,2021-12-22
7187,25-34,Костанай,до 200к,2024-11-08
7188,25-34,Актобе,200-400к,2024-08-11
7189,25-34,Караганда,200-400к,2023-09-29
7190,35-44,Шымкент,400-700к,2022-12-31
7191,35-44,Павлодар,200-400к,2021-07-01
7192,25-34,Шымкент,200-400к,2020-09-30
7193,35-44,Астана,200-400к,2024-10-11
7194,25-34,Атырау,700к+,2025-04-07
7195,45-54,Костанай,200-400к,2023-09-07
7196,55+,Астана,400-700к,2025-05-29
7197,18-24,Алматы,200-400к,2021-03-08
7198,45-54,Шымкент,200-400к,2022-10-22
7199,35-44,Актобе,200-400к,2020-12-15
7200,35-44,Астана,200-400к,2022-12-02
7201,25-34,Актобе,400-700к,2024-11-17
7202,25-34,Шымкент,до 200к,2021-08-07
7203,18-24,Астана,700к+,2022-04-21
7204,55+,Караганда,400-700к,2022-10-29
7205,35-44,Астана,200-400к,2022-07-16
7206,25-34,Актобе,до 200к,2025-04-21
7207,35-44,Алматы,до 200к,2022-05-02
7208,18-24,Атырау,до 200к,2021-05-24
7209,25-34,Астана,до 200к,2021-10-17
7210,35-44,Костанай,до 200к,2021-09-01
7211,35-44,Актобе,700к+,2021-09-22
7212,45-54,Алматы,200-400к,2024-11-30
7213,35-44,Костанай,400-700к,2022-10-22
7214,35-44,Астана,200-400к,2022-02-07
7215,45-54,Шымкент,200-400к,2020-10-09
7216,18-24,Павлодар,400-700к,2025-04-29
7217,35-44,Павлодар,до 200к,2020-11-02
7218,35-44,Караганда,400-700к,2021-11-30
7219,25-34,Костанай,400-700к,2023-10-30
7220,25-34,Астана,700к+,2020-01-10
7221,25-34,Алматы,200-400к,2021-09-24
7222,25-34,Алматы,400-700к,2025-03-22
7223,35-44,Астана,200-400к,2020-02-18
7224,18-24,Шымкент,до 200к,2021-04-18
7225,35-44,Астана,до 200к,2020-06-21
7226,18-24,Шымкент,200-400к,2023-10-20
7227,18-24,Алматы,до 200к,2020-01-24
7228,25-34,Астана,до 200к,2020-04-04
7229,25-34,Актобе,до 200к,2022-08-03
7230,55+,Алматы,400-700к,2024-02-05
7231,25-34,Актобе,400-700к,2024-12-14
7232,25-34,Актобе,400-700к,2021-03-16
7233,25-34,Шымкент,200-400к,2023-02-17
7234,25-34,Павлодар,700к+,2024-05-19
7235,35-44,Костанай,200-400к,2023-12-30
7236,45-54,Алматы,200-400к,2025-04-17
7237,25-34,Караганда,200-400к,2020-05-31
7238,35-44,Алматы,до 200к,2020-03-31
7239,25-34,Астана,200-400к,2023-10-04
7240,45-54,Караганда,200-400к,2022-01-05
7241,35-44,Актобе,700к+,2024-01-16
7242,25-34,Атырау,до 200к,2023-12-02
7243,35-44,Караганда,до 200к,2022-06-04
7244,45-54,Актобе,200-400к,2025-06-15
7245,25-34,Шымкент,до 200к,2024-10-29
7246,55+,Алматы,700к+,2021-12-27
7247,45-54,Алматы,200-400к,2020-01-11
7248,25-34,Шымкент,200-400к,2025-06-12
7249,45-54,Актобе,200-400к,2025-04-20
7250,35-44,Алматы,200-400к,2024-12-03
7251,35-44,Астана,до 200к,2020-04-21
7252,35-44,Алматы,200-400к,2023-12-09
7253,45-54,Шымкент,до 200к,2025-04-05
7254,35-44,Астана,200-400к,2022-02-02
7255,35-44,Алматы,400-700к,2024-02-17
7256,18-24,Алматы,до 200к,2022-12-09
7257,25-34,Астана,200-400к,2022-07-15
7258,45-54,Шымкент,400-700к,2023-12-11
7259,35-44,Павлодар,200-400к,2023-03-06
7260,18-24,Алматы,200-400к,2023-10-03
7261,45-54,Шымкент,200-400к,2021-03-23
7262,45-54,Шымкент,200-400к,2021-07-30
7263,35-44,Караганда,200-400к,2023-07-03
7264,18-24,Астана,до 200к,2023-01-19
7265,35-44,Алматы,200-400к,2022-02-05
7266,18-24,Павлодар,400-700к,2024-07-28
7267,25-34,Костанай,200-400к,2021-11-13
7268,35-44,Астана,700к+,2022-08-08
7269,45-54,Шымкент,до 200к,2021-09-24
7270,25-34,Алматы,200-400к,2023-02-06
7271,45-54,Алматы,200-400к,2023-01-29
7272,45-54,Алматы,200-400к,2021-10-17
7273,18-24,Актобе,700к+,2024-03-27
7274,25-34,Алматы,200-400к,2020-11-16
7275,35-44,Алматы,200-400к,2024-03-20
7276,35-44,Алматы,200-400к,2020-05-11
7277,25-34,Алматы,200-400к,2021-05-16
7278,35-44,Астана,400-700к,2022-03-23
7279,35-44,Шымкент,400-700к,2022-04-27
7280,35-44,Шымкент,до 200к,2023-06-17
7281,35-44,Астана,400-700к,2025-02-20
7282,18-24,Астана,400-700к,2024-02-29
7283,25-34,Актобе,200-400к,2022-12-24
7284,18-24,Астана,200-400к,2020-06-17
7285,55+,Алматы,700к+,2025-06-07
7286,45-54,Атырау,400-700к,2021-09-28
7287,45-54,Караганда,до 200к,2023-05-25
7288,18-24,Астана,200-400к,2024-06-03
7289,35-44,Алматы,400-700к,2023-10-31
7290,25-34,Алматы,700к+,2020-08-12
7291,25-34,Алматы,200-400к,2021-06-03
7292,25-34,Атырау,400-700к,2025-06-09
7293,45-54,Шымкент,200-400к,2024-03-15
7294,25-34,Алматы,200-400к,2023-06-19
7295,35-44,Алматы,400-700к,2022-06-11
7296,55+,Алматы,до 200к,2025-02-23
7297,35-44,Алматы,до 200к,2023-12-24
7298,18-24,Шымкент,400-700к,2023-12-31
7299,45-54,Астана,до 200к,2025-01-06
7300,35-44,Павлодар,до 200к,2025-04-11
7301,25-34,Актобе,до 200к,2024-09-15
7302,35-44,Павлодар,до 200к,2023-08-23
7303,45-54,Атырау,до 200к,2021-04-02
7304,25-34,Павлодар,200-400к,2021-06-20
7305,35-44,Костанай,700к+,2020-11-04
7306,25-34,Астана,200-400к,2024-05-19
7307,18-24,Алматы,400-700к,2021-10-31
7308,45-54,Алматы,до 200к,2021-03-28
7309,18-24,Караганда,до 200к,2023-12-22
7310,25-34,Караганда,400-700к,2023-02-04
7311,25-34,Алматы,200-400к,2021-05-06
7312,25-34,Атырау,400-700к,2022-01-16
7313,25-34,Актобе,200-400к,2022-08-20
7314,35-44,Караганда,200-400к,2024-05-17
7315,25-34,Астана,200-400к,2020-01-14
7316,25-34,Алматы,до 200к,2024-02-27
7317,45-54,Шымкент,400-700к,2020-06-06
7318,55+,Алматы,200-400к,2024-09-23
7319,25-34,Шымкент,200-400к,2020-08-23
7320,25-34,Астана,до 200к,2021-05-08
7321,18-24,Алматы,200-400к,2022-01-08
7322,18-24,Астана,400-700к,2025-06-18
7323,25-34,Шымкент,200-400к,2022-03-07
7324,55+,Астана,700к+,2024-05-29
7325,35-44,Костанай,до 200к,2021-05-27
7326,25-34,Алматы,400-700к,2022-02-12
7327,55+,Павлодар,400-700к,2022-10-31
7328,25-34,Алматы,700к+,2020-09-12
7329,25-34,Алматы,400-700к,2020-03-01
7330,25-34,Костанай,200-400к,2021-11-29
7331,25-34,Актобе,200-400к,2024-04-21
7332,45-54,Караганда,400-700к,2020-07-31
7333,25-34,Актобе,400-700к,2024-06-24
7334,35-44,Астана,200-400к,2023-05-15
7335,25-34,Актобе,400-700к,2021-07-02
7336,45-54,Алматы,200-400к,2020-08-13
7337,35-44,Атырау,до 200к,2023-01-06
7338,25-34,Павлодар,до 200к,2022-05-11
7339,18-24,Атырау,200-400к,2020-08-05
7340,45-54,Актобе,200-400к,2023-08-28
7341,35-44,Караганда,200-400к,2024-08-01
7342,25-34,Шымкент,200-400к,2022-06-25
7343,45-54,Астана,200-400к,2022-06-21
7344,18-24,Атырау,до 200к,2024-10-29
7345,25-34,Караганда,до 200к,2022-02-13
7346,35-44,Астана,до 200к,2021-04-26
7347,25-34,Актобе,200-400к,2024-08-21
7348,25-34,Алматы,400-700к,2022-11-13
7349,25-34,Атырау,700к+,2025-02-18
7350,18-24,Атырау,до 200к,2024-12-31
7351,18-24,Алматы,400-700к,2024-06-09
7352,25-34,Алматы,200-400к,2021-12-07
7353,55+,Актобе,200-400к,2023-12-06
7354,35-44,Алматы,400-700к,2022-08-03
7355,25-34,Костанай,700к+,2024-03-08
7356,25-34,Алматы,200-400к,2025-02-08
7357,35-44,Алматы,200-400к,2024-01-05
7358,25-34,Алматы,до 200к,2022-09-25
7359,25-34,Актобе,до 200к,2025-06-08
7360,35-44,Шымкент,до 200к,2024-09-24
7361,25-34,Атырау,до 200к,2021-05-04
7362,35-44,Костанай,400-700к,2025-02-23
7363,45-54,Шымкент,до 200к,2022-08-17
7364,45-54,Алматы,200-400к,2021-05-27
7365,25-34,Алматы,400-700к,2021-08-12
7366,18-24,Атырау,400-700к,2024-04-20
7367,25-34,Алматы,до 200к,2022-02-09
7368,45-54,Павлодар,до 200к,2023-07-31
7369,45-54,Павлодар,200-400к,2022-06-08
7370,45-54,Караганда,до 200к,2025-05-27
7371,25-34,Шымкент,200-400к,2020-09-29
7372,45-54,Костанай,200-400к,2023-03-17
7373,35-44,Актобе,200-400к,2021-12-12
7374,45-54,Караганда,до 200к,2024-05-04
7375,35-44,Астана,до 200к,2025-02-28
7376,25-34,Астана,400-700к,2021-11-22
7377,18-24,Астана,700к+,2024-12-20
7378,55+,Костанай,200-400к,2023-04-27
7379,25-34,Караганда,200-400к,2020-04-20
7380,25-34,Актобе,200-400к,2024-04-06
7381,25-34,Алматы,до 200к,2023-01-07
7382,25-34,Атырау,400-700к,2025-04-17
7383,55+,Астана,до 200к,2022-07-06
7384,18-24,Актобе,200-400к,2021-05-18
7385,18-24,Алматы,до 200к,2020-12-11
7386,45-54,Павлодар,400-700к,2020-06-06
7387,35-44,Караганда,400-700к,2023-11-12
7388,18-24,Астана,400-700к,2025-05-06
7389,18-24,Астана,200-400к,2023-07-17
7390,25-34,Астана,200-400к,2023-04-20
7391,25-34,Астана,200-400к,2020-02-26
7392,18-24,Алматы,400-700к,2020-02-04
7393,25-34,Астана,200-400к,2022-09-25
7394,35-44,Астана,200-400к,2022-11-05
7395,45-54,Астана,400-700к,2022-05-01
7396,45-54,Караганда,до 200к,2025-02-15
7397,25-34,Астана,200-400к,2021-10-22
7398,25-34,Алматы,до 200к,2025-05-22
7399,55+,Атырау,400-700к,2021-06-11
7400,35-44,Астана,200-400к,2021-10-13
7401,35-44,Караганда,400-700к,2021-08-21
7402,25-34,Павлодар,до 200к,2024-04-12
7403,25-34,Актобе,200-400к,2021-10-24
7404,35-44,Шымкент,до 200к,2022-07-06
7405,35-44,Шымкент,400-700к,2020-08-10
7406,18-24,Атырау,до 200к,2022-03-07
7407,55+,Атырау,200-400к,2021-02-03
7408,35-44,Алматы,до 200к,2024-02-25
7409,35-44,Караганда,400-700к,2024-06-13
7410,25-34,Атырау,до 200к,2021-06-23
7411,35-44,Атырау,200-400к,2025-05-30
7412,35-44,Алматы,до 200к,2022-05-02
7413,18-24,Астана,200-400к,2024-07-27
7414,35-44,Шымкент,до 200к,2021-05-08
7415,35-44,Алматы,200-400к,2024-09-13
7416,45-54,Караганда,до 200к,2020-10-12
7417,25-34,Астана,700к+,2021-12-24
7418,45-54,Астана,200-400к,2022-01-28
7419,25-34,Астана,200-400к,2021-01-07
7420,18-24,Атырау,до 200к,2025-04-02
7421,18-24,Атырау,до 200к,2021-08-10
7422,25-34,Атырау,400-700к,2022-04-17
7423,25-34,Павлодар,400-700к,2020-02-03
7424,25-34,Костанай,200-400к,2023-09-28
7425,35-44,Астана,400-700к,2020-12-25
7426,25-34,Алматы,до 200к,2021-07-24
7427,55+,Атырау,700к+,2025-01-08
7428,25-34,Караганда,200-400к,2024-09-26
7429,35-44,Астана,400-700к,2020-08-17
7430,45-54,Костанай,400-700к,2023-06-03
7431,45-54,Астана,до 200к,2024-02-03
7432,35-44,Павлодар,200-400к,2025-03-15
7433,35-44,Шымкент,700к+,2021-04-26
7434,18-24,Алматы,до 200к,2021-10-13
7435,18-24,Атырау,200-400к,2021-04-18
7436,25-34,Актобе,200-400к,2022-12-12
7437,18-24,Караганда,200-400к,2023-04-21
7438,25-34,Шымкент,200-400к,2021-01-17
7439,25-34,Алматы,400-700к,2020-02-15
7440,45-54,Алматы,700к+,2020-09-28
7441,45-54,Алматы,200-400к,2021-02-21
7442,45-54,Алматы,700к+,2023-03-16
7443,35-44,Астана,до 200к,2021-02-04
7444,25-34,Шымкент,до 200к,2024-05-25
7445,18-24,Алматы,до 200к,2023-07-08
7446,35-44,Шымкент,200-400к,2021-02-03
7447,35-44,Алматы,200-400к,2025-06-04
7448,25-34,Алматы,до 200к,2023-11-06
7449,25-34,Костанай,200-400к,2024-10-06
7450,25-34,Костанай,400-700к,2023-09-05
7451,25-34,Атырау,200-400к,2023-08-13
7452,25-34,Алматы,200-400к,2022-08-23
7453,25-34,Актобе,200-400к,2023-08-05
7454,35-44,Алматы,700к+,2024-03-13
7455,55+,Шымкент,400-700к,2025-05-26
7456,35-44,Павлодар,700к+,2023-04-02
7457,35-44,Астана,700к+,2024-02-16
7458,45-54,Павлодар,400-700к,2025-03-07
7459,18-24,Караганда,до 200к,2023-05-05
7460,35-44,Астана,200-400к,2024-03-07
7461,25-34,Алматы,200-400к,2021-01-12
7462,35-44,Атырау,до 200к,2024-11-08
7463,18-24,Астана,200-400к,2025-05-11
7464,45-54,Алматы,до 200к,2021-12-23
7465,55+,Алматы,200-400к,2024-11-09
7466,18-24,Костанай,400-700к,2024-06-09
7467,25-34,Алматы,200-400к,2021-04-10
7468,25-34,Костанай,700к+,2025-06-07
7469,45-54,Караганда,400-700к,2023-03-15
7470,35-44,Астана,400-700к,2020-11-22
7471,25-34,Астана,до 200к,2020-08-04
7472,45-54,Актобе,700к+,2022-10-19
7473,25-34,Астана,до 200к,2022-11-07
7474,25-34,Алматы,400-700к,2024-09-20
7475,25-34,Алматы,до 200к,2022-10-17
7476,35-44,Атырау,до 200к,2022-03-04
7477,25-34,Караганда,200-400к,2021-09-25
7478,25-34,Шымкент,400-700к,2022-10-13
7479,25-34,Алматы,400-700к,2021-06-16
7480,45-54,Астана,200-400к,2024-02-04
7481,35-44,Актобе,400-700к,2020-09-28
7482,45-54,Алматы,до 200к,2024-07-07
7483,35-44,Костанай,700к+,2021-03-08
7484,35-44,Атырау,200-400к,2021-02-03
7485,25-34,Астана,700к+,2025-05-02
7486,45-54,Павлодар,400-700к,2022-02-21
7487,25-34,Караганда,200-400к,2023-09-22
7488,18-24,Караганда,200-400к,2022-02-28
7489,25-34,Алматы,200-400к,2025-05-17
7490,18-24,Павлодар,700к+,2020-11-01
7491,55+,Астана,200-400к,2022-07-20
7492,55+,Атырау,400-700к,2020-07-01
7493,35-44,Астана,700к+,2023-02-16
7494,18-24,Астана,200-400к,2024-01-29
7495,45-54,Костанай,200-400к,2022-07-25
7496,35-44,Астана,200-400к,2024-08-30
7497,25-34,Алматы,до 200к,2024-03-16
7498,35-44,Атырау,400-700к,2025-03-18
7499,35-44,Алматы,до 200к,2025-06-14
7500,18-24,Павлодар,400-700к,2025-03-27
7501,35-44,Павлодар,200-400к,2022-05-16
7502,35-44,Алматы,400-700к,2025-06-12
7503,25-34,Шымкент,200-400к,2023-08-15
7504,25-34,Костанай,200-400к,2020-06-14
7505,35-44,Павлодар,до 200к,2020-06-13
7506,35-44,Шымкент,400-700к,2022-03-04
7507,55+,Караганда,200-400к,2023-01-17
7508,45-54,Шымкент,200-400к,2020-06-13
7509,35-44,Алматы,400-700к,2023-02-27
7510,35-44,Караганда,200-400к,2023-09-17
7511,35-44,Астана,до 200к,2023-10-18
7512,35-44,Астана,до 200к,2025-04-28
7513,18-24,Астана,200-400к,2021-12-29
7514,35-44,Атырау,до 200к,2020-03-14
7515,35-44,Алматы,200-400к,2025-03-30
7516,35-44,Алматы,до 200к,2022-11-18
7517,45-54,Алматы,200-400к,2023-06-14
7518,35-44,Алматы,200-400к,2022-12-02
7519,25-34,Костанай,200-400к,2022-08-31
7520,18-24,Астана,200-400к,2020-11-22
7521,18-24,Алматы,200-400к,2023-02-02
7522,25-34,Костанай,200-400к,2024-07-24
7523,25-34,Алматы,700к+,2020-08-14
7524,25-34,Астана,200-400к,2022-02-28
7525,25-34,Атырау,400-700к,2025-02-13
7526,25-34,Актобе,200-400к,2022-04-20
7527,45-54,Алматы,200-400к,2020-11-19
7528,35-44,Караганда,400-700к,2025-04-07
7529,25-34,Караганда,до 200к,2020-09-30
7530,25-34,Караганда,700к+,2021-05-09
7531,18-24,Алматы,200-400к,2022-07-19
7532,18-24,Атырау,до 200к,2022-02-09
7533,25-34,Шымкент,200-400к,2022-04-12
7534,18-24,Актобе,400-700к,2024-03-20
7535,25-34,Павлодар,до 200к,2023-01-18
7536,55+,Атырау,до 200к,2022-08-17
7537,35-44,Актобе,700к+,2023-11-07
7538,45-54,Астана,200-400к,2023-04-21
7539,18-24,Алматы,до 200к,2023-06-11
7540,25-34,Шымкент,до 200к,2022-08-13
7541,55+,Алматы,200-400к,2023-01-13
7542,25-34,Актобе,200-400к,2021-07-20
7543,35-44,Актобе,200-400к,2022-04-07
7544,55+,Шымкент,700к+,2020-11-21
7545,35-44,Алматы,до 200к,2020-06-13
7546,25-34,Павлодар,до 200к,2024-08-27
7547,35-44,Шымкент,до 200к,2024-06-02
7548,18-24,Шымкент,200-400к,2021-07-04
7549,18-24,Шымкент,до 200к,2022-07-10
7550,18-24,Алматы,200-400к,2025-06-17
7551,45-54,Актобе,400-700к,2022-11-28
7552,35-44,Алматы,до 200к,2020-01-21
7553,25-34,Шымкент,700к+,2023-02-28
7554,25-34,Алматы,700к+,2024-10-29
7555,35-44,Алматы,200-400к,2021-04-06
7556,45-54,Алматы,400-700к,2025-03-09
7557,25-34,Алматы,400-700к,2024-03-06
7558,25-34,Павлодар,200-400к,2020-04-27
7559,45-54,Атырау,200-400к,2025-05-29
7560,45-54,Алматы,до 200к,2023-06-09
7561,45-54,Алматы,200-400к,2021-03-07
7562,25-34,Актобе,400-700к,2024-04-14
7563,18-24,Алматы,200-400к,2024-06-30
7564,25-34,Астана,200-400к,2023-05-15
7565,25-34,Алматы,200-400к,2025-04-12
7566,45-54,Шымкент,700к+,2024-10-26
7567,18-24,Костанай,до 200к,2021-09-15
7568,35-44,Алматы,200-400к,2020-09-21
7569,45-54,Костанай,до 200к,2024-06-02
7570,55+,Атырау,700к+,2025-03-12
7571,35-44,Костанай,200-400к,2021-08-11
7572,55+,Актобе,до 200к,2023-01-06
7573,18-24,Атырау,200-400к,2022-10-17
7574,25-34,Шымкент,200-400к,2021-11-19
7575,18-24,Атырау,до 200к,2022-12-12
7576,55+,Алматы,400-700к,2022-11-16
7577,45-54,Актобе,400-700к,2025-05-24
7578,18-24,Караганда,до 200к,2021-11-09
7579,18-24,Алматы,700к+,2020-10-24
7580,25-34,Астана,до 200к,2022-06-29
7581,25-34,Алматы,до 200к,2020-10-10
7582,45-54,Астана,200-400к,2020-11-08
7583,25-34,Алматы,до 200к,2023-06-24
7584,45-54,Алматы,200-400к,2024-08-16
7585,35-44,Астана,200-400к,2020-08-19
7586,25-34,Шымкент,до 200к,2022-02-18
7587,25-34,Алматы,700к+,2021-01-01
7588,55+,Алматы,200-400к,2022-07-23
7589,35-44,Астана,200-400к,2023-03-27
7590,25-34,Астана,до 200к,2024-12-24
7591,25-34,Алматы,400-700к,2024-11-23
7592,45-54,Костанай,до 200к,2024-12-19
7593,45-54,Астана,до 200к,2022-04-24
7594,45-54,Астана,400-700к,2024-04-25
7595,35-44,Шымкент,до 200к,2021-08-04
7596,45-54,Атырау,400-700к,2020-03-01
7597,25-34,Астана,200-400к,2025-02-02
7598,35-44,Алматы,400-700к,2024-12-17
7599,25-34,Шымкент,до 200к,2020-12-28
7600,35-44,Астана,700к+,2021-01-12
7601,55+,Астана,до 200к,2024-12-19
7602,55+,Костанай,до 200к,2022-05-26
7603,35-44,Костанай,400-700к,2024-04-28
7604,35-44,Шымкент,до 200к,2024-12-10
7605,45-54,Алматы,200-400к,2022-12-27
7606,55+,Шымкент,200-400к,2020-07-09
7607,35-44,Костанай,до 200к,2023-04-15
7608,18-24,Павлодар,до 200к,2020-09-23
7609,25-34,Алматы,200-400к,2023-10-07
7610,45-54,Алматы,200-400к,2023-02-26
7611,35-44,Алматы,200-400к,2022-05-24
7612,35-44,Атырау,400-700к,2022-07-24
7613,35-44,Астана,200-400к,2025-04-08
7614,25-34,Астана,200-400к,2022-02-18
7615,25-34,Астана,до 200к,2024-08-24
7616,45-54,Алматы,200-400к,2024-06-07
7617,25-34,Павлодар,до 200к,2025-06-15
7618,35-44,Астана,200-400к,2024-11-24
7619,35-44,Алматы,до 200к,2023-05-27
7620,45-54,Актобе,400-700к,2025-06-05
7621,25-34,Караганда,до 200к,2023-11-01
7622,35-44,Актобе,до 200к,2020-09-02
7623,18-24,Атырау,до 200к,2020-07-11
7624,18-24,Алматы,200-400к,2023-09-14
7625,25-34,Алматы,400-700к,2022-11-25
7626,18-24,Алматы,400-700к,2024-10-08
7627,55+,Караганда,700к+,2022-12-12
7628,45-54,Павлодар,200-400к,2021-04-26
7629,18-24,Астана,до 200к,2024-09-10
7630,45-54,Актобе,400-700к,2022-08-18
7631,35-44,Актобе,400-700к,2025-03-23
7632,35-44,Костанай,до 200к,2020-01-15
7633,45-54,Астана,до 200к,2020-02-06
7634,35-44,Алматы,200-400к,2020-09-26
7635,18-24,Актобе,200-400к,2025-03-29
7636,18-24,Атырау,200-400к,2020-09-08
7637,25-34,Караганда,до 200к,2023-11-26
7638,55+,Атырау,700к+,2023-11-16
7639,35-44,Астана,200-400к,2024-10-25
7640,25-34,Караганда,400-700к,2023-05-29
7641,18-24,Алматы,до 200к,2020-02-11
7642,45-54,Астана,200-400к,2020-03-18
7643,25-34,Алматы,400-700к,2020-01-29
7644,35-44,Алматы,до 200к,2023-04-06
7645,35-44,Алматы,200-400к,2022-05-10
7646,25-34,Караганда,до 200к,2020-05-16
7647,18-24,Павлодар,200-400к,2020-02-11
7648,25-34,Астана,400-700к,2021-02-08
7649,25-34,Астана,400-700к,2022-08-17
7650,35-44,Алматы,400-700к,2024-12-07
7651,45-54,Астана,до 200к,2024-07-12
7652,25-34,Астана,400-700к,2022-06-13
7653,35-44,Шымкент,200-400к,2021-07-27
7654,18-24,Павлодар,до 200к,2024-04-11
7655,25-34,Шымкент,400-700к,2025-02-17
7656,35-44,Караганда,до 200к,2021-09-20
7657,45-54,Караганда,до 200к,2022-09-22
7658,35-44,Алматы,400-700к,2020-08-09
7659,25-34,Астана,до 200к,2020-09-16
7660,35-44,Алматы,до 200к,2024-11-11
7661,25-34,Астана,до 200к,2021-03-28
7662,55+,Павлодар,400-700к,2020-11-23
7663,35-44,Астана,до 200к,2021-09-29
7664,55+,Астана,200-400к,2021-11-30
7665,25-34,Алматы,до 200к,2021-02-11
7666,25-34,Астана,200-400к,2023-11-03
7667,35-44,Павлодар,до 200к,2023-02-21
7668,25-34,Астана,400-700к,2023-03-29
7669,35-44,Актобе,400-700к,2025-05-24
7670,35-44,Алматы,400-700к,2025-01-29
7671,55+,Алматы,400-700к,2021-07-18
7672,25-34,Астана,200-400к,2025-05-29
7673,55+,Павлодар,до 200к,2023-09-18
7674,25-34,Алматы,200-400к,2020-10-20
7675,25-34,Актобе,200-400к,2021-09-30
7676,35-44,Алматы,200-400к,2021-03-29
7677,25-34,Шымкент,до 200к,2024-05-17
7678,55+,Шымкент,400-700к,2023-07-02
7679,45-54,Караганда,до 200к,2024-04-07
7680,55+,Астана,200-400к,2020-10-20
7681,55+,Алматы,700к+,2022-10-28
7682,35-44,Павлодар,до 200к,2022-12-20
7683,25-34,Шымкент,до 200к,2023-09-23
7684,45-54,Алматы,до 200к,2022-01-15
7685,18-24,Астана,200-400к,2020-05-05
7686,45-54,Алматы,200-400к,2024-11-11
7687,25-34,Астана,700к+,2022-05-02
7688,35-44,Астана,400-700к,2025-01-10
7689,25-34,Алматы,400-700к,2022-04-08
7690,25-34,Астана,400-700к,2021-06-01
7691,18-24,Караганда,до 200к,2022-07-17
7692,25-34,Павлодар,700к+,2020-07-10
7693,25-34,Караганда,200-400к,2023-01-22
7694,25-34,Шымкент,до 200к,2025-06-05
7695,25-34,Актобе,700к+,2021-05-27
7696,35-44,Алматы,200-400к,2020-10-26
7697,25-34,Караганда,до 200к,2020-09-30
7698,45-54,Алматы,400-700к,2020-12-12
7699,18-24,Алматы,до 200к,2022-02-24
7700,35-44,Караганда,до 200к,2021-05-19
7701,25-34,Алматы,до 200к,2023-11-29
7702,35-44,Караганда,200-400к,2021-11-12
7703,35-44,Караганда,до 200к,2021-12-27
7704,35-44,Алматы,до 200к,2020-10-22
7705,25-34,Астана,200-400к,2023-02-20
7706,35-44,Шымкент,до 200к,2021-10-06
7707,25-34,Актобе,200-400к,2023-11-12
7708,25-34,Атырау,200-400к,2020-02-14
7709,25-34,Астана,до 200к,2023-07-09
7710,35-44,Атырау,до 200к,2024-05-20
7711,25-34,Астана,до 200к,2023-11-24
7712,35-44,Алматы,200-400к,2021-06-11
7713,25-34,Шымкент,400-700к,2023-10-25
7714,25-34,Алматы,до 200к,2024-06-23
7715,25-34,Алматы,до 200к,2022-11-19
7716,18-24,Алматы,до 200к,2023-07-17
7717,35-44,Атырау,200-400к,2024-06-19
7718,45-54,Павлодар,200-400к,2022-08-19
7719,35-44,Костанай,200-400к,2020-10-24
7720,25-34,Астана,400-700к,2025-04-28
7721,25-34,Астана,до 200к,2021-10-15
7722,45-54,Атырау,200-400к,2022-02-12
7723,18-24,Астана,700к+,2023-05-10
7724,25-34,Астана,до 200к,2020-12-22
7725,45-54,Алматы,200-400к,2021-11-23
7726,25-34,Шымкент,200-400к,2023-02-28
7727,18-24,Караганда,до 200к,2024-01-06
7728,25-34,Астана,400-700к,2020-10-07
7729,35-44,Алматы,до 200к,2024-07-14
7730,25-34,Актобе,до 200к,2021-07-07
7731,35-44,Шымкент,200-400к,2025-01-01
7732,25-34,Алматы,700к+,2024-12-20
7733,25-34,Астана,до 200к,2023-11-23
7734,25-34,Костанай,200-400к,2024-11-19
7735,45-54,Караганда,до 200к,2020-11-15
7736,25-34,Шымкент,200-400к,2022-07-20
7737,35-44,Караганда,200-400к,2020-10-08
7738,25-34,Костанай,200-400к,2022-08-14
7739,18-24,Астана,700к+,2023-03-10
7740,25-34,Астана,400-700к,2023-02-07
7741,35-44,Астана,до 200к,2020-05-31
7742,25-34,Атырау,700к+,2020-06-17
7743,45-54,Алматы,до 200к,2025-06-19
7744,45-54,Алматы,400-700к,2021-05-21
7745,45-54,Алматы,400-700к,2022-09-16
7746,35-44,Караганда,400-700к,2023-03-05
7747,35-44,Караганда,200-400к,2020-11-14
7748,35-44,Астана,400-700к,2021-10-04
7749,25-34,Алматы,200-400к,2023-04-18
7750,45-54,Актобе,200-400к,2021-03-02
7751,45-54,Алматы,700к+,2024-05-03
7752,25-34,Актобе,до 200к,2023-07-18
7753,45-54,Алматы,до 200к,2025-05-31
7754,45-54,Павлодар,200-400к,2023-02-06
7755,25-34,Астана,до 200к,2024-05-19
7756,45-54,Караганда,400-700к,2021-10-16
7757,18-24,Алматы,200-400к,2023-10-20
7758,18-24,Алматы,200-400к,2025-02-17
7759,25-34,Караганда,400-700к,2024-07-02
7760,35-44,Шымкент,400-700к,2024-04-04
7761,25-34,Актобе,400-700к,2022-06-20
7762,55+,Шымкент,до 200к,2023-04-07
7763,25-34,Шымкент,200-400к,2023-03-31
7764,25-34,Атырау,400-700к,2021-02-22
7765,35-44,Астана,700к+,2021-06-09
7766,18-24,Павлодар,200-400к,2023-07-20
7767,35-44,Астана,200-400к,2023-06-27
7768,25-34,Астана,200-400к,2023-10-07
7769,55+,Актобе,200-400к,2023-04-22
7770,35-44,Алматы,200-400к,2023-03-08
7771,18-24,Алматы,до 200к,2022-11-05
7772,18-24,Алматы,до 200к,2023-06-29
7773,18-24,Шымкент,200-400к,2021-12-25
7774,55+,Караганда,200-400к,2020-11-20
7775,35-44,Алматы,до 200к,2023-09-15
7776,25-34,Алматы,400-700к,2021-10-31
7777,25-34,Астана,до 200к,2024-02-24
7778,45-54,Астана,400-700к,2024-11-16
7779,25-34,Алматы,400-700к,2022-02-21
7780,35-44,Алматы,400-700к,2020-10-01
7781,35-44,Атырау,400-700к,2020-01-02
7782,25-34,Караганда,400-700к,2023-03-25
7783,35-44,Астана,200-400к,2024-10-30
7784,25-34,Алматы,200-400к,2024-11-30
7785,25-34,Алматы,400-700к,2024-12-02
7786,55+,Астана,200-400к,2020-01-29
7787,35-44,Астана,200-400к,2020-04-18
7788,45-54,Павлодар,до 200к,2025-04-18
7789,35-44,Актобе,200-400к,2023-09-10
7790,25-34,Астана,до 200к,2024-11-01
7791,35-44,Алматы,200-400к,2025-05-14
7792,35-44,Караганда,200-400к,2023-12-01
7793,25-34,Павлодар,до 200к,2022-03-13
7794,25-34,Алматы,200-400к,2023-11-19
7795,35-44,Атырау,400-700к,2023-06-07
7796,35-44,Алматы,700к+,2024-10-01
7797,25-34,Караганда,до 200к,2024-09-18
7798,45-54,Алматы,до 200к,2020-12-07
7799,25-34,Шымкент,400-700к,2024-10-27
7800,25-34,Алматы,200-400к,2023-10-31
7801,25-34,Шымкент,200-400к,2024-01-09
7802,45-54,Шымкент,200-400к,2021-11-17
7803,25-34,Шымкент,400-700к,2022-08-30
7804,25-34,Караганда,до 200к,2024-10-17
7805,25-34,Алматы,200-400к,2020-10-04
7806,35-44,Караганда,до 200к,2022-12-02
7807,45-54,Алматы,700к+,2025-04-18
7808,25-34,Караганда,400-700к,2024-03-11
7809,55+,Алматы,200-400к,2020-10-24
7810,18-24,Астана,700к+,2020-11-30
7811,18-24,Астана,до 200к,2022-10-04
7812,35-44,Костанай,400-700к,2021-04-29
7813,35-44,Караганда,400-700к,2024-10-29
7814,25-34,Алматы,400-700к,2024-08-03
7815,35-44,Караганда,400-700к,2025-03-22
7816,25-34,Алматы,до 200к,2022-03-01
7817,35-44,Астана,до 200к,2021-07-25
7818,35-44,Астана,до 200к,2022-11-21
7819,55+,Актобе,400-700к,2020-08-18
7820,25-34,Костанай,200-400к,2023-12-22
7821,35-44,Павлодар,200-400к,2024-10-05
7822,35-44,Алматы,до 200к,2020-12-05
7823,25-34,Алматы,200-400к,2021-01-30
7824,25-34,Атырау,200-400к,2021-08-28
7825,55+,Астана,200-400к,2024-05-20
7826,25-34,Шымкент,200-400к,2021-10-13
7827,45-54,Костанай,до 200к,2023-12-29
7828,25-34,Алматы,до 200к,2025-01-07
7829,45-54,Астана,700к+,2022-05-26
7830,25-34,Атырау,200-400к,2020-10-02
7831,55+,Караганда,200-400к,2025-01-05
7832,35-44,Павлодар,700к+,2022-01-12
7833,18-24,Караганда,200-400к,2023-04-13
7834,35-44,Астана,200-400к,2025-04-02
7835,35-44,Атырау,200-400к,2024-11-29
7836,25-34,Актобе,до 200к,2024-07-27
7837,25-34,Павлодар,200-400к,2021-12-07
7838,35-44,Астана,400-700к,2023-09-02
7839,35-44,Шымкент,200-400к,2021-10-30
7840,25-34,Астана,до 200к,2023-01-02
7841,45-54,Алматы,400-700к,2021-11-05
7842,25-34,Костанай,до 200к,2024-08-04
7843,18-24,Костанай,200-400к,2024-02-11
7844,35-44,Шымкент,400-700к,2025-03-07
7845,18-24,Костанай,200-400к,2021-06-16
7846,25-34,Астана,до 200к,2025-01-22
7847,35-44,Атырау,200-400к,2021-05-10
7848,25-34,Караганда,400-700к,2023-07-02
7849,25-34,Актобе,400-700к,2020-12-13
7850,35-44,Актобе,400-700к,2023-12-26
7851,35-44,Караганда,до 200к,2024-03-29
7852,45-54,Атырау,до 200к,2024-03-30
7853,35-44,Астана,200-400к,2021-07-08
7854,25-34,Атырау,400-700к,2024-06-06
7855,25-34,Алматы,до 200к,2020-11-14
7856,45-54,Алматы,до 200к,2024-01-06
7857,25-34,Актобе,до 200к,2022-07-29
7858,25-34,Актобе,200-400к,2020-12-25
7859,45-54,Павлодар,400-700к,2025-05-02
7860,35-44,Алматы,700к+,2024-02-28
7861,35-44,Алматы,до 200к,2020-10-19
7862,18-24,Шымкент,200-400к,2022-02-19
7863,18-24,Павлодар,200-400к,2024-01-16
7864,25-34,Костанай,200-400к,2021-02-03
7865,35-44,Атырау,до 200к,2022-08-04
7866,25-34,Астана,до 200к,2020-07-24
7867,18-24,Атырау,до 200к,2020-02-15
7868,25-34,Алматы,400-700к,2021-04-25
7869,35-44,Павлодар,200-400к,2023-11-23
7870,35-44,Шымкент,200-400к,2022-10-12
7871,18-24,Астана,200-400к,2021-09-09
7872,18-24,Шымкент,200-400к,2021-05-08
7873,25-34,Актобе,до 200к,2024-05-26
7874,18-24,Алматы,до 200к,2023-08-24
7875,35-44,Алматы,до 200к,2024-09-22
7876,18-24,Актобе,до 200к,2025-04-12
7877,35-44,Костанай,700к+,2023-06-19
7878,35-44,Караганда,700к+,2020-03-29
7879,55+,Алматы,400-700к,2025-02-18
7880,55+,Караганда,200-400к,2020-09-18
7881,25-34,Алматы,200-400к,2023-11-19
7882,18-24,Астана,200-400к,2021-05-09
7883,25-34,Алматы,200-400к,2024-03-13
7884,35-44,Астана,до 200к,2024-05-27
7885,18-24,Астана,700к+,2024-05-05
7886,25-34,Алматы,400-700к,2021-06-26
7887,25-34,Астана,до 200к,2023-07-07
7888,25-34,Караганда,200-400к,2021-01-18
7889,35-44,Астана,400-700к,2024-11-09
7890,35-44,Алматы,700к+,2020-11-01
7891,35-44,Шымкент,200-400к,2024-08-09
7892,45-54,Актобе,200-400к,2020-10-26
7893,18-24,Атырау,200-400к,2021-07-31
7894,25-34,Астана,200-400к,2023-12-10
7895,25-34,Актобе,до 200к,2025-03-31
7896,35-44,Атырау,до 200к,2023-11-17
7897,35-44,Караганда,200-400к,2021-11-16
7898,18-24,Шымкент,200-400к,2021-09-14
7899,55+,Алматы,400-700к,2023-06-15
7900,25-34,Астана,200-400к,2022-06-17
7901,25-34,Астана,200-400к,2021-02-18
7902,35-44,Астана,200-400к,2023-06-10
7903,55+,Костанай,400-700к,2022-05-18
7904,35-44,Алматы,200-400к,2025-05-04
7905,55+,Шымкент,200-400к,2020-02-28
7906,25-34,Костанай,до 200к,2024-01-26
7907,35-44,Шымкент,до 200к,2024-05-15
7908,45-54,Алматы,700к+,2024-05-25
7909,35-44,Костанай,до 200к,2023-11-01
7910,25-34,Астана,200-400к,2025-05-09
7911,55+,Алматы,до 200к,2021-09-10
7912,25-34,Астана,200-400к,2022-02-01
7913,25-34,Алматы,400-700к,2025-02-11
7914,45-54,Атырау,400-700к,2020-05-18
7915,45-54,Алматы,400-700к,2024-07-11
7916,55+,Атырау,до 200к,2024-02-02
7917,45-54,Алматы,200-400к,2023-03-23
7918,18-24,Павлодар,700к+,2020-08-30
7919,45-54,Алматы,200-400к,2023-05-07
7920,25-34,Павлодар,400-700к,2022-05-27
7921,35-44,Алматы,200-400к,2020-06-24
7922,25-34,Павлодар,до 200к,2024-01-16
7923,45-54,Атырау,700к+,2024-06-12
7924,35-44,Шымкент,200-400к,2023-01-21
7925,45-54,Алматы,200-400к,2020-11-21
7926,25-34,Караганда,до 200к,2022-01-04
7927,25-34,Шымкент,200-400к,2022-12-17
7928,25-34,Шымкент,200-400к,2022-10-25
7929,18-24,Караганда,до 200к,2023-03-29
7930,35-44,Костанай,700к+,2021-05-05
7931,25-34,Костанай,до 200к,2024-05-11
7932,35-44,Шымкент,200-400к,2020-05-28
7933,18-24,Алматы,до 200к,2025-05-26
7934,25-34,Алматы,400-700к,2022-04-04
7935,35-44,Актобе,200-400к,2024-07-16
7936,25-34,Костанай,200-400к,2020-04-26
7937,25-34,Астана,400-700к,2023-08-31
7938,25-34,Алматы,400-700к,2025-05-13
7939,25-34,Астана,700к+,2025-04-05
7940,35-44,Астана,400-700к,2022-06-14
7941,25-34,Костанай,200-400к,2022-01-18
7942,25-34,Караганда,400-700к,2024-10-30
7943,35-44,Алматы,до 200к,2023-06-29
7944,35-44,Астана,до 200к,2025-03-18
7945,35-44,Алматы,200-400к,2021-04-13
7946,25-34,Караганда,200-400к,2022-06-17
7947,55+,Караганда,200-400к,2021-09-17
7948,25-34,Алматы,200-400к,2022-04-20
7949,25-34,Астана,200-400к,2024-10-11
7950,45-54,Павлодар,700к+,2024-11-21
7951,35-44,Атырау,до 200к,2023-04-05
7952,35-44,Шымкент,200-400к,2020-03-10
7953,45-54,Астана,до 200к,2022-06-02
7954,18-24,Костанай,до 200к,2022-09-01
7955,45-54,Актобе,700к+,2023-11-28
7956,35-44,Костанай,до 200к,2021-06-21
7957,25-34,Алматы,до 200к,2023-03-03
7958,25-34,Алматы,200-400к,2024-02-14
7959,18-24,Алматы,до 200к,2023-02-13
7960,55+,Атырау,200-400к,2024-07-31
7961,25-34,Караганда,700к+,2021-05-20
7962,25-34,Алматы,400-700к,2023-05-25
7963,35-44,Костанай,200-400к,2022-06-30
7964,35-44,Костанай,400-700к,2022-03-24
7965,25-34,Алматы,400-700к,2022-04-28
7966,45-54,Караганда,до 200к,2023-01-14
7967,35-44,Караганда,400-700к,2022-10-23
7968,45-54,Алматы,200-400к,2023-02-22
7969,18-24,Караганда,400-700к,2025-04-04
7970,18-24,Алматы,до 200к,2023-06-24
7971,35-44,Павлодар,400-700к,2022-12-29
7972,25-34,Атырау,400-700к,2025-01-18
7973,35-44,Павлодар,400-700к,2021-04-20
7974,18-24,Актобе,до 200к,2021-05-13
7975,35-44,Алматы,до 200к,2020-08-20
7976,45-54,Астана,400-700к,2021-02-07
7977,45-54,Караганда,200-400к,2020-06-05
7978,55+,Астана,700к+,2021-01-15
7979,45-54,Актобе,200-400к,2023-08-04
7980,25-34,Астана,до 200к,2023-10-26
7981,25-34,Алматы,400-700к,2023-07-19
7982,45-54,Шымкент,400-700к,2024-12-14
7983,45-54,Караганда,200-400к,2024-09-11
7984,55+,Шымкент,400-700к,2021-10-15
7985,35-44,Караганда,200-400к,2021-01-14
7986,25-34,Астана,до 200к,2022-04-21
7987,55+,Актобе,до 200к,2025-01-28
7988,55+,Караганда,до 200к,2025-04-20
7989,35-44,Шымкент,200-400к,2021-02-13
7990,45-54,Астана,до 200к,2020-10-17
7991,35-44,Шымкент,400-700к,2024-01-15
7992,55+,Алматы,до 200к,2024-10-25
7993,18-24,Караганда,400-700к,2025-03-15
7994,45-54,Алматы,200-400к,2025-04-02
7995,18-24,Атырау,до 200к,2021-07-19
7996,25-34,Атырау,200-400к,2024-05-18
7997,18-24,Шымкент,700к+,2023-09-09
7998,25-34,Атырау,700к+,2021-11-03
7999,25-34,Караганда,до 200к,2020-02-01
8000,55+,Алматы,200-400к,2023-07-31
8001,35-44,Актобе,до 200к,2021-12-23
8002,45-54,Костанай,200-400к,2021-08-05
8003,25-34,Алматы,200-400к,2020-01-20
8004,18-24,Алматы,700к+,2020-08-29
8005,35-44,Шымкент,200-400к,2021-01-15
8006,35-44,Астана,до 200к,2020-08-02
8007,35-44,Караганда,700к+,2025-03-14
8008,45-54,Шымкент,400-700к,2020-01-19
8009,45-54,Актобе,до 200к,2022-02-16
8010,35-44,Алматы,400-700к,2025-05-10
8011,55+,Астана,200-400к,2020-08-23
8012,35-44,Атырау,200-400к,2023-08-03
8013,35-44,Астана,до 200к,2021-05-15
8014,25-34,Шымкент,до 200к,2021-10-04
8015,18-24,Алматы,до 200к,2022-06-07
8016,25-34,Алматы,400-700к,2023-03-04
8017,35-44,Астана,до 200к,2024-03-01
8018,35-44,Астана,200-400к,2023-05-23
8019,25-34,Актобе,700к+,2020-02-11
8020,35-44,Шымкент,700к+,2020-12-31
8021,25-34,Павлодар,400-700к,2023-06-09
8022,25-34,Атырау,400-700к,2021-07-31
8023,55+,Алматы,700к+,2020-04-29
8024,25-34,Алматы,400-700к,2022-12-30
8025,25-34,Атырау,200-400к,2021-09-26
8026,25-34,Астана,до 200к,2024-08-06
8027,25-34,Астана,до 200к,2024-11-14
8028,35-44,Алматы,200-400к,2020-09-16
8029,55+,Караганда,до 200к,2024-04-03
8030,35-44,Астана,200-400к,2024-09-12
8031,35-44,Алматы,до 200к,2023-07-05
8032,25-34,Шымкент,200-400к,2023-05-02
8033,35-44,Актобе,200-400к,2022-07-16
8034,25-34,Алматы,до 200к,2022-09-06
8035,18-24,Актобе,200-400к,2020-06-06
8036,45-54,Астана,до 200к,2020-10-14
8037,25-34,Астана,200-400к,2023-09-30
8038,25-34,Астана,до 200к,2023-01-04
8039,18-24,Алматы,400-700к,2020-12-13
8040,45-54,Астана,400-700к,2021-12-08
8041,25-34,Павлодар,до 200к,2023-07-16
8042,25-34,Алматы,400-700к,2021-01-12
8043,45-54,Костанай,400-700к,2021-02-25
8044,25-34,Алматы,700к+,2024-10-25
8045,55+,Астана,400-700к,2022-07-05
8046,25-34,Шымкент,200-400к,2022-07-10
8047,35-44,Атырау,до 200к,2020-05-26
8048,55+,Алматы,до 200к,2020-06-08
8049,35-44,Алматы,до 200к,2023-07-22
8050,35-44,Караганда,200-400к,2021-08-27
8051,25-34,Астана,700к+,2021-07-13
8052,35-44,Караганда,до 200к,2020-12-29
8053,45-54,Атырау,200-400к,2024-02-15
8054,35-44,Алматы,700к+,2025-02-21
8055,55+,Атырау,до 200к,2021-06-05
8056,35-44,Алматы,до 200к,2021-05-01
8057,35-44,Павлодар,до 200к,2024-04-08
8058,25-34,Костанай,до 200к,2022-10-09
8059,35-44,Караганда,200-400к,2024-05-07
8060,45-54,Костанай,200-400к,2024-01-31
8061,35-44,Атырау,200-400к,2024-05-10
8062,25-34,Алматы,до 200к,2020-11-13
8063,35-44,Алматы,400-700к,2022-12-06
8064,35-44,Алматы,до 200к,2022-05-24
8065,55+,Астана,200-400к,2024-09-29
8066,25-34,Караганда,до 200к,2023-07-30
8067,18-24,Астана,400-700к,2024-01-30
8068,25-34,Караганда,200-400к,2024-10-29
8069,18-24,Астана,до 200к,2023-10-13
8070,55+,Алматы,200-400к,2023-08-01
8071,25-34,Алматы,200-400к,2022-11-25
8072,35-44,Костанай,400-700к,2020-06-09
8073,25-34,Астана,700к+,2023-12-12
8074,25-34,Астана,до 200к,2021-10-05
8075,55+,Алматы,200-400к,2020-09-03
8076,25-34,Костанай,до 200к,2021-12-02
8077,18-24,Алматы,400-700к,2021-11-25
8078,25-34,Караганда,до 200к,2022-02-15
8079,55+,Алматы,200-400к,2021-07-14
8080,55+,Алматы,400-700к,2025-02-26
8081,25-34,Актобе,200-400к,2024-11-02
8082,35-44,Караганда,400-700к,2020-03-12
8083,18-24,Караганда,до 200к,2022-09-20
8084,35-44,Алматы,700к+,2021-08-27
8085,18-24,Костанай,400-700к,2024-08-24
8086,45-54,Шымкент,200-400к,2022-09-11
8087,55+,Костанай,до 200к,2023-06-22
8088,25-34,Алматы,200-400к,2020-06-21
8089,25-34,Астана,200-400к,2023-11-27
8090,18-24,Астана,до 200к,2022-08-25
8091,25-34,Актобе,700к+,2024-10-16
8092,18-24,Актобе,400-700к,2020-08-02
8093,25-34,Астана,700к+,2021-08-28
8094,55+,Алматы,до 200к,2024-08-02
8095,18-24,Алматы,200-400к,2021-04-13
8096,45-54,Алматы,до 200к,2021-06-24
8097,18-24,Атырау,до 200к,2021-08-27
8098,35-44,Астана,до 200к,2022-11-12
8099,25-34,Алматы,до 200к,2020-04-19
8100,55+,Астана,200-400к,2023-05-21
8101,25-34,Алматы,до 200к,2024-06-07
8102,25-34,Костанай,до 200к,2021-09-03
8103,35-44,Астана,200-400к,2020-12-08
8104,35-44,Павлодар,400-700к,2021-12-03
8105,35-44,Караганда,400-700к,2023-07-14
8106,18-24,Шымкент,200-400к,2022-10-18
8107,25-34,Астана,до 200к,2023-04-22
8108,45-54,Караганда,200-400к,2024-05-29
8109,35-44,Караганда,200-400к,2025-03-10
8110,35-44,Алматы,до 200к,2022-06-24
8111,25-34,Павлодар,до 200к,2024-03-01
8112,25-34,Астана,700к+,2022-09-08
8113,55+,Астана,до 200к,2020-10-03
8114,35-44,Астана,до 200к,2023-04-06
8115,18-24,Караганда,до 200к,2025-03-20
8116,55+,Астана,400-700к,2022-04-30
8117,35-44,Астана,200-400к,2022-12-16
8118,25-34,Алматы,700к+,2023-12-23
8119,25-34,Астана,400-700к,2024-07-17
8120,35-44,Алматы,400-700к,2020-01-10
8121,25-34,Атырау,до 200к,2020-04-24
8122,35-44,Астана,200-400к,2022-08-24
8123,35-44,Костанай,400-700к,2020-08-11
8124,25-34,Караганда,700к+,2025-01-20
8125,55+,Актобе,400-700к,2023-11-10
8126,25-34,Костанай,700к+,2023-05-16
8127,25-34,Алматы,200-400к,2023-03-13
8128,35-44,Шымкент,200-400к,2022-08-30
8129,35-44,Алматы,200-400к,2020-04-09
8130,25-34,Алматы,200-400к,2024-03-24
8131,35-44,Астана,до 200к,2022-08-14
8132,45-54,Караганда,200-400к,2022-02-25
8133,45-54,Атырау,до 200к,2022-05-23
8134,45-54,Алматы,до 200к,2022-07-23
8135,25-34,Актобе,200-400к,2025-02-26
8136,25-34,Алматы,200-400к,2021-01-25
8137,35-44,Алматы,200-400к,2020-12-20
8138,18-24,Алматы,200-400к,2020-09-05
8139,35-44,Шымкент,400-700к,2023-05-26
8140,25-34,Астана,200-400к,2020-02-21
8141,25-34,Алматы,200-400к,2024-05-02
8142,25-34,Алматы,200-400к,2024-01-03
8143,25-34,Шымкент,до 200к,2023-11-18
8144,25-34,Атырау,200-400к,2022-07-25
8145,35-44,Алматы,400-700к,2022-03-31
8146,35-44,Актобе,до 200к,2025-02-21
8147,25-34,Караганда,400-700к,2024-07-19
8148,25-34,Астана,до 200к,2020-12-19
8149,45-54,Алматы,200-400к,2021-06-01
8150,18-24,Павлодар,400-700к,2021-05-02
8151,35-44,Астана,400-700к,2022-08-03
8152,35-44,Астана,200-400к,2023-07-01
8153,35-44,Атырау,200-400к,2021-03-18
8154,45-54,Атырау,до 200к,2020-04-19
8155,35-44,Актобе,400-700к,2022-02-09
8156,55+,Атырау,200-400к,2022-10-03
8157,45-54,Алматы,до 200к,2023-09-06
8158,25-34,Актобе,до 200к,2020-09-04
8159,25-34,Астана,700к+,2023-10-10
8160,25-34,Атырау,до 200к,2020-11-18
8161,25-34,Астана,400-700к,2021-08-09
8162,35-44,Алматы,до 200к,2022-10-21
8163,25-34,Астана,200-400к,2020-07-29
8164,25-34,Актобе,200-400к,2023-02-12
8165,25-34,Шымкент,200-400к,2020-03-18
8166,35-44,Актобе,200-400к,2021-02-28
8167,35-44,Алматы,200-400к,2023-02-05
8168,55+,Алматы,200-400к,2021-06-26
8169,25-34,Шымкент,400-700к,2022-05-15
8170,25-34,Астана,200-400к,2021-07-22
8171,55+,Караганда,200-400к,2022-09-27
8172,35-44,Костанай,200-400к,2020-10-10
8173,35-44,Караганда,200-400к,2020-11-07
8174,35-44,Астана,до 200к,2025-04-15
8175,18-24,Шымкент,до 200к,2021-10-26
8176,45-54,Павлодар,400-700к,2023-10-16
8177,35-44,Караганда,700к+,2020-01-18
8178,35-44,Атырау,до 200к,2020-08-09
8179,35-44,Астана,до 200к,2024-04-24
8180,25-34,Актобе,700к+,2021-12-15
8181,25-34,Алматы,200-400к,2021-08-23
8182,35-44,Актобе,200-400к,2020-12-11
8183,35-44,Павлодар,200-400к,2021-06-16
8184,18-24,Павлодар,200-400к,2021-04-13
8185,25-34,Алматы,200-400к,2024-05-13
8186,45-54,Атырау,700к+,2025-02-21
8187,25-34,Алматы,200-400к,2020-03-10
8188,25-34,Астана,200-400к,2020-09-30
8189,35-44,Караганда,до 200к,2023-06-08
8190,45-54,Астана,до 200к,2024-10-25
8191,35-44,Астана,400-700к,2021-09-25
8192,45-54,Караганда,700к+,2024-08-10
8193,18-24,Караганда,400-700к,2020-01-10
8194,45-54,Шымкент,до 200к,2024-01-27
8195,45-54,Шымкент,400-700к,2025-03-01
8196,35-44,Караганда,до 200к,2022-09-20
8197,35-44,Астана,200-400к,2023-03-14
8198,25-34,Алматы,200-400к,2021-05-31
8199,25-34,Шымкент,200-400к,2024-04-19
8200,25-34,Актобе,200-400к,2024-07-19
8201,18-24,Астана,400-700к,2024-07-24
8202,55+,Алматы,400-700к,2024-07-26
8203,25-34,Павлодар,до 200к,2020-06-03
8204,35-44,Атырау,до 200к,2022-11-16
8205,25-34,Шымкент,200-400к,2022-10-15
8206,25-34,Актобе,до 200к,2020-04-05
8207,25-34,Костанай,до 200к,2024-05-21
8208,25-34,Шымкент,до 200к,2021-01-20
8209,35-44,Алматы,до 200к,2022-04-29
8210,55+,Караганда,200-400к,2020-04-22
8211,25-34,Павлодар,700к+,2024-04-27
8212,55+,Караганда,400-700к,2020-12-25
8213,35-44,Алматы,200-400к,2022-10-30
8214,35-44,Павлодар,до 200к,2022-10-13
8215,25-34,Актобе,200-400к,2020-07-10
8216,18-24,Астана,200-400к,2024-09-04
8217,45-54,Костанай,400-700к,2020-01-14
8218,35-44,Актобе,200-400к,2023-07-30
8219,25-34,Атырау,200-400к,2020-12-10
8220,45-54,Костанай,до 200к,2023-04-16
8221,25-34,Алматы,400-700к,2021-03-27
8222,45-54,Актобе,400-700к,2024-02-04
8223,25-34,Астана,200-400к,2023-02-01
8224,45-54,Атырау,700к+,2023-07-03
8225,25-34,Павлодар,до 200к,2025-05-28
8226,18-24,Атырау,до 200к,2022-06-05
8227,35-44,Актобе,400-700к,2024-02-26
8228,25-34,Атырау,200-400к,2024-06-18
8229,55+,Астана,до 200к,2021-10-11
8230,35-44,Астана,до 200к,2021-09-12
8231,25-34,Алматы,до 200к,2023-11-12
8232,25-34,Атырау,до 200к,2025-01-30
8233,45-54,Караганда,200-400к,2020-01-30
8234,35-44,Шымкент,до 200к,2020-08-20
8235,45-54,Алматы,200-400к,2020-12-03
8236,18-24,Шымкент,200-400к,2023-06-29
8237,45-54,Астана,400-700к,2022-04-21
8238,35-44,Костанай,700к+,2022-09-28
8239,35-44,Атырау,до 200к,2021-09-26
8240,25-34,Шымкент,до 200к,2022-05-01
8241,18-24,Атырау,до 200к,2024-03-29
8242,55+,Алматы,200-400к,2022-05-09
8243,55+,Алматы,200-400к,2022-02-24
8244,25-34,Караганда,до 200к,2020-03-25
8245,55+,Актобе,400-700к,2022-01-26
8246,25-34,Алматы,700к+,2024-02-12
8247,25-34,Алматы,до 200к,2020-10-01
8248,18-24,Шымкент,до 200к,2021-12-05
8249,25-34,Алматы,400-700к,2021-07-24
8250,18-24,Астана,400-700к,2022-08-11
8251,25-34,Астана,до 200к,2024-06-30
8252,18-24,Павлодар,200-400к,2024-08-22
8253,35-44,Астана,до 200к,2022-02-06
8254,45-54,Алматы,200-400к,2023-02-28
8255,35-44,Алматы,400-700к,2024-06-23
8256,25-34,Алматы,до 200к,2024-08-29
8257,35-44,Актобе,до 200к,2023-04-20
8258,25-34,Астана,200-400к,2020-10-01
8259,35-44,Алматы,200-400к,2022-01-23
8260,35-44,Павлодар,400-700к,2021-07-17
8261,25-34,Актобе,200-400к,2023-09-22
8262,18-24,Алматы,400-700к,2021-03-31
8263,45-54,Алматы,400-700к,2020-03-09
8264,55+,Атырау,200-400к,2024-11-07
8265,35-44,Караганда,до 200к,2020-08-09
8266,55+,Костанай,до 200к,2024-04-12
8267,55+,Алматы,200-400к,2025-03-24
8268,25-34,Актобе,до 200к,2024-07-26
8269,35-44,Алматы,до 200к,2022-09-04
8270,25-34,Астана,до 200к,2023-02-11
8271,25-34,Актобе,700к+,2023-12-06
8272,25-34,Актобе,400-700к,2021-03-17
8273,55+,Алматы,400-700к,2022-04-25
8274,35-44,Алматы,700к+,2022-01-23
8275,25-34,Актобе,400-700к,2021-06-30
8276,25-34,Алматы,200-400к,2023-01-05
8277,25-34,Астана,200-400к,2022-04-20
8278,35-44,Алматы,400-700к,2020-02-07
8279,45-54,Алматы,400-700к,2020-07-01
8280,25-34,Атырау,400-700к,2023-07-03
8281,25-34,Алматы,200-400к,2023-01-08
8282,35-44,Шымкент,400-700к,2024-09-05
8283,25-34,Караганда,200-400к,2020-05-26
8284,35-44,Алматы,200-400к,2021-10-13
8285,18-24,Караганда,до 200к,2022-02-13
8286,25-34,Астана,до 200к,2023-09-21
8287,25-34,Атырау,до 200к,2022-05-23
8288,45-54,Атырау,400-700к,2022-08-25
8289,25-34,Атырау,до 200к,2025-01-14
8290,25-34,Астана,700к+,2020-01-08
8291,35-44,Атырау,до 200к,2024-11-21
8292,55+,Караганда,до 200к,2021-07-21
8293,25-34,Астана,200-400к,2020-03-21
8294,18-24,Алматы,до 200к,2022-11-21
8295,35-44,Алматы,до 200к,2021-02-28
8296,25-34,Алматы,до 200к,2023-12-20
8297,35-44,Астана,200-400к,2024-02-27
8298,25-34,Павлодар,до 200к,2022-03-15
8299,18-24,Костанай,200-400к,2024-04-10
8300,25-34,Алматы,до 200к,2021-01-07
8301,35-44,Костанай,до 200к,2021-11-03
8302,25-34,Караганда,до 200к,2020-05-02
8303,25-34,Астана,до 200к,2023-07-07
8304,25-34,Костанай,400-700к,2023-11-30
8305,35-44,Актобе,200-400к,2024-03-05
8306,18-24,Шымкент,200-400к,2021-12-31
8307,35-44,Алматы,400-700к,2024-08-02
8308,35-44,Алматы,до 200к,2023-07-18
8309,25-34,Павлодар,400-700к,2023-02-24
8310,55+,Алматы,400-700к,2021-03-19
8311,45-54,Алматы,400-700к,2024-08-10
8312,25-34,Алматы,400-700к,2024-02-18
8313,18-24,Астана,до 200к,2024-10-17
8314,25-34,Астана,200-400к,2021-11-19
8315,25-34,Павлодар,200-400к,2023-01-07
8316,35-44,Астана,200-400к,2020-04-14
8317,45-54,Павлодар,до 200к,2023-04-12
8318,45-54,Шымкент,до 200к,2022-10-17
8319,25-34,Шымкент,700к+,2024-06-25
8320,25-34,Алматы,200-400к,2024-01-02
8321,18-24,Алматы,до 200к,2025-06-03
8322,35-44,Атырау,до 200к,2025-02-07
8323,18-24,Актобе,200-400к,2020-12-01
8324,55+,Астана,до 200к,2025-04-25
8325,45-54,Павлодар,до 200к,2020-03-01
8326,25-34,Атырау,700к+,2022-07-01
8327,35-44,Алматы,до 200к,2025-02-08
8328,35-44,Шымкент,до 200к,2023-05-08
8329,45-54,Атырау,200-400к,2025-06-06
8330,25-34,Атырау,до 200к,2023-01-19
8331,25-34,Алматы,до 200к,2023-09-25
8332,35-44,Алматы,200-400к,2022-12-03
8333,18-24,Астана,400-700к,2025-01-28
8334,35-44,Алматы,200-400к,2020-08-17
8335,25-34,Алматы,400-700к,2022-02-17
8336,35-44,Караганда,400-700к,2023-09-03
8337,45-54,Шымкент,200-400к,2022-09-13
8338,18-24,Алматы,200-400к,2025-04-14
8339,25-34,Шымкент,400-700к,2023-03-10
8340,35-44,Алматы,до 200к,2020-09-10
8341,25-34,Астана,200-400к,2023-05-11
8342,35-44,Атырау,до 200к,2021-09-15
8343,35-44,Павлодар,до 200к,2022-07-28
8344,25-34,Алматы,700к+,2020-06-03
8345,45-54,Атырау,до 200к,2024-10-04
8346,35-44,Павлодар,200-400к,2022-03-16
8347,35-44,Шымкент,до 200к,2024-05-31
8348,25-34,Костанай,200-400к,2022-08-21
8349,18-24,Алматы,400-700к,2025-03-11
8350,18-24,Алматы,200-400к,2021-12-17
8351,45-54,Атырау,400-700к,2020-07-31
8352,45-54,Астана,200-400к,2022-08-11
8353,45-54,Астана,700к+,2020-03-09
8354,25-34,Алматы,400-700к,2024-05-24
8355,35-44,Алматы,до 200к,2025-01-11
8356,45-54,Алматы,400-700к,2021-03-03
8357,35-44,Алматы,до 200к,2020-04-15
8358,18-24,Костанай,200-400к,2024-02-24
8359,45-54,Астана,до 200к,2023-10-09
8360,25-34,Атырау,200-400к,2024-05-05
8361,25-34,Алматы,700к+,2023-02-12
8362,45-54,Астана,400-700к,2023-03-08
8363,25-34,Павлодар,200-400к,2021-06-26
8364,25-34,Алматы,700к+,2021-09-22
8365,35-44,Астана,200-400к,2023-06-16
8366,55+,Атырау,до 200к,2025-02-16
8367,18-24,Алматы,400-700к,2021-09-10
8368,35-44,Алматы,до 200к,2021-12-28
8369,25-34,Костанай,400-700к,2023-03-24
8370,18-24,Астана,до 200к,2020-04-09
8371,25-34,Караганда,до 200к,2023-07-29
8372,35-44,Алматы,200-400к,2020-09-29
8373,25-34,Алматы,200-400к,2023-09-28
8374,25-34,Астана,до 200к,2024-11-18
8375,35-44,Караганда,до 200к,2025-01-06
8376,35-44,Астана,до 200к,2020-10-26
8377,35-44,Павлодар,400-700к,2023-04-09
8378,45-54,Актобе,200-400к,2022-06-13
8379,25-34,Шымкент,до 200к,2022-09-07
8380,25-34,Астана,до 200к,2023-10-15
8381,25-34,Шымкент,до 200к,2025-06-04
8382,35-44,Актобе,200-400к,2023-02-21
8383,18-24,Алматы,200-400к,2023-01-13
8384,25-34,Атырау,до 200к,2023-07-30
8385,25-34,Астана,700к+,2022-10-07
8386,25-34,Павлодар,до 200к,2021-11-28
8387,55+,Костанай,200-400к,2024-07-04
8388,35-44,Алматы,400-700к,2023-08-17
8389,25-34,Астана,200-400к,2023-02-04
8390,35-44,Шымкент,до 200к,2020-01-19
8391,35-44,Шымкент,200-400к,2021-07-04
8392,25-34,Атырау,200-400к,2021-06-10
8393,25-34,Алматы,400-700к,2023-07-23
8394,35-44,Караганда,200-400к,2020-09-04
8395,18-24,Костанай,400-700к,2022-02-02
8396,35-44,Костанай,200-400к,2022-06-29
8397,35-44,Алматы,400-700к,2024-01-21
8398,35-44,Костанай,до 200к,2020-10-18
8399,55+,Алматы,400-700к,2023-04-26
8400,45-54,Шымкент,до 200к,2022-12-30
8401,35-44,Алматы,200-400к,2024-01-18
8402,25-34,Шымкент,200-400к,2020-12-27
8403,35-44,Алматы,700к+,2023-04-14
8404,45-54,Алматы,200-400к,2022-04-08
8405,55+,Астана,до 200к,2021-06-02
8406,45-54,Павлодар,700к+,2020-05-28
8407,25-34,Шымкент,400-700к,2022-01-31
8408,35-44,Караганда,200-400к,2022-05-29
8409,45-54,Караганда,200-400к,2020-04-11
8410,35-44,Астана,200-400к,2024-06-03
8411,35-44,Алматы,700к+,2023-10-14
8412,35-44,Алматы,до 200к,2021-09-25
8413,35-44,Астана,400-700к,2020-04-04
8414,25-34,Костанай,200-400к,2023-11-13
8415,18-24,Алматы,700к+,2020-02-17
8416,45-54,Караганда,200-400к,2022-05-01
8417,55+,Атырау,до 200к,2021-02-18
8418,45-54,Павлодар,400-700к,2021-04-13
8419,25-34,Астана,700к+,2024-02-19
8420,18-24,Павлодар,700к+,2021-08-29
8421,25-34,Шымкент,до 200к,2021-05-06
8422,45-54,Шымкент,200-400к,2021-08-28
8423,35-44,Актобе,400-700к,2020-10-24
8424,55+,Алматы,200-400к,2024-01-24
8425,25-34,Атырау,до 200к,2022-09-17
8426,35-44,Караганда,до 200к,2021-02-05
8427,45-54,Атырау,до 200к,2021-09-08
8428,25-34,Атырау,до 200к,2025-05-09
8429,55+,Шымкент,200-400к,2023-03-02
8430,35-44,Алматы,700к+,2023-10-06
8431,18-24,Астана,200-400к,2024-09-09
8432,18-24,Павлодар,до 200к,2022-03-13
8433,45-54,Караганда,200-400к,2021-11-27
8434,35-44,Павлодар,200-400к,2025-06-19
8435,35-44,Астана,400-700к,2023-02-06
8436,45-54,Шымкент,400-700к,2021-03-08
8437,25-34,Атырау,до 200к,2024-09-12
8438,45-54,Актобе,700к+,2024-03-05
8439,55+,Астана,до 200к,2022-03-12
8440,25-34,Алматы,400-700к,2021-06-25
8441,35-44,Павлодар,700к+,2023-08-06
8442,25-34,Актобе,400-700к,2022-12-23
8443,25-34,Астана,до 200к,2021-04-18
8444,25-34,Шымкент,до 200к,2020-04-18
8445,45-54,Алматы,до 200к,2024-06-26
8446,18-24,Астана,до 200к,2024-08-19
8447,25-34,Алматы,до 200к,2024-12-18
8448,35-44,Алматы,до 200к,2022-01-02
8449,18-24,Атырау,200-400к,2023-11-09
8450,45-54,Астана,до 200к,2023-03-14
8451,55+,Атырау,200-400к,2021-06-16
8452,18-24,Астана,400-700к,2025-01-28
8453,25-34,Алматы,до 200к,2021-11-03
8454,55+,Астана,200-400к,2020-03-01
8455,25-34,Алматы,400-700к,2020-11-27
8456,18-24,Караганда,200-400к,2025-04-20
8457,55+,Павлодар,200-400к,2020-05-17
8458,45-54,Актобе,400-700к,2022-11-16
8459,35-44,Актобе,200-400к,2022-08-28
8460,35-44,Атырау,200-400к,2024-04-10
8461,45-54,Актобе,400-700к,2024-06-30
8462,35-44,Шымкент,400-700к,2022-08-04
8463,35-44,Актобе,200-400к,2023-06-17
8464,45-54,Астана,200-400к,2024-06-19
8465,35-44,Алматы,400-700к,2024-06-07
8466,35-44,Караганда,200-400к,2024-10-27
8467,25-34,Актобе,400-700к,2023-11-15
8468,35-44,Алматы,до 200к,2022-02-02
8469,35-44,Костанай,до 200к,2023-01-23
8470,25-34,Алматы,200-400к,2023-12-16
8471,25-34,Актобе,400-700к,2021-08-15
8472,45-54,Костанай,200-400к,2025-06-20
8473,25-34,Астана,700к+,2022-06-06
8474,18-24,Павлодар,400-700к,2024-02-23
8475,25-34,Атырау,400-700к,2022-10-09
8476,25-34,Актобе,400-700к,2025-03-28
8477,45-54,Костанай,до 200к,2023-08-28
8478,25-34,Караганда,200-400к,2024-01-13
8479,25-34,Астана,до 200к,2024-03-28
8480,45-54,Караганда,200-400к,2021-10-21
8481,18-24,Астана,до 200к,2021-11-29
8482,25-34,Астана,400-700к,2024-07-12
8483,45-54,Алматы,400-700к,2022-07-13
8484,35-44,Астана,до 200к,2023-08-25
8485,35-44,Атырау,200-400к,2022-11-01
8486,45-54,Костанай,200-400к,2020-03-07
8487,55+,Костанай,400-700к,2022-07-31
8488,18-24,Алматы,700к+,2020-12-10
8489,45-54,Шымкент,до 200к,2020-06-22
8490,35-44,Шымкент,до 200к,2021-06-06
8491,25-34,Алматы,400-700к,2021-08-08
8492,55+,Шымкент,до 200к,2024-01-27
8493,25-34,Астана,400-700к,2021-05-19
8494,45-54,Костанай,до 200к,2024-05-13
8495,35-44,Алматы,200-400к,2021-02-24
8496,35-44,Атырау,200-400к,2024-07-11
8497,25-34,Павлодар,400-700к,2022-11-18
8498,45-54,Актобе,до 200к,2020-05-14
8499,35-44,Алматы,400-700к,2020-08-09
8500,18-24,Алматы,400-700к,2020-05-24
8501,18-24,Костанай,400-700к,2022-03-31
8502,35-44,Алматы,700к+,2021-08-21
8503,25-34,Алматы,400-700к,2020-04-02
8504,35-44,Костанай,400-700к,2023-09-24
8505,35-44,Актобе,200-400к,2024-09-02
8506,25-34,Актобе,400-700к,2024-08-11
8507,35-44,Алматы,700к+,2020-10-28
8508,25-34,Астана,200-400к,2024-10-04
8509,55+,Атырау,до 200к,2022-05-01
8510,45-54,Астана,до 200к,2021-02-19
8511,25-34,Алматы,400-700к,2020-09-23
8512,35-44,Алматы,700к+,2024-03-14
8513,35-44,Караганда,до 200к,2021-05-27
8514,55+,Астана,700к+,2023-07-05
8515,25-34,Атырау,до 200к,2023-01-13
8516,35-44,Астана,200-400к,2025-01-27
8517,45-54,Алматы,700к+,2023-12-02
8518,25-34,Костанай,700к+,2024-03-25
8519,35-44,Костанай,200-400к,2022-09-12
8520,18-24,Караганда,700к+,2022-11-23
8521,35-44,Павлодар,400-700к,2020-10-25
8522,25-34,Алматы,400-700к,2024-04-15
8523,55+,Астана,400-700к,2024-02-13
8524,25-34,Алматы,200-400к,2021-09-08
8525,18-24,Астана,до 200к,2020-10-06
8526,45-54,Атырау,до 200к,2024-04-21
8527,45-54,Атырау,до 200к,2024-03-21
8528,35-44,Алматы,до 200к,2024-04-11
8529,35-44,Астана,до 200к,2020-02-29
8530,25-34,Костанай,до 200к,2024-09-06
8531,35-44,Шымкент,200-400к,2021-12-20
8532,18-24,Астана,до 200к,2021-04-29
8533,25-34,Астана,200-400к,2022-11-18
8534,55+,Астана,до 200к,2024-08-25
8535,35-44,Астана,до 200к,2024-06-17
8536,25-34,Астана,200-400к,2020-12-04
8537,18-24,Шымкент,400-700к,2025-05-06
8538,55+,Астана,400-700к,2024-03-23
8539,18-24,Шымкент,400-700к,2025-02-08
8540,25-34,Алматы,700к+,2025-02-02
8541,25-34,Алматы,400-700к,2022-11-16
8542,18-24,Астана,до 200к,2020-03-12
8543,25-34,Павлодар,до 200к,2020-05-24
8544,55+,Атырау,200-400к,2023-06-06
8545,25-34,Алматы,200-400к,2020-07-01
8546,35-44,Астана,400-700к,2023-08-12
8547,35-44,Шымкент,до 200к,2020-07-25
8548,35-44,Астана,700к+,2024-06-18
8549,35-44,Караганда,200-400к,2021-06-18
8550,35-44,Костанай,700к+,2020-07-24
8551,35-44,Алматы,200-400к,2021-11-11
8552,35-44,Шымкент,до 200к,2024-12-23
8553,45-54,Шымкент,200-400к,2023-01-08
8554,35-44,Шымкент,до 200к,2025-06-10
8555,45-54,Алматы,до 200к,2021-05-31
8556,25-34,Караганда,400-700к,2023-09-06
8557,35-44,Алматы,200-400к,2021-01-08
8558,35-44,Актобе,до 200к,2022-05-09
8559,25-34,Караганда,200-400к,2022-01-23
8560,45-54,Астана,200-400к,2023-06-24
8561,25-34,Костанай,до 200к,2023-09-08
8562,25-34,Атырау,до 200к,2020-04-19
8563,45-54,Шымкент,400-700к,2023-10-22
8564,25-34,Костанай,до 200к,2024-02-15
8565,25-34,Атырау,700к+,2022-02-02
8566,25-34,Алматы,до 200к,2020-05-19
8567,45-54,Шымкент,200-400к,2022-04-24
8568,25-34,Шымкент,200-400к,2021-10-07
8569,35-44,Караганда,до 200к,2024-05-03
8570,45-54,Костанай,200-400к,2020-10-05
8571,35-44,Астана,200-400к,2021-08-16
8572,55+,Алматы,200-400к,2023-12-23
8573,45-54,Астана,400-700к,2025-02-24
8574,25-34,Актобе,700к+,2023-04-03
8575,55+,Астана,до 200к,2020-01-05
8576,35-44,Алматы,400-700к,2023-10-30
8577,18-24,Астана,до 200к,2020-03-03
8578,25-34,Караганда,до 200к,2020-05-09
8579,35-44,Алматы,до 200к,2023-08-28
8580,25-34,Астана,200-400к,2022-01-10
8581,35-44,Алматы,400-700к,2020-02-24
8582,25-34,Астана,200-400к,2022-03-23
8583,35-44,Алматы,700к+,2022-01-28
8584,18-24,Алматы,400-700к,2023-04-19
8585,45-54,Караганда,до 200к,2025-03-02
8586,25-34,Алматы,до 200к,2020-07-23
8587,25-34,Алматы,200-400к,2023-08-24
8588,25-34,Шымкент,200-400к,2023-07-18
8589,25-34,Алматы,до 200к,2025-05-07
8590,35-44,Алматы,до 200к,2022-02-28
8591,35-44,Астана,200-400к,2020-11-19
8592,18-24,Астана,200-400к,2024-12-16
8593,45-54,Шымкент,200-400к,2020-04-10
8594,25-34,Костанай,400-700к,2022-06-18
8595,18-24,Астана,700к+,2023-07-31
8596,35-44,Шымкент,400-700к,2020-07-23
8597,35-44,Павлодар,200-400к,2021-08-16
8598,35-44,Астана,200-400к,2020-07-25
8599,25-34,Актобе,до 200к,2024-08-18
8600,25-34,Шымкент,700к+,2021-05-23
8601,35-44,Караганда,200-400к,2023-04-21
8602,18-24,Павлодар,до 200к,2021-04-24
8603,25-34,Алматы,400-700к,2023-10-19
8604,55+,Павлодар,200-400к,2024-05-12
8605,35-44,Астана,700к+,2020-03-21
8606,25-34,Шымкент,до 200к,2023-12-15
8607,25-34,Астана,200-400к,2023-08-14
8608,35-44,Алматы,700к+,2020-06-02
8609,25-34,Алматы,200-400к,2021-06-12
8610,25-34,Костанай,200-400к,2024-08-29
8611,25-34,Караганда,200-400к,2022-06-05
8612,35-44,Павлодар,200-400к,2020-07-11
8613,35-44,Астана,до 200к,2023-07-07
8614,18-24,Алматы,до 200к,2024-04-20
8615,18-24,Астана,200-400к,2022-05-16
8616,35-44,Алматы,до 200к,2020-08-11
8617,35-44,Астана,200-400к,2020-09-17
8618,35-44,Павлодар,200-400к,2022-01-22
8619,25-34,Павлодар,400-700к,2022-08-26
8620,35-44,Астана,200-400к,2024-02-10
8621,55+,Астана,200-400к,2023-09-24
8622,35-44,Шымкент,до 200к,2021-05-22
8623,25-34,Шымкент,200-400к,2023-10-11
8624,35-44,Караганда,до 200к,2020-08-14
8625,25-34,Шымкент,700к+,2021-01-03
8626,18-24,Алматы,до 200к,2024-04-23
8627,25-34,Алматы,400-700к,2024-12-06
8628,45-54,Костанай,200-400к,2023-10-13
8629,25-34,Актобе,400-700к,2022-07-01
8630,45-54,Костанай,400-700к,2024-11-17
8631,35-44,Астана,400-700к,2021-12-07
8632,35-44,Шымкент,200-400к,2023-07-07
8633,18-24,Астана,до 200к,2023-10-03
8634,35-44,Павлодар,200-400к,2020-05-27
8635,18-24,Астана,до 200к,2025-04-02
8636,25-34,Караганда,200-400к,2023-07-01
8637,25-34,Алматы,400-700к,2021-04-26
8638,25-34,Алматы,200-400к,2024-07-03
8639,35-44,Алматы,до 200к,2022-02-01
8640,18-24,Шымкент,400-700к,2020-06-16
8641,25-34,Атырау,до 200к,2023-09-13
8642,55+,Костанай,400-700к,2020-09-28
8643,18-24,Караганда,400-700к,2023-04-08
8644,25-34,Шымкент,до 200к,2023-09-17
8645,25-34,Актобе,до 200к,2020-11-09
8646,25-34,Алматы,700к+,2024-05-01
8647,35-44,Атырау,до 200к,2022-07-03
8648,25-34,Актобе,700к+,2021-12-07
8649,25-34,Шымкент,200-400к,2020-07-22
8650,35-44,Алматы,200-400к,2024-01-10
8651,25-34,Алматы,200-400к,2020-11-24
8652,55+,Астана,200-400к,2020-11-30
8653,55+,Костанай,200-400к,2021-06-15
8654,18-24,Караганда,200-400к,2022-06-07
8655,25-34,Шымкент,200-400к,2024-10-24
8656,25-34,Астана,до 200к,2024-02-04
8657,25-34,Актобе,400-700к,2024-01-15
8658,25-34,Астана,200-400к,2021-02-01
8659,35-44,Алматы,400-700к,2023-07-20
8660,25-34,Караганда,200-400к,2021-11-28
8661,25-34,Астана,200-400к,2022-08-05
8662,25-34,Астана,до 200к,2023-06-12
8663,55+,Астана,700к+,2020-11-29
8664,45-54,Алматы,200-400к,2021-11-22
8665,18-24,Павлодар,700к+,2022-03-01
8666,35-44,Атырау,400-700к,2024-10-14
8667,25-34,Костанай,400-700к,2025-04-18
8668,35-44,Костанай,200-400к,2025-03-28
8669,35-44,Астана,до 200к,2022-11-21
8670,45-54,Астана,200-400к,2023-07-08
8671,18-24,Караганда,200-400к,2023-12-03
8672,25-34,Алматы,200-400к,2024-04-13
8673,55+,Костанай,до 200к,2023-09-14
8674,25-34,Алматы,200-400к,2024-12-18
8675,18-24,Шымкент,до 200к,2022-02-05
8676,35-44,Караганда,200-400к,2023-11-04
8677,35-44,Павлодар,200-400к,2023-05-06
8678,35-44,Караганда,до 200к,2024-03-26
8679,35-44,Шымкент,до 200к,2025-02-02
8680,35-44,Астана,до 200к,2020-06-09
8681,18-24,Шымкент,200-400к,2024-09-01
8682,35-44,Актобе,700к+,2024-07-05
8683,35-44,Шымкент,до 200к,2024-10-06
8684,45-54,Актобе,400-700к,2021-07-03
8685,25-34,Алматы,до 200к,2023-03-03
8686,18-24,Астана,200-400к,2020-05-21
8687,45-54,Костанай,до 200к,2020-05-01
8688,25-34,Астана,400-700к,2023-03-24
8689,18-24,Караганда,400-700к,2025-04-25
8690,45-54,Шымкент,400-700к,2021-03-29
8691,35-44,Павлодар,до 200к,2024-04-29
8692,25-34,Алматы,400-700к,2020-06-08
8693,18-24,Астана,до 200к,2020-05-09
8694,18-24,Атырау,200-400к,2023-05-04
8695,45-54,Караганда,400-700к,2021-07-11
8696,25-34,Шымкент,200-400к,2020-07-16
8697,25-34,Астана,400-700к,2025-01-03
8698,25-34,Астана,400-700к,2024-11-09
8699,25-34,Павлодар,400-700к,2020-01-29
8700,18-24,Караганда,до 200к,2025-04-22
8701,25-34,Павлодар,200-400к,2020-02-06
8702,35-44,Костанай,200-400к,2024-01-16
8703,25-34,Шымкент,200-400к,2024-04-16
8704,25-34,Шымкент,400-700к,2021-07-29
8705,25-34,Караганда,200-400к,2020-09-28
8706,25-34,Атырау,400-700к,2023-01-30
8707,18-24,Караганда,до 200к,2024-11-06
8708,18-24,Алматы,200-400к,2020-03-03
8709,18-24,Костанай,700к+,2024-08-29
8710,25-34,Караганда,до 200к,2023-05-27
8711,35-44,Атырау,до 200к,2025-05-27
8712,18-24,Астана,400-700к,2021-06-11
8713,45-54,Астана,до 200к,2023-07-13
8714,35-44,Караганда,200-400к,2022-06-29
8715,18-24,Актобе,400-700к,2023-06-23
8716,18-24,Алматы,200-400к,2020-12-23
8717,25-34,Астана,700к+,2022-09-22
8718,18-24,Актобе,400-700к,2025-05-27
8719,35-44,Костанай,200-400к,2024-08-15
8720,18-24,Алматы,700к+,2021-02-18
8721,45-54,Алматы,до 200к,2020-04-27
8722,25-34,Астана,до 200к,2022-04-13
8723,35-44,Алматы,200-400к,2021-04-02
8724,35-44,Алматы,200-400к,2021-05-24
8725,35-44,Шымкент,до 200к,2020-12-30
8726,45-54,Караганда,200-400к,2022-12-19
8727,55+,Астана,до 200к,2020-07-06
8728,25-34,Астана,до 200к,2024-12-15
8729,18-24,Костанай,200-400к,2020-03-01
8730,25-34,Астана,700к+,2020-11-22
8731,25-34,Атырау,400-700к,2023-01-28
8732,35-44,Астана,200-400к,2020-10-08
8733,25-34,Атырау,200-400к,2022-10-04
8734,25-34,Атырау,до 200к,2020-05-28
8735,35-44,Алматы,200-400к,2024-10-05
8736,25-34,Караганда,200-400к,2023-03-24
8737,35-44,Караганда,400-700к,2021-08-30
8738,25-34,Астана,200-400к,2023-04-19
8739,45-54,Актобе,700к+,2022-12-17
8740,35-44,Астана,400-700к,2024-06-30
8741,18-24,Астана,до 200к,2023-12-23
8742,35-44,Костанай,700к+,2024-07-29
8743,25-34,Алматы,до 200к,2024-09-23
8744,35-44,Алматы,700к+,2020-07-22
8745,35-44,Алматы,200-400к,2024-03-18
8746,25-34,Костанай,200-400к,2024-12-26
8747,35-44,Алматы,200-400к,2021-01-31
8748,45-54,Алматы,200-400к,2024-07-16
8749,35-44,Караганда,400-700к,2023-05-05
8750,35-44,Актобе,400-700к,2023-07-18
8751,35-44,Шымкент,200-400к,2023-11-27
8752,25-34,Костанай,400-700к,2021-11-25
8753,45-54,Алматы,200-400к,2024-11-30
8754,45-54,Караганда,200-400к,2024-01-31
8755,18-24,Шымкент,до 200к,2022-05-27
8756,25-34,Астана,400-700к,2023-05-26
8757,25-34,Павлодар,200-400к,2025-03-23
8758,25-34,Шымкент,200-400к,2021-12-07
8759,25-34,Алматы,200-400к,2024-11-21
8760,25-34,Алматы,400-700к,2020-01-27
8761,35-44,Алматы,до 200к,2024-05-06
8762,18-24,Павлодар,200-400к,2023-03-30
8763,25-34,Алматы,200-400к,2023-11-21
8764,35-44,Павлодар,до 200к,2023-02-26
8765,25-34,Алматы,200-400к,2022-08-15
8766,25-34,Костанай,400-700к,2020-11-05
8767,45-54,Атырау,до 200к,2021-04-30
8768,55+,Алматы,400-700к,2024-12-17
8769,35-44,Алматы,700к+,2022-03-24
8770,18-24,Атырау,до 200к,2020-11-14
8771,18-24,Алматы,200-400к,2020-09-14
8772,55+,Алматы,до 200к,2021-07-28
8773,35-44,Атырау,400-700к,2024-01-03
8774,35-44,Павлодар,200-400к,2022-01-13
8775,35-44,Актобе,200-400к,2022-05-10
8776,25-34,Павлодар,400-700к,2023-09-27
8777,25-34,Шымкент,400-700к,2023-04-25
8778,45-54,Актобе,200-400к,2020-06-12
8779,45-54,Астана,400-700к,2022-02-21
8780,25-34,Актобе,700к+,2023-11-05
8781,35-44,Караганда,200-400к,2023-11-19
8782,25-34,Шымкент,до 200к,2022-04-08
8783,55+,Костанай,400-700к,2021-03-04
8784,25-34,Астана,400-700к,2020-12-31
8785,35-44,Шымкент,200-400к,2020-06-29
8786,25-34,Шымкент,400-700к,2020-08-12
8787,35-44,Алматы,200-400к,2025-04-23
8788,35-44,Астана,200-400к,2022-04-04
8789,25-34,Костанай,400-700к,2021-10-03
8790,45-54,Астана,400-700к,2022-06-10
8791,45-54,Караганда,до 200к,2022-10-31
8792,45-54,Шымкент,до 200к,2020-10-01
8793,25-34,Павлодар,200-400к,2024-12-13
8794,35-44,Актобе,200-400к,2022-08-22
8795,35-44,Алматы,400-700к,2023-01-29
8796,35-44,Астана,до 200к,2022-10-01
8797,25-34,Актобе,400-700к,2025-02-18
8798,35-44,Алматы,200-400к,2025-05-16
8799,18-24,Шымкент,400-700к,2020-09-08
8800,25-34,Астана,200-400к,2023-11-27
8801,25-34,Алматы,400-700к,2020-11-22
8802,25-34,Костанай,200-400к,2020-01-25
8803,18-24,Павлодар,200-400к,2023-01-09
8804,25-34,Актобе,200-400к,2022-08-11
8805,45-54,Алматы,200-400к,2022-09-11
8806,35-44,Костанай,200-400к,2020-02-13
8807,18-24,Караганда,700к+,2023-07-11
8808,45-54,Костанай,400-700к,2022-10-19
8809,45-54,Алматы,до 200к,2020-04-26
8810,45-54,Алматы,400-700к,2021-11-06
8811,45-54,Караганда,до 200к,2020-09-27
8812,55+,Павлодар,200-400к,2024-12-12
8813,35-44,Алматы,до 200к,2024-01-24
8814,55+,Астана,до 200к,2022-09-13
8815,55+,Шымкент,200-400к,2020-06-23
8816,25-34,Костанай,200-400к,2024-08-26
8817,45-54,Атырау,200-400к,2021-12-10
8818,45-54,Павлодар,до 200к,2023-03-13
8819,35-44,Караганда,до 200к,2023-12-11
8820,45-54,Павлодар,до 200к,2022-03-04
8821,25-34,Шымкент,200-400к,2025-04-28
8822,25-34,Алматы,до 200к,2021-04-04
8823,35-44,Караганда,200-400к,2021-11-17
8824,35-44,Шымкент,200-400к,2021-01-01
8825,45-54,Астана,до 200к,2021-11-17
8826,45-54,Алматы,400-700к,2024-05-08
8827,35-44,Актобе,200-400к,2022-07-31
8828,55+,Атырау,400-700к,2024-10-31
8829,25-34,Астана,200-400к,2024-11-15
8830,55+,Павлодар,200-400к,2021-10-10
8831,18-24,Астана,200-400к,2024-05-09
8832,35-44,Алматы,700к+,2022-09-16
8833,18-24,Алматы,200-400к,2022-04-26
8834,35-44,Астана,200-400к,2021-07-29
8835,25-34,Алматы,200-400к,2020-05-13
8836,18-24,Актобе,700к+,2022-06-29
8837,35-44,Атырау,до 200к,2023-08-29
8838,35-44,Шымкент,200-400к,2024-10-04
8839,25-34,Павлодар,200-400к,2022-04-03
8840,35-44,Костанай,400-700к,2020-10-02
8841,25-34,Астана,400-700к,2022-07-26
8842,18-24,Алматы,400-700к,2021-08-05
8843,25-34,Алматы,400-700к,2025-01-11
8844,35-44,Караганда,200-400к,2023-10-22
8845,35-44,Астана,до 200к,2024-12-16
8846,35-44,Караганда,400-700к,2021-09-13
8847,45-54,Караганда,200-400к,2022-06-09
8848,35-44,Шымкент,до 200к,2020-06-11
8849,45-54,Алматы,до 200к,2020-09-27
8850,55+,Астана,200-400к,2022-01-18
8851,25-34,Астана,200-400к,2022-03-04
8852,25-34,Атырау,200-400к,2023-09-14
8853,18-24,Караганда,200-400к,2021-03-06
8854,35-44,Караганда,до 200к,2025-05-22
8855,35-44,Караганда,до 200к,2024-04-09
8856,25-34,Шымкент,400-700к,2024-11-19
8857,45-54,Алматы,400-700к,2021-09-05
8858,55+,Алматы,400-700к,2023-01-28
8859,25-34,Алматы,до 200к,2022-11-01
8860,25-34,Алматы,700к+,2024-04-03
8861,25-34,Астана,400-700к,2024-08-23
8862,25-34,Актобе,200-400к,2023-02-16
8863,45-54,Алматы,200-400к,2025-05-02
8864,35-44,Алматы,до 200к,2022-09-14
8865,18-24,Алматы,200-400к,2021-07-02
8866,25-34,Алматы,400-700к,2020-12-07
8867,18-24,Алматы,200-400к,2022-01-24
8868,25-34,Алматы,до 200к,2021-08-07
8869,25-34,Алматы,200-400к,2021-02-04
8870,35-44,Костанай,400-700к,2022-06-23
8871,35-44,Астана,400-700к,2021-06-06
8872,45-54,Алматы,200-400к,2025-05-25
8873,18-24,Астана,700к+,2021-09-01
8874,35-44,Алматы,до 200к,2023-05-02
8875,18-24,Шымкент,до 200к,2024-02-13
8876,25-34,Астана,до 200к,2025-03-04
8877,45-54,Павлодар,400-700к,2023-10-05
8878,35-44,Павлодар,400-700к,2021-06-01
8879,25-34,Актобе,400-700к,2023-01-17
8880,25-34,Алматы,400-700к,2020-05-17
8881,35-44,Астана,200-400к,2021-06-24
8882,55+,Астана,200-400к,2025-05-10
8883,35-44,Атырау,200-400к,2020-01-10
8884,18-24,Алматы,200-400к,2021-10-21
8885,25-34,Караганда,200-400к,2020-04-16
8886,25-34,Астана,до 200к,2022-12-06
8887,18-24,Астана,200-400к,2024-02-11
8888,35-44,Астана,200-400к,2020-05-22
8889,35-44,Астана,до 200к,2020-09-14
8890,18-24,Караганда,700к+,2024-09-16
8891,45-54,Шымкент,до 200к,2021-07-11
8892,35-44,Алматы,700к+,2020-01-02
8893,35-44,Алматы,до 200к,2020-07-15
8894,25-34,Атырау,400-700к,2024-12-17
8895,25-34,Астана,200-400к,2025-01-20
8896,18-24,Шымкент,до 200к,2020-11-26
8897,25-34,Астана,до 200к,2021-07-14
8898,25-34,Шымкент,200-400к,2021-01-01
8899,25-34,Караганда,400-700к,2022-09-10
8900,25-34,Алматы,до 200к,2024-07-09
8901,25-34,Шымкент,до 200к,2024-02-28
8902,45-54,Шымкент,400-700к,2022-02-11
8903,45-54,Алматы,200-400к,2023-10-22
8904,25-34,Актобе,200-400к,2021-05-27
8905,55+,Алматы,до 200к,2024-12-23
8906,25-34,Алматы,200-400к,2023-04-07
8907,25-34,Атырау,до 200к,2025-01-08
8908,45-54,Атырау,200-400к,2021-05-23
8909,25-34,Алматы,до 200к,2025-03-15
8910,25-34,Караганда,700к+,2021-07-27
8911,25-34,Алматы,200-400к,2023-09-30
8912,35-44,Актобе,200-400к,2020-04-01
8913,35-44,Астана,400-700к,2021-04-06
8914,25-34,Атырау,700к+,2022-12-14
8915,25-34,Астана,400-700к,2022-10-05
8916,25-34,Астана,200-400к,2020-09-15
8917,35-44,Атырау,400-700к,2020-01-20
8918,25-34,Алматы,до 200к,2024-08-01
8919,45-54,Алматы,400-700к,2021-05-03
8920,35-44,Астана,200-400к,2024-02-11
8921,25-34,Шымкент,200-400к,2020-12-12
8922,35-44,Алматы,400-700к,2021-07-24
8923,18-24,Шымкент,400-700к,2020-02-03
8924,25-34,Астана,400-700к,2022-12-03
8925,25-34,Караганда,700к+,2022-10-30
8926,25-34,Павлодар,400-700к,2023-02-28
8927,35-44,Астана,до 200к,2024-02-06
8928,55+,Шымкент,до 200к,2023-08-25
8929,25-34,Астана,200-400к,2021-02-08
8930,25-34,Алматы,до 200к,2022-04-17
8931,35-44,Атырау,400-700к,2020-06-01
8932,25-34,Павлодар,400-700к,2023-07-29
8933,25-34,Атырау,до 200к,2022-03-03
8934,55+,Костанай,700к+,2020-12-04
8935,45-54,Астана,400-700к,2024-10-21
8936,55+,Караганда,700к+,2022-07-31
8937,25-34,Алматы,до 200к,2020-04-15
8938,18-24,Костанай,200-400к,2020-07-07
8939,25-34,Шымкент,200-400к,2021-08-06
8940,55+,Алматы,400-700к,2025-02-25
8941,18-24,Атырау,700к+,2020-07-15
8942,18-24,Шымкент,400-700к,2022-03-13
8943,18-24,Костанай,до 200к,2022-03-06
8944,35-44,Актобе,200-400к,2023-05-19
8945,45-54,Павлодар,400-700к,2023-04-13
8946,35-44,Шымкент,до 200к,2022-09-06
8947,18-24,Шымкент,700к+,2024-06-01
8948,35-44,Актобе,400-700к,2020-02-23
8949,25-34,Алматы,400-700к,2022-02-25
8950,25-34,Алматы,700к+,2020-05-05
8951,25-34,Костанай,до 200к,2021-08-24
8952,35-44,Павлодар,200-400к,2021-06-13
8953,25-34,Костанай,200-400к,2024-11-02
8954,55+,Алматы,400-700к,2023-09-11
8955,25-34,Алматы,400-700к,2021-04-24
8956,25-34,Павлодар,до 200к,2023-07-06
8957,35-44,Алматы,200-400к,2024-07-22
8958,35-44,Астана,до 200к,2021-01-10
8959,18-24,Астана,200-400к,2023-02-03
8960,35-44,Павлодар,700к+,2022-09-04
8961,25-34,Шымкент,до 200к,2025-01-02
8962,25-34,Астана,до 200к,2022-01-04
8963,35-44,Шымкент,200-400к,2023-09-19
8964,35-44,Алматы,400-700к,2023-02-11
8965,25-34,Актобе,до 200к,2021-10-07
8966,25-34,Шымкент,до 200к,2021-10-31
8967,35-44,Шымкент,200-400к,2024-09-19
8968,25-34,Астана,200-400к,2024-11-27
8969,45-54,Астана,до 200к,2021-06-04
8970,35-44,Алматы,400-700к,2022-08-02
8971,45-54,Костанай,400-700к,2020-10-12
8972,25-34,Астана,200-400к,2022-05-03
8973,45-54,Астана,до 200к,2024-10-01
8974,18-24,Астана,200-400к,2023-11-07
8975,25-34,Костанай,до 200к,2022-08-29
8976,18-24,Атырау,200-400к,2024-04-10
8977,18-24,Алматы,400-700к,2023-01-10
8978,45-54,Шымкент,до 200к,2022-05-25
8979,35-44,Астана,до 200к,2020-02-03
8980,35-44,Атырау,до 200к,2020-08-05
8981,35-44,Костанай,до 200к,2022-12-13
8982,35-44,Актобе,до 200к,2020-06-19
8983,35-44,Атырау,200-400к,2020-01-24
8984,45-54,Шымкент,400-700к,2021-10-15
8985,35-44,Астана,до 200к,2023-01-17
8986,35-44,Караганда,200-400к,2024-01-05
8987,25-34,Актобе,700к+,2025-04-15
8988,55+,Алматы,200-400к,2023-07-31
8989,18-24,Шымкент,400-700к,2025-05-04
8990,25-34,Алматы,200-400к,2021-07-29
8991,45-54,Алматы,до 200к,2023-08-08
8992,25-34,Павлодар,до 200к,2020-01-09
8993,25-34,Алматы,400-700к,2020-09-28
8994,25-34,Атырау,400-700к,2023-07-09
8995,25-34,Астана,200-400к,2021-09-23
8996,55+,Караганда,200-400к,2023-02-02
8997,45-54,Павлодар,200-400к,2025-02-28
8998,25-34,Актобе,до 200к,2024-03-24
8999,55+,Атырау,до 200к,2021-12-04
9000,35-44,Алматы,700к+,2023-10-04
9001,45-54,Астана,до 200к,2025-01-21
9002,25-34,Актобе,200-400к,2021-05-08
9003,25-34,Актобе,400-700к,2023-01-14
9004,18-24,Атырау,200-400к,2024-01-05
9005,18-24,Актобе,700к+,2023-08-11
9006,35-44,Алматы,до 200к,2022-08-30
9007,18-24,Астана,400-700к,2022-05-16
9008,35-44,Костанай,до 200к,2023-02-23
9009,35-44,Шымкент,до 200к,2022-09-19
9010,18-24,Актобе,200-400к,2021-12-14
9011,25-34,Шымкент,400-700к,2024-10-14
9012,35-44,Павлодар,200-400к,2024-04-30
9013,45-54,Атырау,до 200к,2023-07-06
9014,25-34,Алматы,200-400к,2021-01-27
9015,55+,Павлодар,до 200к,2022-10-25
9016,45-54,Астана,400-700к,2021-02-13
9017,35-44,Астана,700к+,2020-11-21
9018,25-34,Атырау,200-400к,2021-04-19
9019,35-44,Астана,200-400к,2020-11-11
9020,45-54,Астана,200-400к,2024-04-28
9021,25-34,Караганда,200-400к,2022-10-25
9022,55+,Костанай,до 200к,2023-12-27
9023,45-54,Алматы,200-400к,2025-05-06
9024,25-34,Караганда,200-400к,2021-06-23
9025,35-44,Шымкент,400-700к,2021-01-25
9026,35-44,Астана,200-400к,2020-10-14
9027,35-44,Актобе,400-700к,2020-02-07
9028,45-54,Шымкент,400-700к,2020-02-26
9029,18-24,Атырау,700к+,2023-04-05
9030,18-24,Актобе,700к+,2023-09-29
9031,25-34,Костанай,до 200к,2021-08-07
9032,45-54,Атырау,200-400к,2022-12-13
9033,25-34,Алматы,400-700к,2021-02-17
9034,45-54,Актобе,400-700к,2023-11-05
9035,25-34,Караганда,до 200к,2023-11-22
9036,25-34,Алматы,200-400к,2023-11-17
9037,45-54,Шымкент,400-700к,2022-10-20
9038,35-44,Актобе,до 200к,2024-08-16
9039,25-34,Алматы,200-400к,2020-06-15
9040,18-24,Астана,200-400к,2022-04-11
9041,18-24,Шымкент,200-400к,2020-05-06
9042,18-24,Астана,200-400к,2024-07-12
9043,25-34,Павлодар,до 200к,2020-05-27
9044,35-44,Алматы,400-700к,2022-05-21
9045,25-34,Актобе,до 200к,2021-01-06
9046,18-24,Актобе,400-700к,2023-11-16
9047,25-34,Астана,до 200к,2022-03-15
9048,25-34,Шымкент,400-700к,2023-01-07
9049,55+,Алматы,200-400к,2025-04-08
9050,25-34,Алматы,200-400к,2025-01-16
9051,18-24,Шымкент,до 200к,2022-05-07
9052,35-44,Алматы,200-400к,2022-01-10
9053,45-54,Атырау,до 200к,2021-08-21
9054,45-54,Шымкент,до 200к,2023-10-11
9055,45-54,Алматы,400-700к,2025-06-12
9056,45-54,Астана,до 200к,2023-04-11
9057,35-44,Атырау,700к+,2023-02-04
9058,55+,Алматы,200-400к,2025-06-20
9059,18-24,Актобе,до 200к,2021-01-15
9060,45-54,Алматы,700к+,2020-06-03
9061,45-54,Павлодар,до 200к,2020-07-08
9062,45-54,Астана,400-700к,2023-04-11
9063,25-34,Астана,200-400к,2024-11-27
9064,45-54,Шымкент,200-400к,2021-04-09
9065,25-34,Астана,400-700к,2023-12-19
9066,35-44,Актобе,до 200к,2024-11-03
9067,25-34,Алматы,400-700к,2025-01-06
9068,35-44,Алматы,до 200к,2024-05-07
9069,35-44,Алматы,400-700к,2022-01-04
9070,25-34,Караганда,до 200к,2023-08-16
9071,25-34,Павлодар,до 200к,2023-01-14
9072,25-34,Алматы,до 200к,2022-08-18
9073,35-44,Атырау,200-400к,2023-11-17
9074,35-44,Атырау,700к+,2023-09-24
9075,35-44,Алматы,700к+,2024-06-04
9076,18-24,Алматы,400-700к,2023-01-13
9077,45-54,Астана,400-700к,2023-08-10
9078,35-44,Алматы,400-700к,2021-07-28
9079,18-24,Актобе,200-400к,2022-08-04
9080,25-34,Шымкент,до 200к,2024-06-26
9081,25-34,Астана,200-400к,2024-03-23
9082,25-34,Актобе,до 200к,2022-10-22
9083,18-24,Астана,400-700к,2023-02-07
9084,25-34,Павлодар,200-400к,2021-05-29
9085,18-24,Караганда,до 200к,2022-02-04
9086,18-24,Астана,400-700к,2023-08-21
9087,25-34,Шымкент,до 200к,2020-08-19
9088,45-54,Алматы,700к+,2020-02-07
9089,35-44,Костанай,700к+,2023-04-14
9090,25-34,Астана,200-400к,2023-12-11
9091,35-44,Павлодар,400-700к,2025-05-15
9092,35-44,Костанай,до 200к,2022-07-29
9093,18-24,Шымкент,200-400к,2020-09-03
9094,25-34,Актобе,400-700к,2023-06-22
9095,25-34,Шымкент,до 200к,2021-09-07
9096,35-44,Алматы,до 200к,2020-11-10
9097,25-34,Костанай,200-400к,2023-05-27
9098,25-34,Астана,200-400к,2023-12-07
9099,35-44,Павлодар,400-700к,2020-04-19
9100,55+,Караганда,до 200к,2023-12-17
9101,25-34,Алматы,до 200к,2023-02-22
9102,35-44,Астана,400-700к,2024-01-23
9103,25-34,Алматы,до 200к,2023-06-13
9104,35-44,Алматы,до 200к,2022-07-23
9105,35-44,Актобе,до 200к,2021-10-30
9106,35-44,Алматы,400-700к,2023-07-05
9107,25-34,Костанай,до 200к,2021-02-03
9108,25-34,Астана,200-400к,2023-01-03
9109,45-54,Астана,200-400к,2024-02-14
9110,25-34,Астана,до 200к,2021-04-11
9111,55+,Алматы,700к+,2020-06-19
9112,25-34,Шымкент,400-700к,2020-02-16
9113,25-34,Астана,200-400к,2023-01-14
9114,25-34,Караганда,200-400к,2022-04-07
9115,25-34,Шымкент,до 200к,2023-08-01
9116,45-54,Алматы,200-400к,2024-06-17
9117,25-34,Астана,до 200к,2025-05-11
9118,35-44,Астана,200-400к,2021-10-06
9119,35-44,Алматы,до 200к,2020-08-12
9120,45-54,Актобе,400-700к,2024-02-07
9121,35-44,Алматы,200-400к,2020-02-08
9122,55+,Алматы,200-400к,2023-07-03
9123,45-54,Шымкент,до 200к,2021-07-04
9124,25-34,Астана,до 200к,2021-12-07
9125,45-54,Костанай,200-400к,2020-09-04
9126,55+,Атырау,200-400к,2020-01-02
9127,25-34,Актобе,700к+,2021-01-22
9128,35-44,Шымкент,200-400к,2022-05-12
9129,25-34,Астана,до 200к,2021-08-10
9130,35-44,Алматы,200-400к,2022-02-24
9131,18-24,Атырау,200-400к,2020-08-11
9132,35-44,Астана,400-700к,2020-10-04
9133,25-34,Астана,до 200к,2024-02-04
9134,35-44,Шымкент,400-700к,2024-06-25
9135,18-24,Актобе,200-400к,2024-01-19
9136,35-44,Шымкент,до 200к,2025-03-25
9137,25-34,Алматы,200-400к,2024-01-02
9138,35-44,Павлодар,200-400к,2020-08-30
9139,25-34,Алматы,200-400к,2024-01-14
9140,25-34,Костанай,200-400к,2021-04-06
9141,25-34,Астана,200-400к,2024-04-03
9142,55+,Костанай,400-700к,2023-06-18
9143,25-34,Павлодар,200-400к,2024-08-20
9144,35-44,Астана,200-400к,2025-03-16
9145,18-24,Атырау,400-700к,2023-10-09
9146,35-44,Алматы,200-400к,2025-02-10
9147,25-34,Алматы,200-400к,2022-12-16
9148,25-34,Астана,до 200к,2025-02-05
9149,25-34,Шымкент,до 200к,2020-06-27
9150,18-24,Алматы,до 200к,2022-05-30
9151,25-34,Шымкент,200-400к,2024-03-05
9152,25-34,Костанай,400-700к,2025-05-25
9153,35-44,Атырау,до 200к,2024-10-04
9154,55+,Алматы,400-700к,2021-12-30
9155,25-34,Шымкент,до 200к,2023-06-09
9156,45-54,Алматы,до 200к,2020-06-22
9157,25-34,Алматы,200-400к,2020-08-19
9158,18-24,Павлодар,200-400к,2023-11-09
9159,25-34,Костанай,до 200к,2021-09-17
9160,25-34,Алматы,до 200к,2023-01-17
9161,25-34,Алматы,200-400к,2021-02-16
9162,45-54,Астана,200-400к,2024-05-17
9163,35-44,Астана,200-400к,2020-06-21
9164,35-44,Алматы,200-400к,2023-05-27
9165,25-34,Алматы,200-400к,2023-09-16
9166,25-34,Астана,до 200к,2024-06-29
9167,35-44,Алматы,до 200к,2021-05-25
9168,18-24,Атырау,200-400к,2021-11-18
9169,25-34,Актобе,200-400к,2023-01-16
9170,25-34,Шымкент,700к+,2021-07-29
9171,25-34,Астана,400-700к,2024-01-12
9172,35-44,Атырау,до 200к,2024-02-23
9173,18-24,Алматы,до 200к,2024-02-20
9174,25-34,Павлодар,400-700к,2022-09-22
9175,45-54,Алматы,200-400к,2023-06-09
9176,55+,Павлодар,200-400к,2020-12-24
9177,25-34,Алматы,200-400к,2021-01-30
9178,25-34,Атырау,200-400к,2022-01-20
9179,35-44,Алматы,до 200к,2021-02-17
9180,18-24,Атырау,до 200к,2024-05-20
9181,25-34,Шымкент,до 200к,2021-05-30
9182,18-24,Алматы,до 200к,2025-01-21
9183,25-34,Актобе,до 200к,2022-04-01
9184,55+,Алматы,200-400к,2024-02-29
9185,35-44,Шымкент,200-400к,2020-06-01
9186,55+,Астана,до 200к,2023-12-07
9187,35-44,Актобе,до 200к,2022-06-30
9188,35-44,Атырау,700к+,2024-06-11
9189,35-44,Астана,до 200к,2020-12-27
9190,35-44,Актобе,до 200к,2021-02-05
9191,25-34,Павлодар,200-400к,2024-09-21
9192,25-34,Караганда,до 200к,2023-03-05
9193,35-44,Астана,до 200к,2023-01-29
9194,25-34,Астана,до 200к,2023-04-03
9195,25-34,Алматы,700к+,2021-12-16
9196,25-34,Астана,200-400к,2025-03-06
9197,35-44,Алматы,200-400к,2023-01-13
9198,25-34,Атырау,400-700к,2020-01-31
9199,25-34,Шымкент,200-400к,2021-07-26
9200,25-34,Караганда,до 200к,2025-04-25
9201,25-34,Алматы,200-400к,2022-08-30
9202,55+,Алматы,200-400к,2023-12-23
9203,25-34,Актобе,200-400к,2020-02-07
9204,25-34,Шымкент,400-700к,2020-02-14
9205,18-24,Павлодар,до 200к,2021-02-13
9206,45-54,Шымкент,до 200к,2022-11-03
9207,35-44,Алматы,200-400к,2023-05-03
9208,25-34,Караганда,до 200к,2020-05-19
9209,25-34,Караганда,700к+,2025-01-07
9210,35-44,Алматы,200-400к,2023-04-21
9211,55+,Караганда,до 200к,2021-12-03
9212,25-34,Алматы,200-400к,2022-06-22
9213,18-24,Алматы,400-700к,2022-10-08
9214,18-24,Алматы,200-400к,2024-03-24
9215,18-24,Караганда,200-400к,2020-07-04
9216,35-44,Актобе,400-700к,2023-03-04
9217,55+,Алматы,до 200к,2022-11-11
9218,55+,Атырау,200-400к,2024-04-21
9219,45-54,Актобе,200-400к,2021-12-21
9220,25-34,Астана,400-700к,2022-01-07
9221,55+,Алматы,400-700к,2024-06-02
9222,25-34,Астана,700к+,2024-09-09
9223,25-34,Алматы,до 200к,2024-07-05
9224,35-44,Костанай,400-700к,2024-09-28
9225,18-24,Атырау,200-400к,2020-07-23
9226,45-54,Алматы,200-400к,2023-08-03
9227,55+,Шымкент,700к+,2023-10-08
9228,35-44,Алматы,400-700к,2021-06-11
9229,45-54,Алматы,400-700к,2022-06-25
9230,25-34,Астана,до 200к,2025-06-05
9231,18-24,Алматы,до 200к,2020-10-05
9232,45-54,Алматы,700к+,2024-06-23
9233,35-44,Астана,700к+,2021-09-27
9234,45-54,Астана,до 200к,2024-08-30
9235,18-24,Астана,до 200к,2022-12-05
9236,25-34,Шымкент,200-400к,2020-01-24
9237,25-34,Астана,до 200к,2020-08-06
9238,35-44,Астана,200-400к,2024-07-10
9239,45-54,Астана,700к+,2024-05-02
9240,55+,Костанай,до 200к,2021-03-11
9241,25-34,Алматы,400-700к,2023-07-06
9242,25-34,Шымкент,200-400к,2022-10-13
9243,18-24,Алматы,до 200к,2020-04-17
9244,25-34,Астана,200-400к,2023-11-09
9245,25-34,Шымкент,200-400к,2020-11-14
9246,35-44,Актобе,400-700к,2022-03-31
9247,25-34,Костанай,200-400к,2020-01-17
9248,25-34,Астана,700к+,2021-05-02
9249,35-44,Алматы,до 200к,2025-02-15
9250,45-54,Атырау,700к+,2022-09-27
9251,25-34,Алматы,200-400к,2023-12-18
9252,25-34,Шымкент,200-400к,2021-08-22
9253,35-44,Атырау,до 200к,2020-03-27
9254,35-44,Астана,до 200к,2023-05-15
9255,45-54,Шымкент,200-400к,2021-04-25
9256,25-34,Алматы,700к+,2020-08-07
9257,35-44,Алматы,400-700к,2022-09-15
9258,45-54,Костанай,до 200к,2022-03-27
9259,25-34,Алматы,200-400к,2020-08-20
9260,25-34,Астана,200-400к,2023-03-29
9261,55+,Шымкент,400-700к,2022-06-10
9262,18-24,Астана,400-700к,2025-06-04
9263,35-44,Алматы,до 200к,2020-06-26
9264,45-54,Алматы,до 200к,2022-09-17
9265,25-34,Астана,до 200к,2024-05-05
9266,35-44,Астана,200-400к,2022-05-01
9267,25-34,Атырау,до 200к,2021-02-21
9268,45-54,Астана,до 200к,2025-06-01
9269,45-54,Костанай,400-700к,2021-10-12
9270,45-54,Астана,200-400к,2025-01-24
9271,18-24,Астана,700к+,2024-08-08
9272,35-44,Костанай,400-700к,2023-09-07
9273,45-54,Атырау,до 200к,2024-03-26
9274,35-44,Астана,до 200к,2022-12-25
9275,35-44,Астана,200-400к,2023-08-30
9276,18-24,Атырау,400-700к,2021-06-25
9277,45-54,Алматы,200-400к,2020-04-21
9278,18-24,Астана,700к+,2023-06-01
9279,25-34,Шымкент,400-700к,2024-05-25
9280,45-54,Атырау,200-400к,2024-07-25
9281,55+,Шымкент,до 200к,2024-03-04
9282,55+,Астана,200-400к,2025-05-17
9283,25-34,Костанай,200-400к,2023-04-04
9284,25-34,Алматы,до 200к,2020-12-07
9285,25-34,Актобе,400-700к,2021-02-14
9286,18-24,Алматы,200-400к,2021-07-02
9287,45-54,Актобе,до 200к,2025-05-05
9288,35-44,Шымкент,400-700к,2024-11-03
9289,25-34,Алматы,200-400к,2023-12-22
9290,18-24,Шымкент,до 200к,2024-09-17
9291,25-34,Павлодар,200-400к,2021-11-14
9292,45-54,Астана,400-700к,2023-12-04
9293,35-44,Алматы,200-400к,2020-11-29
9294,18-24,Алматы,200-400к,2020-07-26
9295,25-34,Караганда,400-700к,2023-07-08
9296,25-34,Караганда,400-700к,2023-11-13
9297,18-24,Астана,до 200к,2023-04-05
9298,55+,Алматы,до 200к,2022-07-27
9299,35-44,Актобе,200-400к,2023-04-27
9300,18-24,Астана,до 200к,2022-01-12
9301,45-54,Алматы,700к+,2021-08-10
9302,25-34,Астана,до 200к,2021-05-16
9303,25-34,Шымкент,400-700к,2021-12-29
9304,35-44,Костанай,700к+,2021-09-27
9305,18-24,Шымкент,200-400к,2020-11-13
9306,25-34,Алматы,200-400к,2022-12-07
9307,45-54,Атырау,до 200к,2022-04-02
9308,45-54,Астана,200-400к,2020-11-19
9309,25-34,Костанай,700к+,2024-12-18
9310,35-44,Астана,700к+,2022-10-15
9311,25-34,Павлодар,200-400к,2020-10-12
9312,35-44,Павлодар,400-700к,2020-04-06
9313,25-34,Атырау,400-700к,2020-06-19
9314,35-44,Алматы,200-400к,2022-04-01
9315,25-34,Атырау,400-700к,2021-04-29
9316,55+,Актобе,до 200к,2025-04-04
9317,45-54,Астана,700к+,2022-07-28
9318,25-34,Астана,400-700к,2024-01-17
9319,35-44,Караганда,200-400к,2021-05-03
9320,18-24,Костанай,200-400к,2020-05-17
9321,35-44,Актобе,700к+,2021-10-31
9322,25-34,Астана,до 200к,2023-10-07
9323,18-24,Караганда,200-400к,2024-03-08
9324,35-44,Алматы,200-400к,2021-01-27
9325,25-34,Астана,200-400к,2021-08-15
9326,35-44,Атырау,до 200к,2022-08-06
9327,35-44,Шымкент,до 200к,2021-11-24
9328,18-24,Актобе,700к+,2021-08-11
9329,18-24,Шымкент,400-700к,2025-05-21
9330,35-44,Астана,400-700к,2025-02-11
9331,35-44,Актобе,200-400к,2021-12-13
9332,18-24,Алматы,200-400к,2020-04-18
9333,25-34,Костанай,200-400к,2021-12-18
9334,35-44,Костанай,200-400к,2024-10-27
9335,35-44,Павлодар,400-700к,2024-12-03
9336,45-54,Павлодар,до 200к,2023-11-03
9337,25-34,Шымкент,700к+,2023-09-13
9338,35-44,Астана,700к+,2021-12-26
9339,35-44,Атырау,200-400к,2022-05-31
9340,25-34,Астана,700к+,2024-10-25
9341,18-24,Атырау,400-700к,2021-03-08
9342,18-24,Алматы,до 200к,2022-03-23
9343,45-54,Павлодар,до 200к,2024-10-20
9344,25-34,Шымкент,400-700к,2023-10-28
9345,35-44,Атырау,400-700к,2020-08-06
9346,35-44,Астана,до 200к,2024-04-24
9347,25-34,Шымкент,200-400к,2020-05-15
9348,45-54,Павлодар,200-400к,2021-07-26
9349,35-44,Астана,200-400к,2025-01-13
9350,18-24,Алматы,до 200к,2020-05-24
9351,35-44,Алматы,до 200к,2021-01-10
9352,35-44,Шымкент,400-700к,2024-10-02
9353,25-34,Шымкент,до 200к,2023-09-01
9354,35-44,Караганда,200-400к,2021-04-07
9355,35-44,Алматы,200-400к,2021-11-19
9356,25-34,Алматы,700к+,2025-02-06
9357,55+,Павлодар,700к+,2023-04-25
9358,35-44,Караганда,700к+,2021-09-22
9359,35-44,Алматы,200-400к,2020-10-15
9360,18-24,Алматы,до 200к,2022-04-09
9361,25-34,Алматы,до 200к,2021-09-26
9362,25-34,Атырау,200-400к,2022-05-10
9363,35-44,Актобе,до 200к,2020-04-07
9364,35-44,Караганда,до 200к,2022-07-24
9365,35-44,Караганда,200-400к,2021-05-08
9366,25-34,Атырау,200-400к,2025-04-09
9367,35-44,Астана,200-400к,2021-07-07
9368,45-54,Астана,700к+,2021-05-05
9369,35-44,Астана,200-400к,2021-08-27
9370,35-44,Костанай,до 200к,2023-05-01
9371,45-54,Шымкент,200-400к,2024-01-02
9372,18-24,Шымкент,200-400к,2021-08-11
9373,35-44,Атырау,700к+,2023-10-20
9374,55+,Алматы,200-400к,2020-09-18
9375,35-44,Астана,200-400к,2021-01-18
9376,25-34,Караганда,400-700к,2021-07-31
9377,55+,Костанай,200-400к,2023-10-30
9378,25-34,Алматы,200-400к,2023-01-09
9379,25-34,Астана,до 200к,2022-07-11
9380,25-34,Павлодар,200-400к,2023-04-28
9381,25-34,Актобе,до 200к,2021-01-27
9382,25-34,Шымкент,400-700к,2021-06-11
9383,25-34,Алматы,до 200к,2023-11-12
9384,45-54,Алматы,до 200к,2025-05-28
9385,25-34,Астана,200-400к,2020-01-01
9386,35-44,Алматы,200-400к,2021-12-26
9387,45-54,Атырау,200-400к,2024-11-01
9388,45-54,Актобе,700к+,2024-07-22
9389,25-34,Атырау,200-400к,2021-06-07
9390,18-24,Алматы,700к+,2020-03-11
9391,35-44,Астана,200-400к,2023-02-09
9392,45-54,Актобе,200-400к,2023-10-22
9393,35-44,Алматы,200-400к,2021-05-23
9394,25-34,Алматы,200-400к,2021-08-29
9395,35-44,Астана,до 200к,2023-09-09
9396,35-44,Алматы,до 200к,2022-12-09
9397,35-44,Алматы,400-700к,2021-07-18
9398,45-54,Астана,400-700к,2024-07-31
9399,45-54,Павлодар,до 200к,2024-12-11
9400,35-44,Алматы,до 200к,2023-12-20
9401,35-44,Шымкент,до 200к,2025-03-07
9402,35-44,Шымкент,200-400к,2021-12-20
9403,35-44,Шымкент,до 200к,2020-08-09
9404,25-34,Шымкент,400-700к,2024-01-04
9405,35-44,Алматы,до 200к,2023-01-25
9406,35-44,Алматы,400-700к,2022-04-07
9407,25-34,Шымкент,400-700к,2021-06-05
9408,18-24,Костанай,до 200к,2020-05-06
9409,35-44,Астана,400-700к,2020-12-09
9410,35-44,Астана,700к+,2023-08-24
9411,25-34,Костанай,200-400к,2021-04-01
9412,25-34,Актобе,до 200к,2025-02-16
9413,25-34,Актобе,200-400к,2022-08-04
9414,55+,Шымкент,200-400к,2020-06-16
9415,45-54,Павлодар,700к+,2023-08-01
9416,35-44,Шымкент,200-400к,2023-10-07
9417,25-34,Караганда,400-700к,2020-12-25
9418,35-44,Актобе,200-400к,2024-08-06
9419,35-44,Астана,до 200к,2024-01-15
9420,55+,Костанай,200-400к,2023-04-08
9421,18-24,Костанай,400-700к,2020-08-30
9422,18-24,Шымкент,200-400к,2022-08-28
9423,35-44,Алматы,200-400к,2025-04-25
9424,25-34,Актобе,700к+,2021-04-19
9425,35-44,Астана,200-400к,2025-02-14
9426,45-54,Шымкент,400-700к,2021-01-22
9427,18-24,Алматы,до 200к,2023-04-27
9428,25-34,Атырау,400-700к,2022-03-03
9429,35-44,Костанай,200-400к,2020-05-16
9430,45-54,Алматы,до 200к,2023-07-06
9431,25-34,Актобе,до 200к,2022-08-04
9432,25-34,Атырау,до 200к,2021-09-21
9433,35-44,Алматы,200-400к,2021-04-10
9434,25-34,Алматы,200-400к,2022-09-03
9435,35-44,Астана,до 200к,2020-07-30
9436,35-44,Атырау,200-400к,2023-04-14
9437,25-34,Астана,700к+,2020-07-04
9438,35-44,Алматы,до 200к,2021-02-23
9439,35-44,Алматы,200-400к,2022-10-15
9440,25-34,Астана,700к+,2024-01-22
9441,35-44,Алматы,200-400к,2022-03-06
9442,55+,Караганда,700к+,2023-06-11
9443,35-44,Алматы,200-400к,2025-02-06
9444,25-34,Актобе,200-400к,2023-03-29
9445,35-44,Актобе,400-700к,2024-02-09
9446,25-34,Атырау,до 200к,2022-08-14
9447,35-44,Алматы,200-400к,2021-06-03
9448,35-44,Шымкент,200-400к,2021-12-30
9449,25-34,Актобе,до 200к,2021-12-04
9450,25-34,Шымкент,200-400к,2023-01-02
9451,55+,Алматы,400-700к,2020-10-29
9452,25-34,Алматы,до 200к,2024-03-11
9453,45-54,Шымкент,200-400к,2020-11-01
9454,35-44,Астана,до 200к,2023-11-13
9455,35-44,Павлодар,до 200к,2022-08-02
9456,18-24,Атырау,200-400к,2024-01-15
9457,25-34,Актобе,до 200к,2020-12-16
9458,25-34,Костанай,200-400к,2021-02-22
9459,35-44,Караганда,до 200к,2021-05-19
9460,55+,Алматы,700к+,2024-04-08
9461,45-54,Алматы,400-700к,2021-06-14
9462,18-24,Атырау,до 200к,2021-11-01
9463,25-34,Астана,до 200к,2020-10-06
9464,25-34,Павлодар,до 200к,2021-04-11
9465,55+,Алматы,до 200к,2024-09-08
9466,25-34,Алматы,400-700к,2020-08-31
9467,25-34,Актобе,200-400к,2024-12-29
9468,35-44,Атырау,200-400к,2024-07-18
9469,35-44,Атырау,400-700к,2025-03-11
9470,25-34,Алматы,400-700к,2023-05-31
9471,35-44,Астана,200-400к,2023-09-30
9472,18-24,Караганда,200-400к,2024-08-09
9473,18-24,Павлодар,200-400к,2023-11-19
9474,18-24,Алматы,200-400к,2023-01-27
9475,25-34,Шымкент,до 200к,2022-04-22
9476,55+,Алматы,200-400к,2024-09-16
9477,35-44,Актобе,до 200к,2021-09-24
9478,35-44,Алматы,до 200к,2023-01-18
9479,25-34,Костанай,200-400к,2020-04-30
9480,35-44,Алматы,400-700к,2023-07-15
9481,55+,Караганда,200-400к,2020-09-20
9482,25-34,Актобе,700к+,2020-04-22
9483,55+,Алматы,200-400к,2021-08-15
9484,35-44,Алматы,700к+,2023-09-01
9485,35-44,Шымкент,до 200к,2024-07-05
9486,25-34,Караганда,200-400к,2023-04-10
9487,35-44,Актобе,до 200к,2023-08-01
9488,35-44,Шымкент,до 200к,2021-04-29
9489,55+,Алматы,до 200к,2020-08-01
9490,45-54,Павлодар,200-400к,2020-08-13
9491,25-34,Алматы,до 200к,2020-05-30
9492,55+,Шымкент,до 200к,2021-11-25
9493,45-54,Павлодар,до 200к,2024-02-04
9494,35-44,Павлодар,200-400к,2020-04-30
9495,18-24,Алматы,200-400к,2021-11-24
9496,25-34,Алматы,до 200к,2023-04-16
9497,18-24,Шымкент,до 200к,2020-04-29
9498,18-24,Астана,400-700к,2022-12-27
9499,55+,Актобе,400-700к,2022-03-06
9500,25-34,Шымкент,200-400к,2025-01-09
9501,35-44,Алматы,200-400к,2022-09-19
9502,35-44,Астана,до 200к,2022-11-01
9503,35-44,Караганда,200-400к,2024-08-27
9504,25-34,Актобе,400-700к,2023-12-30
9505,35-44,Астана,400-700к,2022-12-31
9506,35-44,Алматы,200-400к,2023-08-20
9507,35-44,Астана,200-400к,2022-03-18
9508,25-34,Караганда,200-400к,2023-10-31
9509,35-44,Актобе,400-700к,2021-09-09
9510,18-24,Павлодар,400-700к,2021-09-19
9511,35-44,Костанай,400-700к,2024-07-14
9512,25-34,Шымкент,до 200к,2022-04-10
9513,25-34,Павлодар,200-400к,2022-11-28
9514,45-54,Алматы,до 200к,2020-08-27
9515,25-34,Шымкент,200-400к,2021-11-18
9516,55+,Шымкент,200-400к,2023-07-24
9517,45-54,Актобе,200-400к,2022-11-26
9518,25-34,Актобе,200-400к,2021-08-27
9519,25-34,Астана,200-400к,2020-02-29
9520,18-24,Павлодар,200-400к,2023-01-02
9521,45-54,Павлодар,до 200к,2021-11-28
9522,35-44,Костанай,до 200к,2025-01-17
9523,18-24,Астана,до 200к,2020-03-28
9524,35-44,Костанай,400-700к,2023-09-27
9525,18-24,Актобе,до 200к,2022-02-05
9526,35-44,Караганда,200-400к,2021-06-19
9527,35-44,Астана,до 200к,2023-11-28
9528,18-24,Атырау,200-400к,2022-10-26
9529,45-54,Актобе,700к+,2020-05-29
9530,25-34,Шымкент,400-700к,2023-04-19
9531,35-44,Костанай,до 200к,2020-12-23
9532,35-44,Алматы,200-400к,2024-08-27
9533,55+,Караганда,до 200к,2021-04-27
9534,25-34,Астана,400-700к,2024-05-06
9535,45-54,Астана,200-400к,2021-10-20
9536,25-34,Астана,до 200к,2021-09-22
9537,45-54,Астана,200-400к,2020-01-05
9538,25-34,Астана,200-400к,2025-01-13
9539,35-44,Алматы,700к+,2023-01-09
9540,18-24,Алматы,до 200к,2020-10-21
9541,55+,Актобе,700к+,2020-03-09
9542,55+,Астана,до 200к,2021-07-06
9543,25-34,Алматы,до 200к,2022-09-12
9544,35-44,Алматы,400-700к,2020-03-08
9545,35-44,Алматы,200-400к,2021-12-22
9546,25-34,Алматы,400-700к,2021-09-14
9547,35-44,Костанай,200-400к,2024-10-11
9548,35-44,Шымкент,200-400к,2022-04-08
9549,35-44,Астана,до 200к,2020-07-28
9550,25-34,Шымкент,700к+,2021-04-27
9551,45-54,Алматы,200-400к,2024-07-10
9552,18-24,Караганда,200-400к,2020-01-26
9553,35-44,Костанай,400-700к,2020-09-23
9554,18-24,Алматы,до 200к,2020-01-22
9555,25-34,Алматы,400-700к,2020-04-08
9556,18-24,Караганда,200-400к,2025-01-21
9557,25-34,Алматы,400-700к,2025-06-04
9558,35-44,Алматы,400-700к,2024-01-09
9559,35-44,Караганда,200-400к,2020-07-02
9560,35-44,Шымкент,400-700к,2023-10-28
9561,35-44,Алматы,400-700к,2024-03-25
9562,25-34,Атырау,до 200к,2024-04-20
9563,18-24,Алматы,400-700к,2024-02-03
9564,35-44,Астана,200-400к,2023-10-20
9565,35-44,Актобе,400-700к,2022-06-03
9566,35-44,Шымкент,400-700к,2020-05-02
9567,25-34,Шымкент,до 200к,2024-07-05
9568,45-54,Караганда,до 200к,2025-01-25
9569,18-24,Караганда,до 200к,2022-09-27
9570,35-44,Павлодар,400-700к,2022-05-07
9571,18-24,Шымкент,400-700к,2025-01-09
9572,35-44,Астана,400-700к,2022-06-25
9573,25-34,Актобе,400-700к,2022-01-11
9574,35-44,Алматы,200-400к,2024-11-08
9575,18-24,Актобе,200-400к,2025-01-27
9576,35-44,Алматы,700к+,2021-02-13
9577,25-34,Астана,до 200к,2021-07-04
9578,35-44,Актобе,200-400к,2021-09-17
9579,18-24,Караганда,до 200к,2020-11-15
9580,18-24,Алматы,до 200к,2024-09-06
9581,35-44,Астана,200-400к,2025-05-01
9582,18-24,Атырау,до 200к,2022-11-05
9583,25-34,Костанай,200-400к,2023-11-23
9584,45-54,Астана,до 200к,2022-04-20
9585,45-54,Алматы,200-400к,2025-06-14
9586,45-54,Астана,до 200к,2025-03-24
9587,25-34,Астана,400-700к,2024-02-07
9588,35-44,Алматы,200-400к,2024-11-12
9589,35-44,Атырау,400-700к,2020-09-26
9590,18-24,Шымкент,200-400к,2024-11-09
9591,35-44,Астана,до 200к,2022-05-03
9592,18-24,Астана,400-700к,2021-02-28
9593,45-54,Алматы,до 200к,2025-02-05
9594,35-44,Шымкент,200-400к,2024-08-14
9595,25-34,Астана,200-400к,2020-09-26
9596,25-34,Астана,400-700к,2023-08-06
9597,25-34,Караганда,400-700к,2024-10-30
9598,25-34,Астана,до 200к,2023-10-15
9599,35-44,Шымкент,200-400к,2022-08-22
9600,35-44,Павлодар,200-400к,2020-04-05
9601,35-44,Астана,400-700к,2022-09-18
9602,25-34,Астана,700к+,2023-01-16
9603,35-44,Атырау,200-400к,2024-08-12
9604,25-34,Астана,до 200к,2021-03-13
9605,25-34,Астана,400-700к,2021-02-17
9606,55+,Атырау,200-400к,2025-01-28
9607,35-44,Шымкент,400-700к,2024-08-02
9608,35-44,Павлодар,200-400к,2023-01-28
9609,55+,Астана,700к+,2022-06-10
9610,25-34,Астана,до 200к,2023-05-19
9611,55+,Алматы,400-700к,2020-10-31
9612,35-44,Алматы,200-400к,2021-05-01
9613,35-44,Шымкент,200-400к,2022-12-19
9614,25-34,Алматы,700к+,2022-04-22
9615,18-24,Астана,200-400к,2020-12-22
9616,25-34,Астана,400-700к,2022-11-24
9617,18-24,Алматы,до 200к,2023-07-30
9618,18-24,Астана,до 200к,2024-06-12
9619,35-44,Караганда,200-400к,2023-06-13
9620,35-44,Астана,200-400к,2023-05-08
9621,25-34,Актобе,до 200к,2023-01-18
9622,35-44,Алматы,400-700к,2020-08-14
9623,55+,Алматы,400-700к,2022-02-07
9624,35-44,Павлодар,до 200к,2022-06-20
9625,45-54,Павлодар,до 200к,2022-11-13
9626,35-44,Астана,200-400к,2021-08-14
9627,25-34,Астана,200-400к,2024-01-28
9628,25-34,Атырау,400-700к,2022-12-13
9629,55+,Шымкент,200-400к,2021-09-03
9630,35-44,Алматы,до 200к,2022-07-28
9631,45-54,Алматы,400-700к,2023-11-20
9632,55+,Алматы,до 200к,2020-02-14
9633,25-34,Актобе,200-400к,2021-11-13
9634,25-34,Шымкент,200-400к,2021-02-19
9635,35-44,Астана,700к+,2021-10-05
9636,18-24,Алматы,400-700к,2023-08-13
9637,35-44,Алматы,до 200к,2021-03-02
9638,45-54,Актобе,200-400к,2022-12-24
9639,35-44,Павлодар,до 200к,2022-01-24
9640,25-34,Шымкент,до 200к,2020-04-16
9641,35-44,Актобе,200-400к,2024-11-06
9642,25-34,Астана,200-400к,2023-04-10
9643,45-54,Шымкент,400-700к,2021-08-17
9644,18-24,Астана,до 200к,2022-10-03
9645,45-54,Алматы,200-400к,2025-05-28
9646,25-34,Астана,400-700к,2020-10-27
9647,25-34,Атырау,200-400к,2024-08-30
9648,35-44,Алматы,200-400к,2020-01-04
9649,25-34,Астана,400-700к,2024-09-24
9650,25-34,Павлодар,400-700к,2021-11-01
9651,45-54,Атырау,200-400к,2021-08-15
9652,45-54,Астана,700к+,2024-04-08
9653,25-34,Алматы,до 200к,2020-11-23
9654,35-44,Атырау,до 200к,2020-09-23
9655,45-54,Алматы,200-400к,2022-07-22
9656,45-54,Алматы,до 200к,2025-03-03
9657,25-34,Алматы,до 200к,2021-10-24
9658,18-24,Астана,до 200к,2022-12-20
9659,55+,Караганда,400-700к,2022-03-06
9660,25-34,Атырау,200-400к,2024-02-25
9661,25-34,Астана,400-700к,2024-12-03
9662,35-44,Костанай,до 200к,2025-05-07
9663,25-34,Шымкент,200-400к,2021-06-22
9664,45-54,Шымкент,до 200к,2021-06-09
9665,18-24,Алматы,до 200к,2025-01-23
9666,35-44,Алматы,400-700к,2023-03-11
9667,55+,Шымкент,до 200к,2021-10-18
9668,55+,Актобе,400-700к,2021-11-12
9669,45-54,Алматы,400-700к,2020-12-18
9670,45-54,Астана,200-400к,2020-06-18
9671,25-34,Астана,200-400к,2021-11-24
9672,55+,Астана,400-700к,2024-05-06
9673,45-54,Алматы,до 200к,2023-08-11
9674,35-44,Алматы,700к+,2020-01-25
9675,25-34,Астана,до 200к,2020-03-30
9676,18-24,Атырау,200-400к,2024-10-03
9677,35-44,Атырау,700к+,2024-05-06
9678,35-44,Алматы,до 200к,2024-05-08
9679,25-34,Алматы,400-700к,2024-09-19
9680,25-34,Астана,200-400к,2023-06-30
9681,35-44,Алматы,400-700к,2021-11-06
9682,18-24,Атырау,до 200к,2023-03-28
9683,55+,Астана,200-400к,2023-07-08
9684,25-34,Атырау,до 200к,2024-08-18
9685,25-34,Алматы,до 200к,2022-11-29
9686,18-24,Костанай,400-700к,2020-04-21
9687,45-54,Актобе,400-700к,2023-05-29
9688,45-54,Актобе,400-700к,2024-01-12
9689,18-24,Костанай,400-700к,2025-03-06
9690,25-34,Астана,400-700к,2020-12-26
9691,25-34,Алматы,200-400к,2024-09-16
9692,25-34,Астана,200-400к,2020-02-10
9693,35-44,Атырау,400-700к,2024-01-01
9694,18-24,Атырау,200-400к,2021-09-16
9695,35-44,Астана,до 200к,2020-08-22
9696,25-34,Актобе,200-400к,2021-10-16
9697,25-34,Алматы,до 200к,2023-01-08
9698,25-34,Алматы,400-700к,2021-01-20
9699,25-34,Шымкент,до 200к,2023-01-06
9700,25-34,Астана,200-400к,2023-11-22
9701,18-24,Алматы,400-700к,2024-10-18
9702,18-24,Актобе,700к+,2023-01-22
9703,55+,Шымкент,200-400к,2023-04-17
9704,25-34,Шымкент,400-700к,2025-01-14
9705,25-34,Алматы,200-400к,2020-03-10
9706,18-24,Алматы,до 200к,2024-03-03
9707,35-44,Караганда,200-400к,2025-05-08
9708,45-54,Атырау,200-400к,2024-07-10
9709,45-54,Алматы,до 200к,2025-01-19
9710,35-44,Атырау,200-400к,2024-12-10
9711,45-54,Актобе,до 200к,2023-03-23
9712,25-34,Атырау,400-700к,2024-05-31
9713,45-54,Шымкент,200-400к,2021-12-29
9714,45-54,Астана,до 200к,2020-08-24
9715,18-24,Актобе,200-400к,2020-06-18
9716,25-34,Астана,400-700к,2021-01-05
9717,25-34,Алматы,700к+,2023-12-19
9718,18-24,Астана,400-700к,2022-03-14
9719,45-54,Астана,400-700к,2024-06-10
9720,18-24,Шымкент,200-400к,2021-10-26
9721,35-44,Павлодар,200-400к,2024-04-30
9722,55+,Астана,200-400к,2024-11-05
9723,25-34,Астана,700к+,2021-10-15
9724,25-34,Костанай,до 200к,2022-11-14
9725,35-44,Алматы,200-400к,2022-12-09
9726,45-54,Алматы,до 200к,2024-10-17
9727,25-34,Атырау,400-700к,2022-01-19
9728,25-34,Костанай,200-400к,2022-02-13
9729,35-44,Караганда,400-700к,2024-03-31
9730,55+,Астана,700к+,2024-12-18
9731,25-34,Шымкент,до 200к,2020-02-26
9732,25-34,Атырау,400-700к,2020-05-23
9733,55+,Павлодар,200-400к,2025-02-09
9734,25-34,Алматы,200-400к,2022-06-10
9735,18-24,Атырау,до 200к,2023-01-23
9736,35-44,Шымкент,200-400к,2024-12-07
9737,18-24,Алматы,200-400к,2022-03-04
9738,25-34,Алматы,400-700к,2022-06-18
9739,35-44,Алматы,400-700к,2024-08-21
9740,35-44,Костанай,200-400к,2024-01-05
9741,35-44,Астана,до 200к,2023-10-19
9742,25-34,Актобе,до 200к,2021-12-22
9743,35-44,Алматы,до 200к,2023-11-04
9744,35-44,Атырау,700к+,2024-07-16
9745,45-54,Астана,200-400к,2024-12-31
9746,45-54,Павлодар,400-700к,2023-06-16
9747,35-44,Шымкент,700к+,2024-10-09
9748,45-54,Актобе,200-400к,2024-06-11
9749,45-54,Караганда,200-400к,2024-01-02
9750,18-24,Шымкент,400-700к,2022-12-08
9751,55+,Костанай,200-400к,2022-05-19
9752,45-54,Астана,до 200к,2023-06-29
9753,25-34,Павлодар,400-700к,2024-11-05
9754,18-24,Алматы,700к+,2022-11-23
9755,35-44,Караганда,400-700к,2023-10-31
9756,25-34,Павлодар,400-700к,2023-02-08
9757,35-44,Павлодар,400-700к,2023-07-21
9758,35-44,Астана,200-400к,2023-10-10
9759,18-24,Астана,до 200к,2020-04-14
9760,25-34,Атырау,700к+,2020-08-29
9761,45-54,Астана,до 200к,2020-03-18
9762,18-24,Павлодар,400-700к,2024-03-17
9763,35-44,Алматы,200-400к,2024-11-25
9764,25-34,Алматы,200-400к,2021-12-11
9765,25-34,Актобе,400-700к,2020-05-31
9766,35-44,Астана,400-700к,2020-01-26
9767,25-34,Астана,до 200к,2022-06-08
9768,35-44,Астана,200-400к,2023-07-11
9769,35-44,Костанай,до 200к,2021-10-28
9770,18-24,Шымкент,до 200к,2023-05-12
9771,25-34,Костанай,200-400к,2020-11-02
9772,35-44,Астана,700к+,2023-12-22
9773,35-44,Астана,700к+,2021-10-22
9774,35-44,Алматы,200-400к,2025-06-19
9775,35-44,Астана,400-700к,2024-03-18
9776,18-24,Алматы,до 200к,2022-07-11
9777,18-24,Алматы,до 200к,2025-03-07
9778,35-44,Астана,400-700к,2025-04-30
9779,35-44,Актобе,400-700к,2021-01-29
9780,45-54,Астана,400-700к,2023-03-01
9781,25-34,Шымкент,до 200к,2023-08-02
9782,35-44,Астана,200-400к,2021-12-16
9783,35-44,Шымкент,до 200к,2025-06-21
9784,25-34,Актобе,400-700к,2023-09-17
9785,35-44,Атырау,200-400к,2024-03-02
9786,35-44,Атырау,200-400к,2021-01-27
9787,25-34,Алматы,200-400к,2024-12-09
9788,25-34,Астана,до 200к,2025-04-16
9789,25-34,Атырау,200-400к,2024-12-13
9790,45-54,Костанай,400-700к,2022-06-01
9791,25-34,Шымкент,до 200к,2025-02-11
9792,18-24,Астана,200-400к,2020-01-22
9793,18-24,Актобе,700к+,2021-02-11
9794,18-24,Костанай,до 200к,2023-08-03
9795,25-34,Астана,до 200к,2024-03-25
9796,35-44,Алматы,400-700к,2020-08-28
9797,18-24,Атырау,200-400к,2021-08-09
9798,25-34,Актобе,700к+,2020-06-26
9799,18-24,Алматы,до 200к,2020-07-26
9800,25-34,Астана,400-700к,2020-02-17
9801,18-24,Шымкент,200-400к,2025-06-05
9802,35-44,Актобе,до 200к,2024-10-31
9803,35-44,Актобе,200-400к,2023-05-02
9804,35-44,Алматы,200-400к,2020-03-08
9805,25-34,Алматы,до 200к,2023-12-31
9806,45-54,Актобе,до 200к,2022-12-10
9807,35-44,Алматы,до 200к,2024-04-01
9808,18-24,Астана,200-400к,2022-09-05
9809,25-34,Шымкент,до 200к,2020-01-18
9810,35-44,Астана,до 200к,2024-12-27
9811,25-34,Атырау,200-400к,2024-10-25
9812,25-34,Алматы,400-700к,2024-12-27
9813,35-44,Актобе,700к+,2023-08-16
9814,18-24,Караганда,до 200к,2025-01-15
9815,55+,Шымкент,700к+,2020-05-22
9816,25-34,Павлодар,400-700к,2022-03-11
9817,18-24,Алматы,700к+,2021-10-02
9818,18-24,Атырау,200-400к,2022-08-05
9819,25-34,Алматы,200-400к,2020-03-23
9820,45-54,Костанай,400-700к,2024-07-09
9821,45-54,Алматы,200-400к,2021-08-20
9822,45-54,Шымкент,400-700к,2020-08-28
9823,35-44,Алматы,400-700к,2021-01-30
9824,25-34,Астана,200-400к,2020-08-16
9825,25-34,Алматы,200-400к,2023-10-04
9826,18-24,Алматы,200-400к,2025-01-17
9827,45-54,Алматы,400-700к,2020-06-16
9828,25-34,Алматы,400-700к,2020-02-28
9829,25-34,Актобе,200-400к,2024-10-26
9830,35-44,Астана,до 200к,2022-02-04
9831,45-54,Алматы,700к+,2020-08-29
9832,25-34,Павлодар,200-400к,2021-01-24
9833,35-44,Караганда,до 200к,2023-09-14
9834,35-44,Алматы,до 200к,2020-06-16
9835,45-54,Астана,до 200к,2022-03-16
9836,18-24,Астана,200-400к,2025-05-01
9837,25-34,Шымкент,до 200к,2022-05-11
9838,25-34,Атырау,до 200к,2020-11-27
9839,45-54,Шымкент,до 200к,2024-02-26
9840,55+,Костанай,до 200к,2022-05-13
9841,35-44,Актобе,700к+,2022-03-06
9842,25-34,Костанай,200-400к,2021-05-27
9843,25-34,Шымкент,до 200к,2024-02-15
9844,35-44,Караганда,200-400к,2022-09-09
9845,25-34,Актобе,200-400к,2022-08-25
9846,35-44,Актобе,200-400к,2024-03-13
9847,45-54,Алматы,200-400к,2021-12-26
9848,25-34,Алматы,200-400к,2023-08-12
9849,25-34,Алматы,до 200к,2020-12-10
9850,18-24,Алматы,до 200к,2023-02-17
9851,25-34,Павлодар,700к+,2022-05-07
9852,35-44,Актобе,200-400к,2022-10-18
9853,25-34,Алматы,до 200к,2021-12-31
9854,25-34,Астана,до 200к,2020-09-20
9855,18-24,Алматы,400-700к,2025-01-15
9856,18-24,Атырау,до 200к,2022-03-16
9857,35-44,Павлодар,200-400к,2024-02-03
9858,35-44,Алматы,200-400к,2024-12-15
9859,35-44,Астана,до 200к,2022-06-06
9860,35-44,Костанай,200-400к,2024-06-29
9861,25-34,Караганда,до 200к,2022-05-28
9862,35-44,Атырау,200-400к,2020-05-09
9863,18-24,Астана,до 200к,2024-10-30
9864,45-54,Алматы,700к+,2024-08-07
9865,18-24,Караганда,200-400к,2023-02-06
9866,25-34,Алматы,до 200к,2024-07-14
9867,18-24,Атырау,до 200к,2023-08-31
9868,45-54,Актобе,400-700к,2024-05-22
9869,25-34,Астана,400-700к,2020-04-23
9870,45-54,Астана,200-400к,2024-06-17
9871,18-24,Атырау,до 200к,2021-03-04
9872,45-54,Павлодар,200-400к,2025-05-20
9873,35-44,Астана,до 200к,2025-04-16
9874,25-34,Актобе,до 200к,2020-04-20
9875,25-34,Алматы,200-400к,2023-07-27
9876,25-34,Павлодар,400-700к,2022-02-06
9877,45-54,Караганда,200-400к,2021-05-24
9878,45-54,Алматы,до 200к,2025-04-20
9879,25-34,Актобе,до 200к,2022-03-13
9880,25-34,Актобе,200-400к,2023-01-10
9881,25-34,Актобе,200-400к,2021-09-18
9882,18-24,Астана,200-400к,2023-09-26
9883,35-44,Актобе,200-400к,2021-05-19
9884,25-34,Атырау,200-400к,2021-12-24
9885,25-34,Астана,200-400к,2023-11-11
9886,45-54,Алматы,700к+,2021-02-27
9887,35-44,Павлодар,400-700к,2024-04-18
9888,35-44,Караганда,200-400к,2025-05-10
9889,18-24,Астана,200-400к,2023-11-08
9890,45-54,Павлодар,до 200к,2021-12-24
9891,35-44,Алматы,до 200к,2020-12-29
9892,35-44,Атырау,200-400к,2023-01-26
9893,18-24,Астана,400-700к,2022-05-25
9894,45-54,Алматы,700к+,2021-05-02
9895,35-44,Костанай,400-700к,2022-01-04
9896,45-54,Актобе,400-700к,2025-04-17
9897,35-44,Алматы,до 200к,2020-12-03
9898,45-54,Павлодар,700к+,2021-05-31
9899,35-44,Павлодар,до 200к,2021-11-28
9900,45-54,Атырау,700к+,2025-01-01
9901,25-34,Алматы,до 200к,2021-12-17
9902,25-34,Алматы,до 200к,2021-08-06
9903,35-44,Актобе,200-400к,2021-08-17
9904,35-44,Павлодар,до 200к,2025-03-08
9905,35-44,Алматы,до 200к,2021-12-08
9906,35-44,Астана,200-400к,2022-01-04
9907,35-44,Алматы,400-700к,2021-12-29
9908,45-54,Астана,до 200к,2024-10-10
9909,25-34,Караганда,200-400к,2023-11-21
9910,45-54,Алматы,200-400к,2023-04-14
9911,18-24,Караганда,до 200к,2021-03-02
9912,35-44,Караганда,200-400к,2020-08-15
9913,45-54,Астана,200-400к,2020-06-25
9914,25-34,Павлодар,400-700к,2021-08-14
9915,25-34,Алматы,200-400к,2024-05-02
9916,25-34,Алматы,400-700к,2024-03-01
9917,35-44,Астана,200-400к,2024-04-13
9918,25-34,Шымкент,400-700к,2023-08-28
9919,18-24,Алматы,400-700к,2022-10-28
9920,45-54,Костанай,200-400к,2021-12-13
9921,25-34,Алматы,до 200к,2023-12-24
9922,35-44,Алматы,400-700к,2021-01-25
9923,35-44,Атырау,200-400к,2020-05-17
9924,18-24,Павлодар,200-400к,2024-07-15
9925,18-24,Шымкент,200-400к,2022-08-06
9926,55+,Алматы,до 200к,2023-05-29
9927,35-44,Астана,200-400к,2025-03-29
9928,18-24,Алматы,200-400к,2023-09-25
9929,45-54,Шымкент,200-400к,2024-03-08
9930,35-44,Караганда,до 200к,2022-08-16
9931,18-24,Астана,400-700к,2021-09-29
9932,35-44,Шымкент,200-400к,2021-12-01
9933,25-34,Актобе,400-700к,2024-12-06
9934,25-34,Алматы,до 200к,2022-02-03
9935,45-54,Алматы,200-400к,2025-02-10
9936,25-34,Атырау,до 200к,2020-03-03
9937,25-34,Алматы,400-700к,2021-08-08
9938,25-34,Алматы,200-400к,2025-03-02
9939,35-44,Алматы,200-400к,2023-03-05
9940,35-44,Шымкент,700к+,2022-01-03
9941,45-54,Шымкент,200-400к,2020-12-17
9942,25-34,Шымкент,200-400к,2022-08-23
9943,45-54,Астана,400-700к,2025-03-29
9944,35-44,Шымкент,200-400к,2021-12-15
9945,25-34,Алматы,200-400к,2022-08-21
9946,18-24,Атырау,700к+,2021-12-11
9947,45-54,Костанай,400-700к,2024-09-17
9948,25-34,Шымкент,до 200к,2023-10-03
9949,35-44,Астана,до 200к,2023-05-18
9950,35-44,Атырау,400-700к,2023-09-02
9951,18-24,Алматы,до 200к,2022-04-03
9952,55+,Астана,200-400к,2024-06-08
9953,45-54,Павлодар,700к+,2023-05-12
9954,25-34,Алматы,400-700к,2020-05-23
9955,35-44,Алматы,до 200к,2022-01-17
9956,25-34,Шымкент,400-700к,2024-10-14
9957,35-44,Шымкент,200-400к,2021-05-24
9958,18-24,Шымкент,700к+,2025-03-28
9959,25-34,Алматы,200-400к,2024-06-17
9960,25-34,Актобе,200-400к,2025-06-01
9961,25-34,Алматы,до 200к,2024-05-14
9962,25-34,Костанай,до 200к,2020-09-14
9963,25-34,Алматы,200-400к,2021-01-16
9964,55+,Алматы,400-700к,2022-08-31
9965,18-24,Шымкент,200-400к,2021-12-17
9966,18-24,Алматы,400-700к,2025-02-21
9967,25-34,Караганда,до 200к,2024-08-24
9968,35-44,Алматы,200-400к,2024-02-26
9969,25-34,Астана,200-400к,2025-02-24
9970,35-44,Алматы,200-400к,2020-04-30
9971,35-44,Астана,200-400к,2023-11-04
9972,18-24,Алматы,200-400к,2024-10-06
9973,55+,Астана,до 200к,2025-05-04
9974,25-34,Алматы,400-700к,2024-08-04
9975,35-44,Атырау,700к+,2024-06-06
9976,18-24,Актобе,400-700к,2024-04-09
9977,35-44,Алматы,400-700к,2020-09-13
9978,45-54,Алматы,200-400к,2022-04-03
9979,18-24,Алматы,400-700к,2024-10-17
9980,18-24,Алматы,400-700к,2023-06-18
9981,25-34,Астана,до 200к,2021-06-04
9982,18-24,Астана,200-400к,2023-12-02
9983,55+,Костанай,400-700к,2020-02-22
9984,35-44,Атырау,400-700к,2022-03-04
9985,35-44,Алматы,400-700к,2024-02-17
9986,55+,Алматы,200-400к,2024-04-17
9987,45-54,Алматы,400-700к,2022-10-15
9988,45-54,Алматы,до 200к,2021-06-30
9989,25-34,Шымкент,до 200к,2022-09-20
9990,25-34,Алматы,200-400к,2021-01-02
9991,25-34,Алматы,200-400к,2025-02-15
9992,25-34,Алматы,200-400к,2024-09-13
9993,25-34,Караганда,200-400к,2023-12-15
9994,25-34,Алматы,400-700к,2021-11-09
9995,25-34,Костанай,до 200к,2020-10-13
9996,25-34,Астана,до 200к,2020-04-23
9997,25-34,Астана,400-700к,2022-02-05
9998,25-34,Астана,700к+,2024-07-23
9999,25-34,Шымкент,400-700к,2022-01-09
10000,25-34,Астана,до 200к,2024-05-17
10001,35-44,Астана,200-400к,2020-12-19
10002,35-44,Астана,400-700к,2024-05-23
10003,25-34,Астана,до 200к,2020-06-02
10004,18-24,Алматы,200-400к,2021-11-12
10005,25-34,Караганда,200-400к,2020-10-27
10006,25-34,Шымкент,200-400к,2023-04-21
10007,25-34,Караганда,до 200к,2021-01-10
10008,55+,Костанай,200-400к,2020-01-28
10009,25-34,Астана,200-400к,2021-10-05
10010,25-34,Павлодар,200-400к,2020-01-05
10011,35-44,Астана,до 200к,2022-01-28
10012,35-44,Астана,200-400к,2021-06-02
10013,18-24,Караганда,200-400к,2025-02-09
10014,25-34,Алматы,до 200к,2022-11-16
10015,55+,Алматы,200-400к,2022-05-29
10016,18-24,Шымкент,до 200к,2023-04-15
10017,35-44,Алматы,700к+,2020-09-30
10018,45-54,Алматы,до 200к,2020-09-23
10019,25-34,Атырау,200-400к,2020-11-04
10020,35-44,Астана,200-400к,2024-10-01
10021,25-34,Алматы,до 200к,2024-01-30
10022,25-34,Алматы,400-700к,2025-04-03
10023,25-34,Павлодар,200-400к,2024-06-13
10024,55+,Костанай,200-400к,2020-08-26
10025,25-34,Караганда,до 200к,2020-11-26
10026,18-24,Алматы,до 200к,2024-07-05
10027,45-54,Астана,до 200к,2022-12-30
10028,25-34,Астана,200-400к,2023-05-13
10029,45-54,Актобе,700к+,2021-04-12
10030,35-44,Шымкент,200-400к,2022-10-01
10031,35-44,Актобе,200-400к,2024-12-09
10032,35-44,Астана,до 200к,2022-09-05
10033,35-44,Атырау,200-400к,2023-10-07
10034,18-24,Астана,до 200к,2024-02-08
10035,55+,Астана,200-400к,2025-01-23
10036,55+,Астана,700к+,2021-02-21
10037,45-54,Шымкент,200-400к,2024-12-25
10038,35-44,Павлодар,до 200к,2023-05-02
10039,35-44,Астана,до 200к,2024-07-24
10040,35-44,Павлодар,200-400к,2021-06-06
10041,18-24,Астана,до 200к,2020-08-23
10042,25-34,Астана,400-700к,2020-06-19
10043,35-44,Астана,200-400к,2022-02-05
10044,35-44,Алматы,200-400к,2023-01-10
10045,25-34,Атырау,400-700к,2021-07-29
10046,25-34,Алматы,до 200к,2021-06-21
10047,35-44,Астана,до 200к,2024-06-20
10048,25-34,Алматы,200-400к,2024-01-25
10049,55+,Актобе,до 200к,2023-06-22
10050,35-44,Павлодар,до 200к,2023-07-24
10051,18-24,Атырау,700к+,2024-08-19
10052,18-24,Астана,400-700к,2021-03-24
10053,35-44,Астана,до 200к,2025-02-22
10054,25-34,Алматы,400-700к,2024-09-19
10055,45-54,Павлодар,до 200к,2021-11-18
10056,25-34,Алматы,400-700к,2021-11-24
10057,18-24,Костанай,200-400к,2021-01-03
10058,25-34,Атырау,200-400к,2023-11-19
10059,35-44,Актобе,200-400к,2021-08-30
10060,55+,Актобе,до 200к,2021-06-18
10061,45-54,Астана,700к+,2023-09-06
10062,25-34,Астана,до 200к,2021-01-28
10063,45-54,Астана,700к+,2020-08-14
10064,18-24,Алматы,до 200к,2024-09-16
10065,35-44,Актобе,до 200к,2020-03-20
10066,45-54,Астана,до 200к,2025-01-11
10067,25-34,Павлодар,200-400к,2023-09-29
10068,55+,Павлодар,200-400к,2021-12-05
10069,25-34,Алматы,200-400к,2023-02-02
10070,18-24,Алматы,400-700к,2021-09-21
10071,35-44,Астана,200-400к,2022-03-29
10072,45-54,Алматы,200-400к,2023-11-06
10073,25-34,Караганда,200-400к,2024-12-23
10074,45-54,Актобе,200-400к,2021-03-30
10075,25-34,Актобе,700к+,2022-12-03
10076,35-44,Астана,200-400к,2024-09-24
10077,35-44,Атырау,200-400к,2020-01-29
10078,25-34,Шымкент,200-400к,2020-01-18
10079,35-44,Костанай,до 200к,2023-05-14
10080,35-44,Атырау,200-400к,2020-10-11
10081,35-44,Актобе,до 200к,2025-06-09
10082,25-34,Алматы,400-700к,2020-08-29
10083,18-24,Атырау,до 200к,2024-01-16
10084,55+,Астана,до 200к,2021-09-27
10085,35-44,Астана,до 200к,2025-01-21
10086,45-54,Астана,200-400к,2024-09-28
10087,35-44,Астана,400-700к,2024-05-15
10088,45-54,Алматы,700к+,2023-07-04
10089,25-34,Алматы,200-400к,2021-03-08
10090,25-34,Атырау,до 200к,2020-08-02
10091,35-44,Караганда,400-700к,2021-06-08
10092,18-24,Костанай,400-700к,2020-06-06
10093,25-34,Атырау,400-700к,2024-04-19
10094,35-44,Астана,200-400к,2021-07-30
10095,45-54,Актобе,200-400к,2022-05-30
10096,35-44,Шымкент,до 200к,2023-05-24
10097,18-24,Астана,до 200к,2023-11-04
10098,55+,Костанай,700к+,2023-04-02
10099,18-24,Павлодар,до 200к,2024-01-11
10100,25-34,Алматы,200-400к,2020-08-16
10101,55+,Атырау,до 200к,2021-07-13
10102,35-44,Алматы,до 200к,2024-03-01
10103,55+,Павлодар,700к+,2023-12-07
10104,45-54,Караганда,до 200к,2023-06-18
10105,35-44,Алматы,200-400к,2025-02-22
10106,25-34,Атырау,400-700к,2025-05-20
10107,25-34,Шымкент,до 200к,2020-06-16
10108,55+,Алматы,до 200к,2023-01-10
10109,45-54,Атырау,200-400к,2024-12-06
10110,25-34,Актобе,до 200к,2021-10-16
10111,25-34,Астана,до 200к,2020-04-27
10112,25-34,Актобе,200-400к,2020-08-26
10113,25-34,Алматы,до 200к,2023-12-15
10114,45-54,Астана,200-400к,2025-01-12
10115,18-24,Караганда,700к+,2023-11-15
10116,25-34,Алматы,до 200к,2020-03-16
10117,55+,Астана,до 200к,2022-04-05
10118,35-44,Павлодар,до 200к,2021-11-28
10119,25-34,Атырау,до 200к,2024-12-28
10120,25-34,Шымкент,200-400к,2022-11-27
10121,18-24,Шымкент,200-400к,2021-04-14
10122,25-34,Павлодар,до 200к,2023-02-13
10123,18-24,Атырау,200-400к,2024-02-06
10124,18-24,Алматы,до 200к,2023-03-10
10125,25-34,Астана,400-700к,2022-04-15
10126,25-34,Алматы,200-400к,2023-12-05
10127,18-24,Алматы,400-700к,2021-08-31
10128,55+,Астана,200-400к,2020-09-13
10129,18-24,Шымкент,200-400к,2024-09-21
10130,25-34,Атырау,200-400к,2023-12-09
10131,45-54,Павлодар,до 200к,2024-01-02
10132,18-24,Астана,400-700к,2024-11-14
10133,25-34,Астана,200-400к,2023-11-27
10134,45-54,Алматы,200-400к,2020-03-01
10135,35-44,Алматы,200-400к,2024-08-13
10136,25-34,Алматы,200-400к,2020-03-12
10137,35-44,Костанай,400-700к,2023-10-17
10138,35-44,Алматы,до 200к,2025-06-05
10139,25-34,Актобе,200-400к,2022-03-17
10140,18-24,Астана,до 200к,2021-09-15
10141,18-24,Шымкент,до 200к,2025-01-29
10142,45-54,Павлодар,до 200к,2022-06-29
10143,25-34,Павлодар,200-400к,2025-01-18
10144,18-24,Алматы,200-400к,2021-09-12
10145,35-44,Павлодар,400-700к,2021-01-03
10146,45-54,Алматы,200-400к,2023-01-17
10147,18-24,Атырау,400-700к,2022-01-14
10148,18-24,Алматы,400-700к,2023-11-23
10149,25-34,Шымкент,до 200к,2021-08-20
10150,35-44,Актобе,400-700к,2024-02-28
10151,25-34,Атырау,200-400к,2021-12-09
10152,45-54,Атырау,до 200к,2021-12-11
10153,18-24,Астана,700к+,2023-11-20
10154,25-34,Атырау,до 200к,2021-06-05
10155,25-34,Астана,700к+,2021-07-25
10156,25-34,Алматы,400-700к,2022-12-29
10157,25-34,Алматы,400-700к,2021-10-24
10158,45-54,Алматы,200-400к,2022-02-07
10159,25-34,Алматы,200-400к,2021-11-08
10160,35-44,Караганда,200-400к,2023-05-29
10161,25-34,Алматы,200-400к,2021-11-01
10162,35-44,Шымкент,400-700к,2023-05-08
10163,25-34,Алматы,200-400к,2021-04-13
10164,35-44,Караганда,200-400к,2024-11-23
10165,18-24,Астана,700к+,2025-03-17
10166,55+,Астана,200-400к,2020-01-08
10167,45-54,Караганда,400-700к,2020-07-28
10168,45-54,Павлодар,до 200к,2020-07-22
10169,45-54,Костанай,до 200к,2020-12-31
10170,25-34,Астана,200-400к,2024-04-22
10171,35-44,Костанай,200-400к,2021-05-08
10172,25-34,Шымкент,400-700к,2023-03-13
10173,45-54,Павлодар,до 200к,2021-05-18
10174,25-34,Алматы,до 200к,2020-05-05
10175,25-34,Алматы,400-700к,2020-06-16
10176,35-44,Алматы,200-400к,2025-02-28
10177,18-24,Атырау,200-400к,2023-01-21
10178,35-44,Алматы,до 200к,2023-07-24
10179,25-34,Алматы,700к+,2021-01-11
10180,35-44,Шымкент,700к+,2022-08-29
10181,45-54,Костанай,200-400к,2023-08-08
10182,35-44,Шымкент,до 200к,2024-04-08
10183,25-34,Актобе,700к+,2023-08-06
10184,18-24,Алматы,400-700к,2023-04-07
10185,18-24,Павлодар,200-400к,2023-06-02
10186,18-24,Алматы,200-400к,2022-01-16
10187,35-44,Астана,200-400к,2023-10-30
10188,25-34,Астана,до 200к,2021-08-16
10189,25-34,Алматы,400-700к,2023-12-10
10190,25-34,Караганда,200-400к,2022-06-25
10191,55+,Караганда,200-400к,2023-02-28
10192,18-24,Алматы,400-700к,2022-08-08
10193,25-34,Алматы,200-400к,2023-02-10
10194,25-34,Алматы,400-700к,2023-11-25
10195,18-24,Алматы,до 200к,2021-07-16
10196,45-54,Павлодар,700к+,2022-08-04
10197,18-24,Караганда,до 200к,2022-03-17
10198,35-44,Алматы,до 200к,2020-02-06
10199,35-44,Алматы,200-400к,2024-08-31
10200,45-54,Атырау,до 200к,2023-10-01
10201,35-44,Атырау,до 200к,2020-03-31
10202,35-44,Павлодар,400-700к,2020-05-19
10203,25-34,Алматы,200-400к,2025-01-27
10204,25-34,Шымкент,400-700к,2024-08-19
10205,35-44,Алматы,до 200к,2023-12-29
10206,35-44,Атырау,200-400к,2023-11-17
10207,35-44,Астана,200-400к,2024-08-09
10208,25-34,Караганда,200-400к,2023-04-10
10209,25-34,Алматы,200-400к,2020-01-12
10210,25-34,Актобе,200-400к,2022-06-27
10211,18-24,Алматы,200-400к,2021-10-24
10212,25-34,Атырау,до 200к,2020-12-10
10213,18-24,Алматы,200-400к,2024-09-14
10214,35-44,Атырау,200-400к,2023-08-02
10215,35-44,Алматы,200-400к,2024-12-08
10216,35-44,Караганда,до 200к,2020-08-06
10217,35-44,Актобе,400-700к,2025-05-04
10218,18-24,Астана,до 200к,2023-04-24
10219,18-24,Алматы,700к+,2023-02-10
10220,35-44,Астана,до 200к,2021-01-01
10221,45-54,Астана,700к+,2023-06-02
10222,35-44,Караганда,200-400к,2023-04-08
10223,35-44,Алматы,200-400к,2023-11-04
10224,35-44,Алматы,до 200к,2020-10-29
10225,35-44,Астана,700к+,2023-06-26
10226,35-44,Алматы,до 200к,2020-07-07
10227,35-44,Алматы,400-700к,2020-05-22
10228,18-24,Актобе,до 200к,2022-07-30
10229,18-24,Алматы,200-400к,2020-08-25
10230,25-34,Павлодар,400-700к,2023-11-20
10231,35-44,Актобе,200-400к,2022-08-23
10232,35-44,Астана,200-400к,2021-04-21
10233,25-34,Атырау,400-700к,2021-06-28
10234,25-34,Шымкент,200-400к,2022-09-22
10235,45-54,Шымкент,до 200к,2023-04-11
10236,25-34,Астана,200-400к,2024-05-16
10237,45-54,Караганда,400-700к,2023-02-19
10238,25-34,Алматы,до 200к,2023-01-03
10239,25-34,Шымкент,200-400к,2023-04-28
10240,25-34,Алматы,до 200к,2023-04-09
10241,25-34,Астана,700к+,2021-11-28
10242,18-24,Шымкент,200-400к,2021-03-16
10243,25-34,Алматы,200-400к,2022-11-17
10244,25-34,Алматы,400-700к,2020-09-05
10245,25-34,Атырау,400-700к,2021-04-28
10246,45-54,Алматы,до 200к,2020-10-25
10247,18-24,Алматы,200-400к,2022-09-07
10248,25-34,Астана,200-400к,2025-04-29
10249,18-24,Павлодар,200-400к,2024-10-16
10250,55+,Караганда,200-400к,2020-06-22
10251,45-54,Шымкент,200-400к,2024-06-30
10252,55+,Атырау,до 200к,2020-10-30
10253,45-54,Караганда,до 200к,2024-12-26
10254,25-34,Атырау,до 200к,2021-02-15
10255,35-44,Караганда,до 200к,2020-09-08
10256,25-34,Атырау,200-400к,2024-04-24
10257,45-54,Караганда,до 200к,2024-07-24
10258,25-34,Алматы,до 200к,2022-03-06
10259,25-34,Алматы,400-700к,2022-12-29
10260,45-54,Алматы,200-400к,2024-04-30
10261,45-54,Шымкент,400-700к,2024-09-01
10262,55+,Костанай,700к+,2022-04-17
10263,18-24,Актобе,200-400к,2024-04-18
10264,25-34,Актобе,400-700к,2024-05-08
10265,25-34,Караганда,до 200к,2024-05-04
10266,25-34,Павлодар,400-700к,2024-11-25
10267,25-34,Актобе,200-400к,2024-07-30
10268,25-34,Алматы,200-400к,2022-06-13
10269,45-54,Астана,до 200к,2021-09-21
10270,25-34,Астана,700к+,2025-05-26
10271,35-44,Алматы,200-400к,2022-06-11
10272,45-54,Алматы,400-700к,2025-02-08
10273,35-44,Астана,700к+,2025-06-17
10274,25-34,Алматы,400-700к,2020-01-31
10275,25-34,Алматы,200-400к,2020-10-08
10276,18-24,Павлодар,200-400к,2023-02-02
10277,35-44,Астана,200-400к,2020-06-24
10278,25-34,Атырау,200-400к,2023-08-07
10279,18-24,Алматы,200-400к,2020-01-23
10280,55+,Костанай,200-400к,2024-08-13
10281,35-44,Актобе,700к+,2022-05-06
10282,45-54,Павлодар,200-400к,2023-09-08
10283,25-34,Шымкент,до 200к,2022-07-19
10284,55+,Караганда,200-400к,2023-10-08
10285,25-34,Астана,200-400к,2023-09-22
10286,25-34,Астана,700к+,2021-08-02
10287,45-54,Актобе,400-700к,2024-05-19
10288,45-54,Алматы,200-400к,2024-06-29
10289,25-34,Алматы,200-400к,2021-10-04
10290,18-24,Павлодар,400-700к,2020-05-06
10291,25-34,Алматы,200-400к,2022-06-15
10292,35-44,Актобе,до 200к,2023-08-07
10293,45-54,Алматы,200-400к,2024-04-05
10294,25-34,Астана,до 200к,2021-02-08
10295,18-24,Астана,700к+,2022-08-18
10296,35-44,Астана,до 200к,2024-03-11
10297,35-44,Атырау,200-400к,2022-11-17
10298,25-34,Павлодар,700к+,2024-04-29
10299,35-44,Алматы,до 200к,2023-09-10
10300,55+,Астана,до 200к,2020-12-15
10301,25-34,Атырау,до 200к,2021-02-25
10302,35-44,Алматы,700к+,2024-05-06
10303,35-44,Алматы,700к+,2023-11-08
10304,35-44,Астана,200-400к,2024-08-01
10305,45-54,Атырау,400-700к,2021-08-11
10306,35-44,Астана,400-700к,2020-04-16
10307,35-44,Алматы,до 200к,2021-04-20
10308,18-24,Костанай,до 200к,2022-05-10
10309,35-44,Павлодар,400-700к,2020-08-31
10310,18-24,Караганда,до 200к,2021-01-20
10311,18-24,Караганда,200-400к,2020-10-16
10312,25-34,Павлодар,до 200к,2020-09-09
10313,35-44,Караганда,200-400к,2022-02-03
10314,55+,Актобе,до 200к,2024-05-26
10315,35-44,Астана,до 200к,2022-01-27
10316,45-54,Алматы,до 200к,2021-08-09
10317,25-34,Атырау,700к+,2023-01-02
10318,35-44,Караганда,до 200к,2023-07-11
10319,55+,Астана,200-400к,2021-11-29
10320,25-34,Караганда,200-400к,2020-01-08
10321,45-54,Атырау,200-400к,2021-08-18
10322,35-44,Алматы,400-700к,2020-06-07
10323,25-34,Актобе,200-400к,2020-10-16
10324,35-44,Алматы,200-400к,2023-05-05
10325,25-34,Караганда,200-400к,2020-12-24
10326,18-24,Костанай,400-700к,2022-01-10
10327,25-34,Атырау,400-700к,2022-02-24
10328,25-34,Павлодар,до 200к,2024-10-25
10329,25-34,Караганда,400-700к,2020-11-03
10330,45-54,Астана,400-700к,2020-06-13
10331,25-34,Караганда,700к+,2022-12-05
10332,45-54,Астана,700к+,2023-06-01
10333,35-44,Шымкент,400-700к,2022-10-01
10334,18-24,Шымкент,200-400к,2023-11-06
10335,25-34,Шымкент,до 200к,2024-09-23
10336,55+,Астана,400-700к,2023-05-07
10337,35-44,Астана,700к+,2022-12-11
10338,45-54,Астана,до 200к,2023-09-23
10339,25-34,Алматы,200-400к,2021-03-03
10340,35-44,Астана,до 200к,2021-05-13
10341,35-44,Алматы,до 200к,2022-01-10
10342,55+,Павлодар,200-400к,2024-03-14
10343,18-24,Алматы,200-400к,2024-08-30
10344,55+,Атырау,400-700к,2023-01-14
10345,25-34,Алматы,до 200к,2023-05-24
10346,45-54,Атырау,200-400к,2024-04-25
10347,35-44,Актобе,200-400к,2021-04-29
10348,35-44,Павлодар,400-700к,2020-08-31
10349,25-34,Павлодар,до 200к,2024-02-01
10350,45-54,Караганда,200-400к,2020-09-11
10351,25-34,Алматы,400-700к,2020-11-11
10352,25-34,Шымкент,400-700к,2022-03-02
10353,35-44,Астана,200-400к,2024-04-20
10354,35-44,Павлодар,200-400к,2022-02-18
10355,25-34,Павлодар,700к+,2020-08-25
10356,35-44,Астана,200-400к,2020-09-13
10357,25-34,Караганда,до 200к,2021-05-21
10358,35-44,Астана,700к+,2020-06-11
10359,35-44,Караганда,400-700к,2021-10-18
10360,35-44,Шымкент,до 200к,2020-06-10
10361,45-54,Шымкент,400-700к,2024-08-18
10362,35-44,Павлодар,до 200к,2020-04-14
10363,25-34,Алматы,400-700к,2021-01-30
10364,35-44,Атырау,200-400к,2020-03-07
10365,18-24,Караганда,200-400к,2021-08-06
10366,25-34,Астана,700к+,2024-06-03
10367,45-54,Астана,400-700к,2023-02-28
10368,25-34,Алматы,до 200к,2025-02-12
10369,25-34,Шымкент,400-700к,2023-05-18
10370,55+,Павлодар,400-700к,2022-05-01
10371,25-34,Алматы,200-400к,2025-04-01
10372,18-24,Алматы,до 200к,2021-01-08
10373,18-24,Астана,до 200к,2020-08-13
10374,25-34,Астана,700к+,2021-10-18
10375,35-44,Алматы,200-400к,2025-02-02
10376,35-44,Караганда,200-400к,2024-06-25
10377,35-44,Астана,200-400к,2022-12-10
10378,25-34,Атырау,до 200к,2025-02-01
10379,35-44,Астана,до 200к,2023-07-17
10380,18-24,Шымкент,до 200к,2021-04-22
10381,35-44,Астана,до 200к,2020-01-12
10382,35-44,Алматы,400-700к,2020-03-02
10383,18-24,Астана,до 200к,2024-08-25
10384,45-54,Актобе,до 200к,2021-09-09
10385,35-44,Костанай,200-400к,2022-04-23
10386,25-34,Алматы,400-700к,2022-02-09
10387,35-44,Шымкент,до 200к,2020-06-25
10388,35-44,Караганда,до 200к,2020-01-07
10389,25-34,Алматы,400-700к,2023-12-25
10390,25-34,Атырау,200-400к,2023-09-24
10391,35-44,Алматы,200-400к,2021-03-26
10392,55+,Павлодар,до 200к,2020-09-06
10393,35-44,Шымкент,400-700к,2022-10-28
10394,35-44,Алматы,200-400к,2020-06-12
10395,35-44,Актобе,400-700к,2021-08-03
10396,25-34,Алматы,700к+,2023-12-09
10397,18-24,Актобе,400-700к,2020-12-12
10398,25-34,Атырау,до 200к,2024-03-21
10399,45-54,Шымкент,400-700к,2024-11-02
10400,45-54,Алматы,200-400к,2021-01-03
10401,45-54,Астана,до 200к,2023-08-24
10402,25-34,Шымкент,до 200к,2024-03-16
10403,35-44,Караганда,до 200к,2022-11-05
10404,35-44,Караганда,700к+,2021-08-17
10405,25-34,Астана,400-700к,2025-05-20
10406,25-34,Актобе,400-700к,2021-09-08
10407,45-54,Актобе,400-700к,2021-05-09
10408,35-44,Караганда,200-400к,2020-09-01
10409,35-44,Алматы,400-700к,2024-12-17
10410,25-34,Астана,до 200к,2021-03-29
10411,35-44,Астана,до 200к,2020-09-23
10412,18-24,Атырау,200-400к,2020-03-18
10413,18-24,Атырау,400-700к,2021-08-04
10414,35-44,Атырау,400-700к,2023-09-05
10415,25-34,Алматы,700к+,2023-09-29
10416,55+,Актобе,400-700к,2024-08-29
10417,25-34,Павлодар,до 200к,2023-08-29
10418,18-24,Алматы,до 200к,2020-04-06
10419,18-24,Алматы,200-400к,2024-08-12
10420,35-44,Алматы,200-400к,2021-05-25
10421,25-34,Шымкент,200-400к,2025-03-28
10422,25-34,Астана,до 200к,2021-11-23
10423,25-34,Алматы,200-400к,2020-02-03
10424,25-34,Шымкент,400-700к,2022-02-24
10425,35-44,Актобе,до 200к,2022-06-19
10426,25-34,Атырау,200-400к,2024-07-06
10427,18-24,Актобе,до 200к,2023-01-09
10428,45-54,Павлодар,200-400к,2020-03-26
10429,25-34,Шымкент,400-700к,2020-04-05
10430,35-44,Атырау,до 200к,2023-05-13
10431,18-24,Астана,400-700к,2020-06-16
10432,35-44,Атырау,200-400к,2022-11-30
10433,25-34,Павлодар,200-400к,2024-11-28
10434,25-34,Караганда,400-700к,2024-08-03
10435,25-34,Астана,400-700к,2023-06-17
10436,55+,Астана,200-400к,2021-09-03
10437,25-34,Астана,до 200к,2022-10-27
10438,45-54,Алматы,200-400к,2020-07-22
10439,45-54,Алматы,200-400к,2024-01-18
10440,25-34,Астана,до 200к,2020-09-18
10441,25-34,Алматы,200-400к,2020-04-13
10442,25-34,Павлодар,700к+,2023-06-15
10443,55+,Караганда,до 200к,2023-02-19
10444,35-44,Атырау,400-700к,2022-12-27
10445,35-44,Астана,200-400к,2022-08-09
10446,18-24,Алматы,200-400к,2023-03-30
10447,45-54,Астана,400-700к,2022-05-30
10448,18-24,Атырау,200-400к,2020-10-01
10449,18-24,Алматы,200-400к,2023-02-13
10450,25-34,Караганда,до 200к,2020-03-25
10451,25-34,Алматы,до 200к,2020-05-07
10452,45-54,Астана,200-400к,2023-02-06
10453,45-54,Алматы,до 200к,2023-11-08
10454,25-34,Астана,до 200к,2020-06-11
10455,25-34,Алматы,до 200к,2022-01-22
10456,45-54,Атырау,до 200к,2025-02-02
10457,35-44,Алматы,200-400к,2024-04-11
10458,25-34,Алматы,до 200к,2024-05-25
10459,25-34,Алматы,до 200к,2023-08-05
10460,35-44,Костанай,200-400к,2020-12-25
10461,55+,Караганда,200-400к,2022-02-13
10462,35-44,Караганда,700к+,2023-04-10
10463,18-24,Шымкент,700к+,2023-08-26
10464,35-44,Атырау,400-700к,2020-09-21
10465,25-34,Алматы,400-700к,2025-04-25
10466,45-54,Атырау,до 200к,2025-02-15
10467,25-34,Атырау,до 200к,2020-03-14
10468,25-34,Алматы,700к+,2023-03-24
10469,25-34,Алматы,700к+,2020-10-13
10470,25-34,Шымкент,200-400к,2021-09-27
10471,25-34,Алматы,200-400к,2024-11-07
10472,35-44,Астана,до 200к,2023-09-22
10473,35-44,Астана,до 200к,2021-12-05
10474,45-54,Алматы,200-400к,2020-01-06
10475,25-34,Караганда,до 200к,2024-07-30
10476,18-24,Астана,200-400к,2021-07-29
10477,25-34,Караганда,400-700к,2023-04-26
10478,25-34,Астана,400-700к,2021-04-13
10479,25-34,Астана,400-700к,2024-04-28
10480,45-54,Астана,до 200к,2021-11-23
10481,55+,Павлодар,200-400к,2024-01-19
10482,18-24,Астана,200-400к,2020-06-19
10483,45-54,Караганда,200-400к,2023-05-15
10484,35-44,Атырау,700к+,2025-04-19
10485,25-34,Караганда,до 200к,2022-08-04
10486,35-44,Алматы,до 200к,2022-07-24
10487,18-24,Алматы,200-400к,2023-10-04
10488,18-24,Шымкент,200-400к,2024-09-08
10489,55+,Актобе,200-400к,2024-06-10
10490,35-44,Актобе,200-400к,2020-04-29
10491,25-34,Караганда,до 200к,2021-08-15
10492,25-34,Алматы,200-400к,2024-08-16
10493,55+,Актобе,400-700к,2025-05-03
10494,25-34,Шымкент,до 200к,2023-07-30
10495,45-54,Костанай,400-700к,2020-01-10
10496,45-54,Актобе,200-400к,2023-09-19
10497,25-34,Астана,до 200к,2025-03-08
10498,35-44,Караганда,до 200к,2024-05-31
10499,35-44,Шымкент,до 200к,2023-12-18
10500,35-44,Астана,до 200к,2022-11-18
10501,25-34,Шымкент,200-400к,2024-12-09
10502,18-24,Алматы,700к+,2023-06-22
10503,25-34,Алматы,до 200к,2022-10-19
10504,35-44,Актобе,до 200к,2024-12-04
10505,35-44,Астана,400-700к,2020-01-07
10506,35-44,Актобе,200-400к,2020-09-07
10507,35-44,Астана,200-400к,2024-08-09
10508,18-24,Атырау,200-400к,2020-04-21
10509,18-24,Актобе,до 200к,2024-11-30
10510,45-54,Актобе,до 200к,2025-05-19
10511,35-44,Астана,700к+,2021-06-05
10512,45-54,Костанай,200-400к,2024-10-28
10513,25-34,Астана,до 200к,2022-12-29
10514,25-34,Атырау,700к+,2022-10-24
10515,45-54,Астана,200-400к,2025-01-19
10516,25-34,Алматы,до 200к,2024-04-10
10517,18-24,Караганда,700к+,2024-11-13
10518,35-44,Астана,200-400к,2024-10-29
10519,35-44,Алматы,400-700к,2023-12-24
10520,55+,Астана,до 200к,2022-07-22
10521,45-54,Алматы,до 200к,2021-01-05
10522,35-44,Костанай,700к+,2020-07-14
10523,18-24,Караганда,до 200к,2021-05-20
10524,25-34,Алматы,400-700к,2022-08-19
10525,45-54,Актобе,400-700к,2020-10-01
10526,25-34,Шымкент,200-400к,2021-12-03
10527,55+,Актобе,400-700к,2024-05-08
10528,35-44,Шымкент,700к+,2020-02-16
10529,18-24,Алматы,400-700к,2021-09-08
10530,35-44,Алматы,200-400к,2025-04-02
10531,35-44,Актобе,200-400к,2021-10-10
10532,18-24,Актобе,200-400к,2023-12-02
10533,25-34,Актобе,до 200к,2023-05-03
10534,35-44,Алматы,700к+,2024-04-20
10535,25-34,Атырау,700к+,2023-12-29
10536,25-34,Астана,до 200к,2023-04-08
10537,35-44,Караганда,400-700к,2025-04-26
10538,35-44,Алматы,700к+,2021-06-22
10539,35-44,Актобе,200-400к,2021-07-13
10540,55+,Костанай,до 200к,2023-03-15
10541,45-54,Алматы,до 200к,2023-11-30
10542,25-34,Актобе,200-400к,2023-09-22
10543,25-34,Шымкент,700к+,2025-03-27
10544,35-44,Алматы,до 200к,2023-04-09
10545,25-34,Астана,200-400к,2024-03-03
10546,45-54,Актобе,400-700к,2020-09-11
10547,35-44,Астана,400-700к,2020-03-17
10548,25-34,Алматы,700к+,2024-06-15
10549,35-44,Павлодар,400-700к,2022-06-13
10550,35-44,Шымкент,200-400к,2021-08-18
10551,45-54,Актобе,700к+,2024-02-10
10552,25-34,Шымкент,200-400к,2022-03-04
10553,45-54,Шымкент,200-400к,2020-02-29
10554,18-24,Актобе,до 200к,2023-01-06
10555,35-44,Алматы,200-400к,2020-09-08
10556,45-54,Астана,до 200к,2025-05-09
10557,25-34,Караганда,400-700к,2021-10-18
10558,18-24,Костанай,до 200к,2021-09-17
10559,45-54,Астана,200-400к,2024-08-14
10560,45-54,Костанай,700к+,2020-03-24
10561,25-34,Актобе,400-700к,2023-09-16
10562,35-44,Астана,400-700к,2025-04-28
10563,45-54,Астана,400-700к,2020-02-29
10564,25-34,Алматы,до 200к,2025-03-29
10565,35-44,Шымкент,до 200к,2023-05-19
10566,25-34,Алматы,400-700к,2021-01-31
10567,25-34,Астана,400-700к,2024-09-01
10568,45-54,Алматы,200-400к,2024-07-16
10569,25-34,Костанай,до 200к,2025-05-18
10570,55+,Астана,до 200к,2025-01-13
10571,35-44,Астана,200-400к,2023-05-06
10572,35-44,Астана,до 200к,2020-01-26
10573,25-34,Алматы,до 200к,2024-02-03
10574,25-34,Астана,200-400к,2024-02-18
10575,45-54,Актобе,200-400к,2024-03-25
10576,35-44,Караганда,200-400к,2020-12-25
10577,35-44,Астана,200-400к,2024-01-08
10578,25-34,Атырау,200-400к,2024-07-12
10579,25-34,Алматы,до 200к,2020-05-29
10580,18-24,Атырау,200-400к,2020-02-11
10581,35-44,Алматы,до 200к,2020-06-15
10582,25-34,Павлодар,700к+,2023-10-14
10583,35-44,Костанай,до 200к,2021-08-25
10584,25-34,Атырау,400-700к,2024-06-21
10585,25-34,Алматы,200-400к,2025-03-29
10586,35-44,Шымкент,200-400к,2020-03-12
10587,35-44,Атырау,400-700к,2024-01-16
10588,55+,Шымкент,до 200к,2024-02-23
10589,18-24,Астана,200-400к,2020-05-30
10590,35-44,Астана,до 200к,2020-08-25
10591,18-24,Алматы,200-400к,2024-05-30
10592,45-54,Астана,700к+,2020-06-07
10593,35-44,Алматы,200-400к,2021-02-02
10594,25-34,Караганда,400-700к,2025-01-15
10595,45-54,Астана,до 200к,2023-12-25
10596,25-34,Алматы,200-400к,2025-01-20
10597,25-34,Алматы,400-700к,2021-07-02
10598,25-34,Павлодар,до 200к,2024-01-22
10599,18-24,Шымкент,до 200к,2023-05-03
10600,45-54,Караганда,до 200к,2024-11-15
10601,35-44,Актобе,до 200к,2021-03-27
10602,35-44,Караганда,700к+,2020-02-03
10603,45-54,Астана,до 200к,2022-03-09
10604,45-54,Караганда,до 200к,2022-10-20
10605,25-34,Алматы,до 200к,2023-02-22
10606,18-24,Шымкент,до 200к,2024-10-09
10607,25-34,Алматы,200-400к,2023-10-04
10608,55+,Павлодар,до 200к,2024-11-20
10609,55+,Шымкент,до 200к,2023-12-30
10610,35-44,Алматы,до 200к,2022-01-04
10611,25-34,Караганда,400-700к,2024-06-21
10612,25-34,Алматы,200-400к,2021-10-11
10613,45-54,Астана,400-700к,2024-06-13
10614,25-34,Атырау,до 200к,2023-10-31
10615,35-44,Актобе,200-400к,2021-03-18
10616,25-34,Караганда,700к+,2020-04-30
10617,25-34,Астана,до 200к,2024-11-07
10618,35-44,Астана,200-400к,2024-04-10
10619,55+,Алматы,до 200к,2020-04-11
10620,35-44,Шымкент,до 200к,2021-05-14
10621,25-34,Шымкент,200-400к,2022-08-22
10622,25-34,Алматы,200-400к,2022-11-09
10623,45-54,Алматы,200-400к,2022-01-24
10624,35-44,Алматы,200-400к,2021-01-20
10625,25-34,Алматы,200-400к,2023-08-27
10626,35-44,Алматы,200-400к,2024-01-08
10627,25-34,Астана,400-700к,2023-07-04
10628,18-24,Астана,400-700к,2025-03-27
10629,45-54,Астана,до 200к,2022-02-25
10630,35-44,Алматы,до 200к,2022-12-17
10631,25-34,Шымкент,400-700к,2021-09-26
10632,25-34,Атырау,до 200к,2025-03-16
10633,55+,Астана,700к+,2022-04-17
10634,35-44,Астана,400-700к,2022-03-15
10635,35-44,Шымкент,до 200к,2024-01-26
10636,18-24,Алматы,400-700к,2021-07-26
10637,55+,Астана,до 200к,2021-12-29
10638,45-54,Астана,до 200к,2024-08-04
10639,35-44,Астана,700к+,2020-02-13
10640,25-34,Атырау,400-700к,2020-03-16
10641,35-44,Атырау,200-400к,2024-09-28
10642,45-54,Астана,400-700к,2021-07-16
10643,45-54,Астана,до 200к,2024-04-10
10644,55+,Костанай,400-700к,2023-10-12
10645,35-44,Шымкент,700к+,2021-02-03
10646,25-34,Костанай,400-700к,2021-01-12
10647,25-34,Актобе,200-400к,2025-05-21
10648,45-54,Алматы,200-400к,2024-11-15
10649,25-34,Алматы,400-700к,2021-05-29
10650,25-34,Алматы,до 200к,2022-08-22
10651,35-44,Атырау,700к+,2024-09-20
10652,25-34,Астана,200-400к,2021-05-06
10653,45-54,Караганда,до 200к,2023-08-15
10654,25-34,Шымкент,до 200к,2022-01-12
10655,25-34,Атырау,200-400к,2024-10-30
10656,25-34,Актобе,до 200к,2021-07-21
10657,35-44,Алматы,200-400к,2022-05-16
10658,35-44,Астана,700к+,2023-11-02
10659,25-34,Шымкент,до 200к,2023-09-05
10660,25-34,Атырау,200-400к,2020-08-07
10661,18-24,Актобе,200-400к,2020-06-23
10662,35-44,Шымкент,200-400к,2024-09-03
10663,55+,Атырау,200-400к,2024-03-03
10664,35-44,Астана,400-700к,2020-10-24
10665,25-34,Алматы,200-400к,2023-07-20
10666,35-44,Павлодар,200-400к,2021-07-18
10667,25-34,Шымкент,до 200к,2022-03-23
10668,18-24,Атырау,200-400к,2023-06-07
10669,25-34,Астана,до 200к,2023-06-30
10670,18-24,Шымкент,200-400к,2021-12-09
10671,25-34,Астана,200-400к,2024-07-19
10672,45-54,Астана,400-700к,2022-10-17
10673,25-34,Алматы,200-400к,2024-06-14
10674,35-44,Актобе,200-400к,2023-02-12
10675,55+,Астана,до 200к,2021-12-14
10676,35-44,Астана,400-700к,2021-06-02
10677,25-34,Астана,700к+,2020-01-27
10678,35-44,Астана,200-400к,2022-12-05
10679,18-24,Шымкент,до 200к,2023-01-17
10680,25-34,Караганда,200-400к,2025-02-21
10681,25-34,Караганда,до 200к,2021-06-03
10682,45-54,Астана,200-400к,2020-01-05
10683,45-54,Астана,до 200к,2024-11-24
10684,45-54,Алматы,200-400к,2023-04-07
10685,35-44,Шымкент,400-700к,2020-04-08
10686,35-44,Павлодар,до 200к,2021-10-02
10687,45-54,Астана,200-400к,2025-04-24
10688,45-54,Павлодар,до 200к,2024-09-20
10689,25-34,Алматы,до 200к,2023-01-11
10690,55+,Актобе,200-400к,2020-07-12
10691,45-54,Караганда,400-700к,2023-07-24
10692,35-44,Караганда,400-700к,2020-05-01
10693,18-24,Караганда,до 200к,2022-02-22
10694,25-34,Алматы,до 200к,2022-03-20
10695,35-44,Актобе,200-400к,2024-04-02
10696,18-24,Астана,200-400к,2023-09-09
10697,25-34,Шымкент,400-700к,2022-08-15
10698,35-44,Алматы,400-700к,2020-01-13
10699,45-54,Алматы,400-700к,2020-02-06
10700,45-54,Павлодар,до 200к,2024-06-10
10701,35-44,Астана,700к+,2023-07-26
10702,25-34,Астана,700к+,2021-11-04
10703,25-34,Алматы,до 200к,2024-02-10
10704,35-44,Караганда,200-400к,2025-01-14
10705,25-34,Актобе,400-700к,2020-01-27
10706,35-44,Павлодар,200-400к,2024-12-16
10707,55+,Шымкент,до 200к,2021-05-10
10708,35-44,Алматы,200-400к,2024-03-07
10709,35-44,Алматы,200-400к,2023-03-26
10710,35-44,Алматы,400-700к,2024-01-14
10711,45-54,Шымкент,400-700к,2020-08-23
10712,25-34,Костанай,700к+,2023-04-16
10713,25-34,Алматы,200-400к,2025-04-17
10714,25-34,Астана,400-700к,2024-05-07
10715,35-44,Караганда,до 200к,2024-05-15
10716,25-34,Шымкент,200-400к,2020-12-22
10717,35-44,Караганда,700к+,2021-07-05
10718,35-44,Астана,400-700к,2024-06-22
10719,18-24,Алматы,200-400к,2022-03-17
10720,35-44,Астана,до 200к,2023-02-04
10721,25-34,Астана,до 200к,2020-11-30
10722,25-34,Караганда,200-400к,2024-04-12
10723,18-24,Алматы,200-400к,2022-06-10
10724,25-34,Астана,200-400к,2022-09-14
10725,55+,Костанай,400-700к,2025-03-19
10726,55+,Шымкент,до 200к,2023-06-15
10727,35-44,Алматы,200-400к,2022-05-31
10728,35-44,Павлодар,до 200к,2021-11-14
10729,35-44,Алматы,до 200к,2023-04-17
10730,45-54,Актобе,до 200к,2022-04-28
10731,35-44,Алматы,до 200к,2021-03-27
10732,18-24,Атырау,200-400к,2021-12-30
10733,35-44,Алматы,200-400к,2021-07-27
10734,55+,Астана,200-400к,2024-01-21
10735,25-34,Костанай,400-700к,2022-10-02
10736,25-34,Шымкент,200-400к,2021-02-05
10737,25-34,Алматы,200-400к,2020-10-26
10738,25-34,Алматы,200-400к,2025-02-04
10739,35-44,Алматы,200-400к,2024-11-12
10740,25-34,Алматы,200-400к,2024-07-16
10741,55+,Шымкент,700к+,2024-01-09
10742,45-54,Астана,200-400к,2024-09-19
10743,18-24,Павлодар,200-400к,2023-07-18
10744,45-54,Актобе,200-400к,2025-01-01
10745,35-44,Павлодар,400-700к,2025-01-11
10746,35-44,Шымкент,200-400к,2022-05-22
10747,25-34,Астана,200-400к,2021-05-12
10748,45-54,Шымкент,200-400к,2024-11-18
10749,25-34,Астана,400-700к,2024-07-11
10750,25-34,Алматы,200-400к,2022-06-07
10751,25-34,Атырау,700к+,2024-12-22
10752,25-34,Караганда,400-700к,2020-07-22
10753,35-44,Астана,до 200к,2024-07-01
10754,25-34,Астана,200-400к,2020-04-09
10755,35-44,Алматы,700к+,2020-07-23
10756,25-34,Шымкент,до 200к,2020-05-07
10757,45-54,Астана,200-400к,2020-06-08
10758,25-34,Павлодар,до 200к,2021-01-11
10759,45-54,Шымкент,до 200к,2021-12-24
10760,45-54,Астана,200-400к,2021-12-20
10761,25-34,Актобе,400-700к,2022-04-21
10762,35-44,Павлодар,200-400к,2025-05-12
10763,25-34,Атырау,до 200к,2022-10-19
10764,45-54,Астана,200-400к,2021-04-27
10765,35-44,Астана,200-400к,2020-10-02
10766,25-34,Караганда,200-400к,2024-12-30
10767,25-34,Атырау,200-400к,2021-07-05
10768,25-34,Костанай,700к+,2024-06-08
10769,45-54,Астана,400-700к,2024-04-28
10770,45-54,Караганда,400-700к,2024-09-18
10771,18-24,Астана,200-400к,2020-10-19
10772,25-34,Алматы,200-400к,2024-04-18
10773,25-34,Алматы,200-400к,2024-04-13
10774,35-44,Алматы,400-700к,2025-04-30
10775,25-34,Шымкент,700к+,2023-11-17
10776,25-34,Астана,700к+,2020-08-27
10777,45-54,Караганда,200-400к,2022-07-05
10778,25-34,Шымкент,400-700к,2022-08-15
10779,35-44,Алматы,200-400к,2022-08-05
10780,25-34,Караганда,до 200к,2021-11-16
10781,25-34,Алматы,400-700к,2024-05-22
10782,35-44,Алматы,700к+,2021-07-22
10783,25-34,Костанай,400-700к,2022-06-08
10784,25-34,Алматы,400-700к,2022-06-12
10785,55+,Астана,200-400к,2023-07-10
10786,45-54,Караганда,400-700к,2022-08-19
10787,35-44,Астана,200-400к,2025-04-25
10788,18-24,Астана,200-400к,2025-05-25
10789,18-24,Актобе,до 200к,2022-07-17
10790,25-34,Шымкент,200-400к,2021-06-13
10791,55+,Шымкент,до 200к,2024-03-02
10792,45-54,Павлодар,400-700к,2024-12-28
10793,35-44,Алматы,700к+,2024-11-08
10794,55+,Астана,400-700к,2020-11-29
10795,25-34,Алматы,до 200к,2020-04-16
10796,35-44,Алматы,200-400к,2023-08-23
10797,25-34,Костанай,200-400к,2021-08-24
10798,25-34,Актобе,400-700к,2021-09-02
10799,55+,Алматы,до 200к,2020-02-29
10800,45-54,Астана,200-400к,2025-04-04
10801,18-24,Алматы,400-700к,2020-01-03
10802,25-34,Караганда,до 200к,2023-06-23
10803,35-44,Астана,400-700к,2025-01-24
10804,18-24,Павлодар,400-700к,2020-05-08
10805,35-44,Алматы,400-700к,2023-05-17
10806,35-44,Астана,700к+,2025-01-21
10807,25-34,Павлодар,400-700к,2022-04-01
10808,25-34,Павлодар,200-400к,2021-08-10
10809,25-34,Астана,200-400к,2023-11-09
10810,55+,Астана,до 200к,2025-01-28
10811,25-34,Павлодар,до 200к,2023-01-22
10812,35-44,Караганда,200-400к,2020-01-27
10813,25-34,Караганда,до 200к,2023-10-01
10814,35-44,Караганда,200-400к,2021-03-13
10815,18-24,Павлодар,400-700к,2025-06-01
10816,18-24,Шымкент,до 200к,2021-07-10
10817,35-44,Алматы,до 200к,2023-06-26
10818,35-44,Астана,400-700к,2023-10-07
10819,25-34,Актобе,до 200к,2022-06-09
10820,25-34,Астана,200-400к,2024-05-14
10821,55+,Астана,до 200к,2024-11-27
10822,18-24,Караганда,400-700к,2023-06-14
10823,25-34,Астана,200-400к,2024-02-17
10824,25-34,Костанай,200-400к,2020-05-04
10825,25-34,Астана,до 200к,2021-04-28
10826,35-44,Актобе,400-700к,2022-05-17
10827,35-44,Шымкент,200-400к,2020-09-17
10828,35-44,Алматы,200-400к,2022-09-14
10829,35-44,Астана,до 200к,2020-05-26
10830,25-34,Алматы,до 200к,2021-12-18
10831,35-44,Актобе,до 200к,2020-05-02
10832,18-24,Актобе,до 200к,2022-04-19
10833,25-34,Алматы,до 200к,2022-03-22
10834,35-44,Астана,до 200к,2022-08-23
10835,25-34,Костанай,400-700к,2025-06-03
10836,18-24,Астана,200-400к,2023-01-13
10837,25-34,Павлодар,200-400к,2020-10-22
10838,35-44,Алматы,до 200к,2023-06-15
10839,18-24,Алматы,до 200к,2025-05-12
10840,35-44,Шымкент,700к+,2021-02-24
10841,35-44,Алматы,до 200к,2020-06-09
10842,35-44,Павлодар,400-700к,2024-12-08
10843,25-34,Караганда,200-400к,2020-12-10
10844,45-54,Караганда,200-400к,2024-07-13
10845,25-34,Караганда,400-700к,2022-05-06
10846,45-54,Караганда,400-700к,2024-04-22
10847,35-44,Актобе,400-700к,2023-11-26
10848,18-24,Караганда,200-400к,2024-05-30
10849,45-54,Атырау,до 200к,2024-03-01
10850,35-44,Шымкент,200-400к,2022-11-16
10851,25-34,Астана,до 200к,2021-05-03
10852,25-34,Астана,200-400к,2025-03-21
10853,35-44,Астана,200-400к,2021-01-12
10854,35-44,Астана,до 200к,2022-01-01
10855,45-54,Астана,400-700к,2021-07-16
10856,25-34,Астана,700к+,2022-04-19
10857,35-44,Алматы,до 200к,2021-05-13
10858,35-44,Атырау,до 200к,2024-06-20
10859,35-44,Актобе,200-400к,2022-05-24
10860,25-34,Астана,до 200к,2024-10-04
10861,25-34,Костанай,до 200к,2020-03-03
10862,35-44,Костанай,700к+,2022-06-16
10863,25-34,Атырау,до 200к,2023-03-15
10864,25-34,Алматы,до 200к,2024-08-23
10865,35-44,Астана,200-400к,2024-01-01
10866,25-34,Астана,до 200к,2023-06-20
10867,18-24,Актобе,400-700к,2024-08-16
10868,18-24,Караганда,400-700к,2022-02-15
10869,35-44,Караганда,200-400к,2025-03-27
10870,55+,Актобе,до 200к,2024-12-15
10871,25-34,Костанай,400-700к,2024-12-21
10872,25-34,Шымкент,200-400к,2022-10-03
10873,45-54,Павлодар,200-400к,2020-07-05
10874,25-34,Атырау,200-400к,2024-08-25
10875,55+,Астана,200-400к,2022-04-12
10876,35-44,Атырау,до 200к,2024-06-12
10877,25-34,Алматы,200-400к,2020-04-20
10878,25-34,Алматы,400-700к,2020-07-12
10879,25-34,Костанай,200-400к,2021-11-28
10880,35-44,Астана,400-700к,2024-10-08
10881,18-24,Астана,400-700к,2020-03-02
10882,45-54,Костанай,400-700к,2020-11-20
10883,35-44,Астана,200-400к,2022-09-17
10884,45-54,Алматы,до 200к,2024-06-15
10885,45-54,Алматы,400-700к,2020-11-06
10886,25-34,Шымкент,400-700к,2024-02-20
10887,35-44,Алматы,до 200к,2022-09-05
10888,45-54,Алматы,400-700к,2024-01-14
10889,25-34,Атырау,700к+,2023-12-06
10890,18-24,Астана,200-400к,2025-01-15
10891,25-34,Шымкент,до 200к,2020-04-26
10892,25-34,Алматы,200-400к,2023-04-16
10893,45-54,Шымкент,200-400к,2022-07-01
10894,25-34,Караганда,200-400к,2021-11-08
10895,35-44,Астана,до 200к,2024-01-21
10896,55+,Астана,400-700к,2023-04-01
10897,25-34,Астана,200-400к,2022-06-07
10898,35-44,Алматы,200-400к,2023-10-24
10899,18-24,Алматы,200-400к,2023-02-22
10900,18-24,Астана,200-400к,2021-12-30
10901,25-34,Алматы,200-400к,2021-11-02
10902,25-34,Алматы,200-400к,2021-05-23
10903,25-34,Алматы,до 200к,2021-08-16
10904,25-34,Атырау,200-400к,2022-09-06
10905,25-34,Астана,до 200к,2020-12-27
10906,18-24,Шымкент,400-700к,2024-12-01
10907,35-44,Шымкент,200-400к,2023-03-09
10908,18-24,Астана,400-700к,2023-06-14
10909,45-54,Астана,200-400к,2023-02-22
10910,45-54,Астана,до 200к,2024-11-29
10911,35-44,Шымкент,до 200к,2024-06-26
10912,35-44,Астана,до 200к,2022-08-08
10913,35-44,Алматы,200-400к,2021-11-19
10914,35-44,Павлодар,400-700к,2025-03-08
10915,55+,Актобе,до 200к,2023-04-14
10916,55+,Алматы,200-400к,2024-05-02
10917,25-34,Павлодар,до 200к,2020-10-05
10918,35-44,Алматы,200-400к,2021-12-10
10919,45-54,Алматы,200-400к,2021-06-13
10920,18-24,Алматы,до 200к,2022-06-15
10921,35-44,Павлодар,до 200к,2022-10-03
10922,35-44,Алматы,400-700к,2025-06-18
10923,35-44,Актобе,200-400к,2020-07-29
10924,25-34,Караганда,200-400к,2025-03-22
10925,25-34,Шымкент,400-700к,2024-06-11
10926,25-34,Астана,до 200к,2022-03-31
10927,35-44,Алматы,400-700к,2021-07-16
10928,45-54,Актобе,400-700к,2024-07-25
10929,45-54,Астана,200-400к,2020-09-29
10930,25-34,Шымкент,200-400к,2024-12-24
10931,25-34,Алматы,200-400к,2025-03-01
10932,45-54,Актобе,400-700к,2021-05-18
10933,35-44,Караганда,до 200к,2023-01-26
10934,35-44,Шымкент,200-400к,2022-11-01
10935,25-34,Астана,200-400к,2024-03-13
10936,18-24,Астана,400-700к,2024-02-23
10937,45-54,Астана,700к+,2025-06-12
10938,35-44,Алматы,до 200к,2020-06-02
10939,25-34,Караганда,200-400к,2024-06-23
10940,45-54,Алматы,200-400к,2024-05-30
10941,35-44,Алматы,200-400к,2024-01-22
10942,45-54,Алматы,до 200к,2021-02-26
10943,25-34,Алматы,200-400к,2024-01-25
10944,25-34,Шымкент,400-700к,2022-08-15
10945,55+,Караганда,700к+,2021-07-12
10946,55+,Астана,400-700к,2022-01-20
10947,55+,Астана,200-400к,2022-04-08
10948,45-54,Шымкент,до 200к,2024-01-20
10949,25-34,Шымкент,до 200к,2021-02-05
10950,25-34,Атырау,200-400к,2021-04-11
10951,25-34,Атырау,200-400к,2022-01-11
10952,55+,Атырау,400-700к,2022-07-21
10953,25-34,Атырау,200-400к,2025-03-07
10954,35-44,Павлодар,до 200к,2021-06-15
10955,45-54,Шымкент,до 200к,2024-12-17
10956,55+,Шымкент,200-400к,2020-04-19
10957,55+,Актобе,200-400к,2022-10-18
10958,35-44,Алматы,до 200к,2024-08-14
10959,25-34,Астана,до 200к,2021-09-13
10960,55+,Павлодар,200-400к,2021-03-25
10961,25-34,Шымкент,200-400к,2023-04-25
10962,25-34,Алматы,700к+,2021-04-09
10963,55+,Астана,400-700к,2020-01-31
10964,35-44,Алматы,до 200к,2020-04-03
10965,35-44,Астана,400-700к,2022-08-15
10966,18-24,Шымкент,200-400к,2022-10-02
10967,35-44,Шымкент,700к+,2020-02-22
10968,55+,Астана,200-400к,2021-06-21
10969,35-44,Алматы,до 200к,2024-02-22
10970,25-34,Астана,до 200к,2023-02-05
10971,35-44,Алматы,700к+,2023-05-08
10972,45-54,Астана,700к+,2023-12-18
10973,45-54,Караганда,200-400к,2024-12-12
10974,25-34,Алматы,200-400к,2020-04-01
10975,35-44,Павлодар,200-400к,2022-08-23
10976,25-34,Караганда,400-700к,2021-02-04
10977,25-34,Алматы,200-400к,2023-08-27
10978,25-34,Астана,до 200к,2022-02-20
10979,35-44,Алматы,200-400к,2020-11-03
10980,35-44,Алматы,200-400к,2024-10-25
10981,25-34,Павлодар,200-400к,2022-10-29
10982,25-34,Караганда,400-700к,2020-08-07
10983,25-34,Актобе,700к+,2021-03-26
10984,18-24,Караганда,до 200к,2024-01-27
10985,35-44,Павлодар,400-700к,2022-07-29
10986,25-34,Павлодар,400-700к,2025-03-22
10987,18-24,Алматы,200-400к,2020-04-10
10988,55+,Алматы,до 200к,2020-06-04
10989,25-34,Астана,200-400к,2023-10-11
10990,45-54,Астана,700к+,2021-10-28
10991,35-44,Шымкент,200-400к,2024-10-14
10992,35-44,Алматы,200-400к,2024-03-19
10993,35-44,Атырау,до 200к,2020-02-15
10994,25-34,Алматы,200-400к,2025-02-13
10995,45-54,Атырау,200-400к,2025-03-21
10996,45-54,Астана,200-400к,2021-05-08
10997,25-34,Алматы,400-700к,2023-05-10
10998,35-44,Атырау,200-400к,2023-07-07
10999,35-44,Астана,до 200к,2020-03-16
11000,45-54,Актобе,до 200к,2024-01-03
11001,45-54,Павлодар,до 200к,2025-04-20
11002,18-24,Алматы,до 200к,2022-03-19
11003,45-54,Алматы,200-400к,2025-05-26
11004,55+,Алматы,400-700к,2023-09-01
11005,35-44,Алматы,200-400к,2024-01-10
11006,18-24,Костанай,400-700к,2023-01-03
11007,45-54,Атырау,700к+,2023-10-15
11008,35-44,Астана,до 200к,2025-02-17
11009,25-34,Караганда,400-700к,2023-03-26
11010,45-54,Павлодар,до 200к,2022-12-13
11011,35-44,Алматы,до 200к,2020-12-05
11012,45-54,Алматы,до 200к,2022-10-30
11013,35-44,Атырау,до 200к,2024-09-23
11014,25-34,Актобе,200-400к,2023-08-31
11015,55+,Алматы,400-700к,2023-12-03
11016,35-44,Астана,200-400к,2020-10-31
11017,35-44,Алматы,200-400к,2024-08-20
11018,25-34,Шымкент,400-700к,2022-11-27
11019,18-24,Караганда,400-700к,2022-07-01
11020,35-44,Алматы,400-700к,2020-04-11
11021,25-34,Актобе,400-700к,2024-11-21
11022,55+,Астана,200-400к,2023-06-08
11023,55+,Караганда,200-400к,2021-09-16
11024,35-44,Караганда,200-400к,2022-12-05
11025,25-34,Астана,до 200к,2024-12-23
11026,35-44,Астана,400-700к,2024-08-05
11027,18-24,Алматы,700к+,2021-08-18
11028,45-54,Актобе,700к+,2024-05-14
11029,25-34,Караганда,до 200к,2020-01-16
11030,55+,Астана,до 200к,2022-05-15
11031,25-34,Костанай,до 200к,2023-01-01
11032,25-34,Атырау,400-700к,2023-08-10
11033,55+,Алматы,200-400к,2020-01-02
11034,35-44,Алматы,400-700к,2021-08-29
11035,45-54,Шымкент,700к+,2021-05-29
11036,45-54,Алматы,до 200к,2022-02-14
11037,35-44,Костанай,200-400к,2023-10-15
11038,25-34,Караганда,400-700к,2020-06-05
11039,35-44,Алматы,до 200к,2024-02-08
11040,45-54,Астана,200-400к,2020-07-20
11041,55+,Алматы,200-400к,2022-10-10
11042,25-34,Астана,200-400к,2024-06-25
11043,35-44,Алматы,700к+,2024-10-23
11044,25-34,Атырау,до 200к,2025-04-27
11045,35-44,Актобе,200-400к,2022-05-13
11046,45-54,Павлодар,700к+,2022-09-05
11047,45-54,Алматы,200-400к,2024-12-07
11048,25-34,Астана,400-700к,2020-09-12
11049,25-34,Атырау,700к+,2024-12-23
11050,25-34,Астана,до 200к,2020-06-25
11051,18-24,Астана,до 200к,2020-07-01
11052,25-34,Костанай,до 200к,2020-03-31
11053,45-54,Актобе,до 200к,2021-04-05
11054,25-34,Атырау,200-400к,2024-10-23
11055,25-34,Астана,до 200к,2021-02-19
11056,35-44,Шымкент,200-400к,2022-06-03
11057,25-34,Астана,400-700к,2024-05-29
11058,25-34,Астана,до 200к,2024-10-26
11059,55+,Алматы,200-400к,2022-05-27
11060,18-24,Атырау,до 200к,2021-12-26
11061,25-34,Астана,400-700к,2022-07-17
11062,35-44,Шымкент,200-400к,2023-03-22
11063,25-34,Атырау,до 200к,2021-10-06
11064,25-34,Актобе,700к+,2023-09-09
11065,25-34,Алматы,400-700к,2024-06-02
11066,25-34,Шымкент,200-400к,2020-04-10
11067,45-54,Астана,400-700к,2024-06-30
11068,25-34,Алматы,200-400к,2023-09-25
11069,25-34,Алматы,до 200к,2020-04-27
11070,25-34,Караганда,200-400к,2024-05-18
11071,55+,Актобе,400-700к,2022-09-18
11072,18-24,Костанай,700к+,2020-02-14
11073,45-54,Астана,200-400к,2020-06-12
11074,25-34,Астана,200-400к,2020-04-27
11075,55+,Алматы,400-700к,2022-03-24
11076,25-34,Костанай,400-700к,2022-11-10
11077,18-24,Атырау,до 200к,2021-04-25
11078,35-44,Костанай,200-400к,2025-04-26
11079,25-34,Астана,до 200к,2020-03-03
11080,35-44,Алматы,200-400к,2025-04-30
11081,35-44,Шымкент,400-700к,2020-10-29
11082,35-44,Астана,200-400к,2020-08-07
11083,25-34,Астана,200-400к,2022-09-10
11084,35-44,Алматы,200-400к,2024-03-01
11085,25-34,Алматы,до 200к,2023-08-14
11086,55+,Астана,400-700к,2024-05-05
11087,35-44,Павлодар,200-400к,2022-06-25
11088,35-44,Актобе,400-700к,2024-10-19
11089,45-54,Актобе,200-400к,2024-03-08
11090,35-44,Алматы,400-700к,2020-03-28
11091,35-44,Актобе,до 200к,2022-09-30
11092,25-34,Астана,200-400к,2025-04-28
11093,35-44,Алматы,200-400к,2023-12-23
11094,25-34,Астана,400-700к,2024-07-01
11095,18-24,Алматы,200-400к,2023-12-10
11096,45-54,Атырау,до 200к,2023-04-30
11097,18-24,Атырау,200-400к,2021-10-31
11098,35-44,Астана,400-700к,2020-05-13
11099,25-34,Шымкент,до 200к,2021-08-26
11100,25-34,Астана,200-400к,2021-04-25
11101,45-54,Алматы,400-700к,2023-12-19
11102,18-24,Караганда,до 200к,2021-11-24
11103,35-44,Актобе,200-400к,2021-12-08
11104,35-44,Актобе,400-700к,2024-09-10
11105,45-54,Алматы,до 200к,2021-01-26
11106,25-34,Шымкент,до 200к,2024-03-02
11107,45-54,Алматы,200-400к,2021-12-05
11108,25-34,Алматы,200-400к,2025-02-24
11109,25-34,Алматы,400-700к,2025-03-25
11110,25-34,Алматы,200-400к,2022-04-25
11111,25-34,Астана,200-400к,2024-04-12
11112,35-44,Астана,200-400к,2025-01-07
11113,18-24,Караганда,до 200к,2023-04-21
11114,25-34,Астана,200-400к,2024-11-26
11115,35-44,Алматы,до 200к,2023-09-28
11116,25-34,Костанай,700к+,2020-02-06
11117,25-34,Павлодар,до 200к,2023-05-01
11118,25-34,Алматы,до 200к,2021-04-23
11119,25-34,Астана,400-700к,2023-03-27
11120,35-44,Алматы,до 200к,2024-05-18
11121,45-54,Костанай,200-400к,2021-01-31
11122,35-44,Астана,700к+,2023-08-23
11123,35-44,Алматы,400-700к,2022-12-18
11124,18-24,Актобе,до 200к,2021-03-21
11125,55+,Актобе,до 200к,2024-02-27
11126,25-34,Алматы,200-400к,2024-04-11
11127,25-34,Астана,200-400к,2020-01-14
11128,25-34,Астана,до 200к,2021-09-25
11129,18-24,Алматы,до 200к,2020-05-26
11130,45-54,Астана,400-700к,2023-04-19
11131,25-34,Атырау,200-400к,2024-10-29
11132,25-34,Актобе,400-700к,2025-02-12
11133,25-34,Караганда,до 200к,2022-03-03
11134,55+,Караганда,200-400к,2021-04-24
11135,45-54,Шымкент,200-400к,2021-09-19
11136,45-54,Астана,200-400к,2020-04-20
11137,45-54,Актобе,200-400к,2021-11-30
11138,45-54,Алматы,до 200к,2023-08-13
11139,25-34,Алматы,400-700к,2020-02-06
11140,25-34,Алматы,400-700к,2023-12-27
11141,25-34,Актобе,до 200к,2024-08-14
11142,25-34,Шымкент,200-400к,2021-09-17
11143,35-44,Астана,700к+,2024-03-15
11144,18-24,Астана,200-400к,2022-07-25
11145,25-34,Атырау,200-400к,2025-05-30
11146,35-44,Алматы,400-700к,2022-09-29
11147,18-24,Астана,до 200к,2023-04-14
11148,18-24,Актобе,400-700к,2024-06-19
11149,18-24,Караганда,до 200к,2021-07-01
11150,35-44,Астана,400-700к,2023-10-18
11151,18-24,Алматы,200-400к,2024-08-29
11152,25-34,Костанай,до 200к,2021-06-29
11153,25-34,Астана,400-700к,2024-06-01
11154,35-44,Павлодар,200-400к,2021-06-30
11155,25-34,Актобе,200-400к,2023-05-04
11156,18-24,Атырау,400-700к,2021-10-11
11157,45-54,Алматы,200-400к,2023-06-11
11158,45-54,Астана,до 200к,2020-10-18
11159,25-34,Алматы,200-400к,2024-06-07
11160,25-34,Алматы,700к+,2020-09-25
11161,25-34,Алматы,до 200к,2021-11-01
11162,35-44,Астана,400-700к,2024-06-22
11163,25-34,Астана,200-400к,2020-07-11
11164,55+,Караганда,до 200к,2024-07-21
11165,45-54,Астана,400-700к,2022-03-12
11166,35-44,Алматы,200-400к,2021-06-04
11167,18-24,Астана,400-700к,2024-07-20
11168,45-54,Караганда,200-400к,2024-08-27
11169,35-44,Алматы,до 200к,2024-09-19
11170,45-54,Актобе,до 200к,2023-02-15
11171,18-24,Астана,200-400к,2021-01-30
11172,35-44,Шымкент,200-400к,2023-11-25
11173,45-54,Актобе,700к+,2023-11-07
11174,55+,Шымкент,400-700к,2024-10-26
11175,35-44,Караганда,400-700к,2024-01-14
11176,35-44,Павлодар,200-400к,2021-09-08
11177,25-34,Алматы,до 200к,2022-06-14
11178,35-44,Астана,400-700к,2023-08-17
11179,45-54,Павлодар,до 200к,2024-04-03
11180,35-44,Атырау,до 200к,2021-09-09
11181,25-34,Шымкент,до 200к,2021-06-03
11182,18-24,Алматы,700к+,2024-12-10
11183,35-44,Астана,400-700к,2025-06-07
11184,45-54,Атырау,до 200к,2021-08-22
11185,18-24,Караганда,700к+,2020-05-10
11186,25-34,Астана,400-700к,2023-06-04
11187,55+,Алматы,200-400к,2020-02-01
11188,35-44,Актобе,до 200к,2021-01-17
11189,25-34,Шымкент,200-400к,2022-11-19
11190,25-34,Костанай,200-400к,2022-01-09
11191,25-34,Астана,200-400к,2020-04-07
11192,18-24,Астана,200-400к,2021-12-03
11193,35-44,Астана,до 200к,2023-09-10
11194,35-44,Астана,200-400к,2024-02-09
11195,35-44,Астана,200-400к,2024-02-13
11196,35-44,Алматы,400-700к,2021-07-27
11197,18-24,Астана,до 200к,2023-08-19
11198,25-34,Алматы,400-700к,2021-10-16
11199,25-34,Атырау,700к+,2023-07-25
11200,18-24,Алматы,400-700к,2020-01-19
11201,35-44,Астана,200-400к,2022-03-29
11202,18-24,Караганда,400-700к,2021-09-23
11203,35-44,Алматы,400-700к,2023-08-27
11204,25-34,Шымкент,400-700к,2021-06-28
11205,18-24,Атырау,до 200к,2021-08-22
11206,25-34,Шымкент,до 200к,2022-12-25
11207,35-44,Астана,до 200к,2023-07-31
11208,35-44,Атырау,до 200к,2022-03-14
11209,45-54,Костанай,400-700к,2024-11-19
11210,18-24,Атырау,до 200к,2025-05-14
11211,35-44,Астана,400-700к,2023-04-27
11212,35-44,Шымкент,200-400к,2022-12-28
11213,25-34,Шымкент,200-400к,2022-11-07
11214,18-24,Астана,до 200к,2020-05-25
11215,25-34,Астана,200-400к,2022-04-03
11216,18-24,Атырау,до 200к,2024-06-06
11217,45-54,Астана,700к+,2023-10-18
11218,25-34,Павлодар,200-400к,2020-04-16
11219,35-44,Костанай,до 200к,2020-10-03
11220,35-44,Астана,до 200к,2024-08-01
11221,25-34,Алматы,200-400к,2024-01-09
11222,35-44,Костанай,200-400к,2022-03-21
11223,18-24,Алматы,700к+,2025-02-26
11224,25-34,Актобе,до 200к,2020-05-03
11225,18-24,Алматы,до 200к,2024-03-03
11226,25-34,Алматы,400-700к,2025-05-08
11227,25-34,Алматы,200-400к,2022-05-24
11228,35-44,Астана,200-400к,2022-09-17
11229,35-44,Павлодар,700к+,2021-02-28
11230,35-44,Алматы,200-400к,2024-09-05
11231,18-24,Алматы,200-400к,2023-12-22
11232,55+,Караганда,700к+,2022-04-21
11233,18-24,Костанай,до 200к,2021-04-14
11234,45-54,Астана,до 200к,2022-07-12
11235,35-44,Актобе,до 200к,2022-06-22
11236,35-44,Алматы,до 200к,2021-12-25
11237,25-34,Атырау,200-400к,2024-08-05
11238,35-44,Актобе,400-700к,2022-01-07
11239,35-44,Павлодар,700к+,2020-08-16
11240,18-24,Караганда,400-700к,2024-05-05
11241,45-54,Костанай,700к+,2023-12-31
11242,18-24,Астана,200-400к,2020-03-02
11243,35-44,Актобе,200-400к,2023-10-23
11244,35-44,Актобе,до 200к,2022-09-06
11245,45-54,Алматы,200-400к,2023-09-09
11246,25-34,Павлодар,200-400к,2021-06-15
11247,25-34,Актобе,до 200к,2020-12-22
11248,25-34,Атырау,700к+,2023-01-18
11249,25-34,Астана,до 200к,2020-04-18
11250,35-44,Атырау,400-700к,2021-03-06
11251,25-34,Астана,до 200к,2020-03-29
11252,45-54,Костанай,200-400к,2021-11-28
11253,25-34,Алматы,200-400к,2024-12-17
11254,25-34,Шымкент,до 200к,2022-12-02
11255,25-34,Алматы,до 200к,2024-01-17
11256,18-24,Актобе,200-400к,2024-01-23
11257,25-34,Астана,200-400к,2020-09-09
11258,25-34,Павлодар,200-400к,2025-03-06
11259,25-34,Павлодар,200-400к,2020-11-04
11260,25-34,Астана,до 200к,2021-05-01
11261,35-44,Атырау,до 200к,2023-08-04
11262,45-54,Караганда,400-700к,2022-08-23
11263,35-44,Астана,до 200к,2021-03-05
11264,25-34,Астана,200-400к,2021-11-28
11265,18-24,Алматы,200-400к,2022-03-28
11266,18-24,Алматы,400-700к,2023-04-27
11267,35-44,Шымкент,до 200к,2024-04-30
11268,35-44,Шымкент,200-400к,2022-01-02
11269,18-24,Астана,200-400к,2022-02-23
11270,25-34,Костанай,до 200к,2020-07-12
11271,25-34,Алматы,до 200к,2025-03-25
11272,25-34,Атырау,400-700к,2023-05-13
11273,55+,Атырау,200-400к,2021-06-03
11274,25-34,Актобе,до 200к,2020-03-12
11275,18-24,Шымкент,200-400к,2025-03-14
11276,25-34,Алматы,200-400к,2020-03-27
11277,18-24,Атырау,до 200к,2020-12-30
11278,18-24,Актобе,до 200к,2024-11-03
11279,25-34,Атырау,200-400к,2021-11-07
11280,25-34,Алматы,200-400к,2024-10-06
11281,18-24,Шымкент,200-400к,2023-01-05
11282,35-44,Астана,до 200к,2023-01-30
11283,35-44,Караганда,200-400к,2025-02-07
11284,18-24,Актобе,400-700к,2020-02-06
11285,45-54,Алматы,200-400к,2021-11-26
11286,25-34,Алматы,до 200к,2021-11-17
11287,55+,Алматы,до 200к,2024-01-05
11288,55+,Алматы,700к+,2021-11-23
11289,25-34,Алматы,до 200к,2024-10-26
11290,25-34,Алматы,200-400к,2023-12-12
11291,45-54,Астана,400-700к,2024-12-20
11292,25-34,Караганда,400-700к,2024-06-11
11293,25-34,Атырау,700к+,2024-02-03
11294,35-44,Астана,200-400к,2021-12-09
11295,25-34,Алматы,700к+,2023-12-26
11296,45-54,Актобе,до 200к,2022-04-23
11297,35-44,Астана,400-700к,2021-11-17
11298,45-54,Алматы,до 200к,2021-03-25
11299,35-44,Астана,700к+,2024-11-26
11300,35-44,Костанай,400-700к,2023-12-26
11301,35-44,Астана,400-700к,2020-04-08
11302,55+,Костанай,200-400к,2021-11-29
11303,55+,Алматы,до 200к,2023-03-06
11304,45-54,Алматы,200-400к,2023-11-11
11305,35-44,Алматы,до 200к,2021-09-05
11306,35-44,Актобе,400-700к,2023-11-14
11307,25-34,Шымкент,до 200к,2021-06-28
11308,45-54,Шымкент,до 200к,2020-11-08
11309,18-24,Костанай,до 200к,2020-06-23
11310,25-34,Шымкент,400-700к,2024-11-05
11311,25-34,Алматы,200-400к,2023-08-08
11312,35-44,Актобе,200-400к,2024-07-07
11313,35-44,Алматы,до 200к,2022-12-08
11314,25-34,Шымкент,200-400к,2023-03-12
11315,18-24,Атырау,200-400к,2021-08-05
11316,25-34,Астана,до 200к,2020-06-21
11317,25-34,Астана,400-700к,2023-12-01
11318,18-24,Шымкент,200-400к,2020-11-30
11319,35-44,Алматы,700к+,2024-10-15
11320,25-34,Астана,до 200к,2020-07-03
11321,25-34,Шымкент,200-400к,2025-05-07
11322,25-34,Алматы,700к+,2022-07-16
11323,35-44,Алматы,400-700к,2021-07-19
11324,45-54,Шымкент,200-400к,2021-06-15
11325,25-34,Астана,до 200к,2023-09-17
11326,25-34,Астана,200-400к,2024-07-19
11327,35-44,Костанай,200-400к,2022-08-08
11328,18-24,Алматы,до 200к,2022-05-21
11329,45-54,Алматы,до 200к,2024-10-23
11330,55+,Павлодар,200-400к,2022-06-23
11331,35-44,Алматы,до 200к,2021-10-23
11332,55+,Павлодар,400-700к,2025-01-17
11333,25-34,Караганда,до 200к,2024-05-24
11334,25-34,Шымкент,700к+,2023-03-01
11335,18-24,Алматы,200-400к,2020-01-23
11336,18-24,Астана,700к+,2022-02-13
11337,25-34,Атырау,400-700к,2025-05-09
11338,25-34,Алматы,до 200к,2025-05-20
11339,35-44,Актобе,до 200к,2023-09-08
11340,25-34,Атырау,до 200к,2022-07-13
11341,35-44,Караганда,400-700к,2024-09-15
11342,25-34,Алматы,до 200к,2023-03-05
11343,25-34,Актобе,400-700к,2020-04-29
11344,25-34,Актобе,400-700к,2022-02-03
11345,35-44,Алматы,200-400к,2021-10-09
11346,35-44,Павлодар,200-400к,2023-08-31
11347,35-44,Алматы,400-700к,2021-03-15
11348,18-24,Костанай,400-700к,2024-03-31
11349,25-34,Алматы,до 200к,2021-05-01
11350,55+,Алматы,до 200к,2023-06-11
11351,18-24,Караганда,200-400к,2021-08-24
11352,25-34,Алматы,до 200к,2021-05-11
11353,18-24,Алматы,200-400к,2023-11-11
11354,25-34,Алматы,700к+,2025-02-27
11355,25-34,Атырау,200-400к,2024-05-18
11356,25-34,Алматы,до 200к,2022-10-20
11357,35-44,Караганда,до 200к,2025-01-03
11358,45-54,Шымкент,700к+,2024-07-10
11359,25-34,Шымкент,до 200к,2025-01-09
11360,18-24,Астана,до 200к,2020-01-18
11361,45-54,Астана,200-400к,2024-06-14
11362,25-34,Костанай,200-400к,2022-11-01
11363,45-54,Актобе,200-400к,2023-10-28
11364,25-34,Павлодар,200-400к,2025-02-14
11365,35-44,Актобе,200-400к,2022-11-05
11366,45-54,Атырау,до 200к,2023-10-08
11367,25-34,Костанай,200-400к,2025-05-19
11368,45-54,Астана,400-700к,2020-08-16
11369,35-44,Павлодар,200-400к,2024-01-24
11370,45-54,Алматы,700к+,2023-11-20
11371,25-34,Алматы,до 200к,2021-01-15
11372,25-34,Астана,200-400к,2020-01-31
11373,18-24,Астана,200-400к,2023-06-19
11374,55+,Астана,200-400к,2022-01-07
11375,18-24,Шымкент,до 200к,2021-09-18
11376,18-24,Шымкент,200-400к,2021-04-18
11377,45-54,Павлодар,700к+,2022-12-25
11378,25-34,Астана,200-400к,2021-05-18
11379,35-44,Астана,до 200к,2020-05-28
11380,25-34,Караганда,до 200к,2020-03-23
11381,35-44,Караганда,200-400к,2021-06-03
11382,25-34,Атырау,до 200к,2023-05-19
11383,25-34,Астана,400-700к,2022-11-22
11384,35-44,Алматы,700к+,2024-01-23
11385,25-34,Костанай,700к+,2023-04-12
11386,25-34,Алматы,200-400к,2021-08-06
11387,25-34,Караганда,200-400к,2025-01-09
11388,35-44,Астана,200-400к,2023-03-19
11389,25-34,Астана,до 200к,2023-05-22
11390,25-34,Атырау,200-400к,2022-09-21
11391,25-34,Астана,до 200к,2022-04-26
11392,25-34,Алматы,до 200к,2025-06-09
11393,35-44,Актобе,400-700к,2022-02-17
11394,25-34,Алматы,400-700к,2024-06-12
11395,45-54,Алматы,700к+,2020-06-16
11396,35-44,Шымкент,200-400к,2025-03-07
11397,45-54,Астана,400-700к,2024-02-22
11398,35-44,Караганда,200-400к,2024-07-06
11399,25-34,Астана,до 200к,2021-09-30
11400,55+,Астана,200-400к,2023-08-08
11401,45-54,Астана,200-400к,2024-02-20
11402,35-44,Павлодар,200-400к,2020-05-22
11403,25-34,Алматы,400-700к,2023-07-22
11404,25-34,Павлодар,200-400к,2024-09-11
11405,35-44,Астана,700к+,2024-08-22
11406,25-34,Астана,до 200к,2024-03-02
11407,35-44,Актобе,400-700к,2024-11-21
11408,25-34,Астана,700к+,2021-07-18
11409,35-44,Шымкент,200-400к,2023-10-09
11410,25-34,Павлодар,400-700к,2021-06-22
11411,25-34,Атырау,400-700к,2024-09-21
11412,18-24,Шымкент,до 200к,2022-11-14
11413,45-54,Актобе,200-400к,2024-07-13
11414,35-44,Астана,200-400к,2021-07-20
11415,55+,Актобе,до 200к,2021-09-05
11416,35-44,Алматы,200-400к,2025-04-25
11417,35-44,Алматы,до 200к,2024-12-13
11418,35-44,Шымкент,до 200к,2021-01-22
11419,45-54,Алматы,700к+,2022-02-12
11420,55+,Актобе,700к+,2020-11-02
11421,35-44,Алматы,400-700к,2023-06-26
11422,18-24,Алматы,200-400к,2020-03-28
11423,35-44,Караганда,200-400к,2020-02-21
11424,18-24,Шымкент,до 200к,2023-01-10
11425,18-24,Костанай,200-400к,2024-11-25
11426,35-44,Алматы,400-700к,2024-01-20
11427,45-54,Алматы,200-400к,2023-10-23
11428,25-34,Алматы,200-400к,2023-03-18
11429,18-24,Астана,до 200к,2020-12-27
11430,45-54,Алматы,700к+,2021-02-20
11431,18-24,Актобе,до 200к,2023-05-19
11432,18-24,Алматы,200-400к,2025-01-20
11433,35-44,Павлодар,200-400к,2020-04-05
11434,45-54,Шымкент,200-400к,2022-01-28
11435,35-44,Караганда,200-400к,2021-01-12
11436,35-44,Алматы,200-400к,2020-10-08
11437,25-34,Алматы,200-400к,2021-12-07
11438,25-34,Астана,до 200к,2021-01-17
11439,35-44,Шымкент,700к+,2021-05-05
11440,45-54,Шымкент,400-700к,2022-05-26
11441,25-34,Астана,400-700к,2024-01-26
11442,25-34,Алматы,до 200к,2022-12-24
11443,25-34,Костанай,700к+,2022-12-23
11444,18-24,Алматы,400-700к,2023-04-17
11445,25-34,Алматы,200-400к,2021-03-26
11446,18-24,Астана,до 200к,2020-05-26
11447,45-54,Астана,до 200к,2020-02-26
11448,25-34,Астана,400-700к,2024-09-30
11449,35-44,Караганда,200-400к,2024-10-18
11450,35-44,Шымкент,200-400к,2021-11-03
11451,45-54,Караганда,400-700к,2024-04-17
11452,55+,Алматы,400-700к,2021-06-02
11453,25-34,Алматы,200-400к,2021-09-02
11454,18-24,Атырау,700к+,2023-10-07
11455,35-44,Алматы,до 200к,2025-01-28
11456,18-24,Астана,400-700к,2023-05-12
11457,25-34,Астана,200-400к,2025-04-02
11458,18-24,Актобе,до 200к,2025-06-08
11459,45-54,Алматы,200-400к,2020-02-29
11460,18-24,Павлодар,400-700к,2022-03-31
11461,25-34,Астана,200-400к,2022-08-01
11462,25-34,Костанай,до 200к,2021-01-01
11463,35-44,Астана,до 200к,2021-03-02
11464,25-34,Актобе,400-700к,2025-04-29
11465,45-54,Астана,до 200к,2020-12-24
11466,35-44,Атырау,до 200к,2022-08-22
11467,25-34,Астана,400-700к,2022-08-21
11468,25-34,Павлодар,200-400к,2023-08-16
11469,45-54,Актобе,до 200к,2022-12-31
11470,35-44,Шымкент,200-400к,2020-03-25
11471,25-34,Алматы,200-400к,2022-06-20
11472,25-34,Алматы,200-400к,2021-11-02
11473,18-24,Костанай,до 200к,2020-09-13
11474,18-24,Павлодар,200-400к,2025-05-28
11475,18-24,Алматы,200-400к,2022-12-16
11476,18-24,Алматы,200-400к,2025-04-12
11477,25-34,Алматы,до 200к,2025-01-05
11478,45-54,Алматы,до 200к,2025-05-22
11479,45-54,Астана,200-400к,2021-04-18
11480,45-54,Атырау,до 200к,2024-07-05
11481,35-44,Алматы,700к+,2020-03-21
11482,35-44,Павлодар,700к+,2022-09-28
11483,18-24,Костанай,200-400к,2024-10-03
11484,35-44,Астана,400-700к,2023-02-18
11485,25-34,Астана,200-400к,2021-02-07
11486,35-44,Шымкент,до 200к,2020-05-29
11487,55+,Алматы,200-400к,2022-07-05
11488,45-54,Актобе,700к+,2024-05-05
11489,25-34,Шымкент,до 200к,2025-01-13
11490,35-44,Алматы,200-400к,2024-02-07
11491,18-24,Павлодар,200-400к,2022-06-03
11492,18-24,Астана,до 200к,2023-11-17
11493,18-24,Алматы,200-400к,2024-04-16
11494,25-34,Костанай,700к+,2022-02-04
11495,35-44,Алматы,до 200к,2021-06-11
11496,25-34,Алматы,до 200к,2021-06-15
11497,18-24,Алматы,до 200к,2024-01-31
11498,55+,Астана,400-700к,2024-06-07
11499,35-44,Астана,200-400к,2021-01-23
11500,25-34,Караганда,200-400к,2025-05-03
11501,35-44,Астана,400-700к,2020-02-07
11502,35-44,Шымкент,700к+,2022-04-26
11503,25-34,Алматы,до 200к,2022-08-23
11504,35-44,Астана,400-700к,2020-04-21
11505,45-54,Костанай,200-400к,2023-12-19
11506,25-34,Актобе,до 200к,2024-12-06
11507,25-34,Актобе,до 200к,2021-04-20
11508,18-24,Астана,200-400к,2023-10-10
11509,45-54,Астана,400-700к,2025-03-17
11510,25-34,Атырау,200-400к,2023-09-04
11511,25-34,Павлодар,200-400к,2022-06-22
11512,55+,Актобе,до 200к,2025-03-03
11513,35-44,Астана,до 200к,2022-03-14
11514,18-24,Алматы,700к+,2023-09-02
11515,25-34,Алматы,400-700к,2024-03-20
11516,25-34,Алматы,200-400к,2023-05-20
11517,55+,Астана,до 200к,2021-09-20
11518,25-34,Алматы,до 200к,2023-11-21
11519,25-34,Астана,700к+,2021-09-11
11520,35-44,Шымкент,до 200к,2022-08-25
11521,25-34,Шымкент,до 200к,2022-12-26
11522,18-24,Шымкент,400-700к,2021-07-27
11523,45-54,Алматы,700к+,2024-03-14
11524,18-24,Шымкент,до 200к,2021-05-18
11525,45-54,Костанай,400-700к,2020-11-17
11526,45-54,Астана,200-400к,2023-12-23
11527,18-24,Павлодар,200-400к,2024-10-26
11528,35-44,Астана,до 200к,2021-04-30
11529,35-44,Караганда,400-700к,2022-11-01
11530,35-44,Астана,400-700к,2025-02-05
11531,35-44,Караганда,700к+,2022-01-09
11532,18-24,Павлодар,200-400к,2022-03-16
11533,18-24,Астана,400-700к,2023-10-28
11534,35-44,Актобе,200-400к,2023-06-21
11535,18-24,Павлодар,200-400к,2020-09-10
11536,25-34,Актобе,до 200к,2020-03-26
11537,25-34,Алматы,400-700к,2021-12-29
11538,25-34,Алматы,200-400к,2022-06-16
11539,45-54,Павлодар,200-400к,2023-05-11
11540,45-54,Актобе,200-400к,2022-03-10
11541,45-54,Костанай,400-700к,2020-09-20
11542,18-24,Астана,200-400к,2024-02-18
11543,25-34,Актобе,200-400к,2022-05-13
11544,45-54,Атырау,200-400к,2020-04-20
11545,25-34,Атырау,200-400к,2023-04-08
11546,35-44,Караганда,200-400к,2022-03-15
11547,35-44,Алматы,400-700к,2022-12-07
11548,25-34,Караганда,400-700к,2024-09-12
11549,25-34,Шымкент,200-400к,2021-01-17
11550,35-44,Астана,до 200к,2023-08-29
11551,18-24,Алматы,200-400к,2020-08-25
11552,45-54,Павлодар,400-700к,2024-04-03
11553,35-44,Алматы,700к+,2022-01-01
11554,18-24,Астана,до 200к,2024-03-06
11555,35-44,Караганда,700к+,2020-03-23
11556,25-34,Костанай,до 200к,2023-08-16
11557,25-34,Караганда,700к+,2021-05-16
11558,55+,Астана,700к+,2022-02-21
11559,35-44,Алматы,200-400к,2021-04-12
11560,35-44,Астана,700к+,2022-03-09
11561,45-54,Астана,200-400к,2024-05-01
11562,35-44,Атырау,200-400к,2020-04-12
11563,25-34,Астана,400-700к,2023-04-19
11564,25-34,Алматы,до 200к,2021-01-24
11565,25-34,Атырау,до 200к,2022-03-04
11566,25-34,Алматы,до 200к,2023-01-21
11567,25-34,Алматы,200-400к,2020-07-12
11568,35-44,Астана,400-700к,2024-11-25
11569,25-34,Алматы,400-700к,2023-09-24
11570,35-44,Алматы,400-700к,2023-05-09
11571,45-54,Костанай,400-700к,2025-02-03
11572,55+,Атырау,400-700к,2022-02-13
11573,25-34,Актобе,700к+,2020-10-07
11574,45-54,Караганда,до 200к,2024-07-21
11575,45-54,Алматы,400-700к,2023-06-23
11576,18-24,Атырау,до 200к,2022-06-16
11577,25-34,Астана,до 200к,2020-06-18
11578,25-34,Алматы,до 200к,2021-06-03
11579,35-44,Астана,до 200к,2023-03-12
11580,35-44,Шымкент,700к+,2020-06-09
11581,25-34,Алматы,200-400к,2023-01-01
11582,35-44,Алматы,700к+,2024-07-15
11583,25-34,Астана,200-400к,2022-06-17
11584,25-34,Астана,400-700к,2023-05-16
11585,45-54,Алматы,200-400к,2021-03-08
11586,55+,Шымкент,700к+,2023-03-07
11587,35-44,Алматы,до 200к,2020-12-31
11588,25-34,Шымкент,400-700к,2023-12-12
11589,18-24,Алматы,700к+,2022-11-30
11590,25-34,Астана,400-700к,2023-04-25
11591,25-34,Караганда,400-700к,2021-10-02
11592,25-34,Караганда,до 200к,2021-12-02
11593,45-54,Алматы,200-400к,2023-08-11
11594,35-44,Шымкент,до 200к,2023-05-20
11595,25-34,Атырау,200-400к,2023-10-15
11596,25-34,Алматы,до 200к,2020-10-07
11597,25-34,Шымкент,400-700к,2021-01-10
11598,25-34,Астана,700к+,2021-08-15
11599,35-44,Атырау,400-700к,2022-02-13
11600,18-24,Астана,400-700к,2022-12-10
11601,45-54,Костанай,200-400к,2022-11-06
11602,18-24,Караганда,до 200к,2020-05-18
11603,25-34,Шымкент,400-700к,2020-03-11
11604,55+,Астана,до 200к,2024-07-01
11605,25-34,Шымкент,200-400к,2023-03-05
11606,18-24,Алматы,700к+,2020-03-30
11607,35-44,Астана,200-400к,2024-09-02
11608,25-34,Астана,до 200к,2022-01-14
11609,18-24,Караганда,до 200к,2023-08-17
11610,18-24,Актобе,400-700к,2022-06-27
11611,18-24,Павлодар,до 200к,2021-01-19
11612,35-44,Алматы,200-400к,2023-09-23
11613,25-34,Павлодар,200-400к,2021-12-27
11614,35-44,Атырау,400-700к,2020-11-05
11615,45-54,Атырау,400-700к,2021-03-21
11616,25-34,Актобе,до 200к,2024-06-30
11617,25-34,Алматы,400-700к,2022-11-06
11618,25-34,Павлодар,до 200к,2022-05-02
11619,25-34,Шымкент,до 200к,2024-04-11
11620,25-34,Актобе,200-400к,2021-05-17
11621,45-54,Алматы,200-400к,2020-10-28
11622,25-34,Алматы,700к+,2020-07-15
11623,25-34,Алматы,400-700к,2020-07-22
11624,35-44,Шымкент,400-700к,2025-01-24
11625,45-54,Астана,до 200к,2024-12-06
11626,25-34,Павлодар,400-700к,2022-03-17
11627,25-34,Алматы,200-400к,2022-08-02
11628,55+,Алматы,до 200к,2022-02-01
11629,25-34,Астана,400-700к,2023-01-01
11630,35-44,Алматы,400-700к,2020-12-26
11631,35-44,Астана,700к+,2023-08-11
11632,35-44,Актобе,700к+,2022-10-09
11633,25-34,Костанай,до 200к,2024-12-31
11634,25-34,Алматы,400-700к,2021-10-01
11635,25-34,Алматы,700к+,2024-03-02
11636,35-44,Актобе,400-700к,2020-11-27
11637,35-44,Алматы,до 200к,2020-07-03
11638,35-44,Караганда,200-400к,2024-02-14
11639,45-54,Шымкент,до 200к,2024-11-11
11640,55+,Атырау,до 200к,2024-12-01
11641,35-44,Алматы,700к+,2020-04-27
11642,18-24,Костанай,700к+,2021-12-05
11643,25-34,Костанай,700к+,2022-08-04
11644,35-44,Алматы,до 200к,2021-07-26
11645,35-44,Астана,200-400к,2021-08-20
11646,25-34,Астана,200-400к,2022-01-16
11647,35-44,Алматы,200-400к,2020-02-19
11648,25-34,Костанай,200-400к,2025-01-23
11649,25-34,Алматы,700к+,2021-08-24
11650,45-54,Алматы,400-700к,2023-03-13
11651,25-34,Алматы,400-700к,2024-04-28
11652,35-44,Шымкент,до 200к,2020-11-27
11653,35-44,Атырау,200-400к,2021-02-16
11654,35-44,Караганда,200-400к,2023-06-18
11655,25-34,Караганда,200-400к,2025-06-10
11656,35-44,Алматы,400-700к,2022-03-13
11657,25-34,Актобе,до 200к,2024-12-27
11658,35-44,Астана,до 200к,2020-02-04
11659,25-34,Астана,400-700к,2024-01-13
11660,55+,Шымкент,200-400к,2025-04-23
11661,35-44,Костанай,200-400к,2024-01-31
11662,25-34,Актобе,400-700к,2020-08-17
11663,25-34,Караганда,400-700к,2020-01-23
11664,25-34,Астана,400-700к,2022-04-06
11665,35-44,Алматы,до 200к,2023-01-22
11666,35-44,Шымкент,200-400к,2023-08-08
11667,35-44,Караганда,200-400к,2025-01-30
11668,45-54,Караганда,200-400к,2023-03-18
11669,25-34,Шымкент,200-400к,2021-06-19
11670,35-44,Астана,до 200к,2020-01-09
11671,25-34,Алматы,200-400к,2025-02-07
11672,35-44,Алматы,200-400к,2023-04-30
11673,25-34,Караганда,200-400к,2023-09-19
11674,35-44,Костанай,до 200к,2023-12-25
11675,18-24,Шымкент,400-700к,2024-05-19
11676,25-34,Караганда,200-400к,2024-08-25
11677,25-34,Караганда,200-400к,2024-10-05
11678,55+,Алматы,200-400к,2021-01-02
11679,35-44,Алматы,400-700к,2021-08-15
11680,25-34,Алматы,200-400к,2020-03-14
11681,25-34,Павлодар,до 200к,2020-08-31
11682,25-34,Алматы,до 200к,2025-03-03
11683,45-54,Шымкент,до 200к,2022-04-26
11684,55+,Астана,до 200к,2023-09-22
11685,45-54,Караганда,200-400к,2023-02-04
11686,45-54,Алматы,200-400к,2022-06-28
11687,25-34,Костанай,до 200к,2020-11-20
11688,25-34,Астана,400-700к,2023-12-21
11689,35-44,Павлодар,до 200к,2024-02-12
11690,35-44,Шымкент,700к+,2020-11-10
11691,25-34,Астана,200-400к,2021-10-04
11692,35-44,Актобе,200-400к,2025-03-31
11693,25-34,Шымкент,до 200к,2024-09-04
11694,25-34,Алматы,200-400к,2023-08-01
11695,25-34,Караганда,200-400к,2025-04-02
11696,45-54,Шымкент,700к+,2024-10-19
11697,35-44,Шымкент,до 200к,2023-05-14
11698,35-44,Актобе,200-400к,2023-01-18
11699,45-54,Караганда,400-700к,2023-07-21
11700,45-54,Астана,200-400к,2024-05-20
11701,25-34,Астана,200-400к,2025-04-04
11702,45-54,Алматы,700к+,2021-10-17
11703,25-34,Шымкент,200-400к,2021-08-23
11704,35-44,Астана,до 200к,2020-09-23
11705,18-24,Алматы,700к+,2020-01-21
11706,25-34,Актобе,до 200к,2021-12-08
11707,35-44,Алматы,400-700к,2021-05-14
11708,18-24,Алматы,до 200к,2024-11-28
11709,25-34,Атырау,до 200к,2022-09-02
11710,35-44,Караганда,200-400к,2023-10-28
11711,35-44,Актобе,400-700к,2021-02-19
11712,18-24,Астана,до 200к,2022-07-01
11713,18-24,Шымкент,до 200к,2024-06-06
11714,25-34,Павлодар,до 200к,2021-04-15
11715,45-54,Астана,до 200к,2022-02-26
11716,45-54,Алматы,до 200к,2023-04-11
11717,25-34,Алматы,700к+,2021-02-05
11718,35-44,Павлодар,400-700к,2023-03-31
11719,35-44,Астана,200-400к,2023-05-14
11720,55+,Астана,до 200к,2022-11-27
11721,18-24,Шымкент,до 200к,2020-11-27
11722,35-44,Костанай,200-400к,2024-01-15
11723,35-44,Астана,200-400к,2024-08-02
11724,25-34,Шымкент,700к+,2021-04-30
11725,18-24,Костанай,до 200к,2020-08-07
11726,18-24,Алматы,200-400к,2022-10-18
11727,25-34,Шымкент,400-700к,2020-12-14
11728,35-44,Алматы,200-400к,2021-09-08
11729,35-44,Алматы,400-700к,2023-08-07
11730,25-34,Алматы,400-700к,2021-02-15
11731,45-54,Астана,до 200к,2022-01-03
11732,25-34,Алматы,400-700к,2021-10-27
11733,55+,Атырау,200-400к,2023-12-01
11734,18-24,Астана,до 200к,2024-05-24
11735,45-54,Астана,400-700к,2024-10-09
11736,45-54,Караганда,400-700к,2020-08-15
11737,45-54,Костанай,до 200к,2024-03-19
11738,45-54,Астана,200-400к,2021-07-04
11739,25-34,Алматы,400-700к,2024-11-24
11740,35-44,Алматы,200-400к,2022-12-02
11741,35-44,Атырау,200-400к,2025-01-17
11742,25-34,Атырау,200-400к,2022-03-12
11743,55+,Астана,200-400к,2021-10-03
11744,25-34,Алматы,200-400к,2024-07-13
11745,25-34,Шымкент,до 200к,2021-12-14
11746,45-54,Караганда,200-400к,2024-04-07
11747,25-34,Астана,200-400к,2020-04-12
11748,25-34,Алматы,400-700к,2023-09-17
11749,25-34,Астана,400-700к,2024-12-20
11750,35-44,Караганда,200-400к,2021-07-18
11751,45-54,Костанай,200-400к,2025-05-25
11752,18-24,Алматы,200-400к,2020-02-12
11753,35-44,Павлодар,400-700к,2020-09-08
11754,35-44,Астана,700к+,2021-09-19
11755,35-44,Караганда,400-700к,2021-09-19
11756,35-44,Атырау,400-700к,2023-04-16
11757,55+,Шымкент,700к+,2024-10-01
11758,25-34,Алматы,до 200к,2020-07-21
11759,25-34,Алматы,200-400к,2024-02-06
11760,35-44,Атырау,200-400к,2024-07-05
11761,25-34,Шымкент,200-400к,2023-03-09
11762,25-34,Астана,400-700к,2025-05-27
11763,18-24,Шымкент,200-400к,2020-07-12
11764,25-34,Алматы,до 200к,2024-01-15
11765,55+,Алматы,до 200к,2022-04-14
11766,18-24,Атырау,до 200к,2022-04-09
11767,35-44,Астана,200-400к,2023-04-15
11768,35-44,Алматы,до 200к,2024-05-13
11769,18-24,Астана,до 200к,2022-08-21
11770,25-34,Павлодар,200-400к,2021-06-29
11771,25-34,Алматы,200-400к,2021-06-16
11772,35-44,Алматы,200-400к,2025-03-23
11773,25-34,Астана,до 200к,2022-04-08
11774,35-44,Алматы,700к+,2022-01-03
11775,25-34,Алматы,до 200к,2023-02-05
11776,18-24,Алматы,200-400к,2023-10-11
11777,18-24,Алматы,400-700к,2020-03-15
11778,25-34,Караганда,400-700к,2020-02-07
11779,25-34,Алматы,200-400к,2023-02-20
11780,55+,Астана,до 200к,2023-06-15
11781,18-24,Караганда,400-700к,2022-09-09
11782,35-44,Алматы,200-400к,2021-08-15
11783,35-44,Алматы,400-700к,2024-04-15
11784,35-44,Костанай,200-400к,2020-07-23
11785,35-44,Шымкент,700к+,2023-07-03
11786,18-24,Караганда,700к+,2022-05-17
11787,35-44,Шымкент,400-700к,2022-01-03
11788,25-34,Костанай,700к+,2020-07-30
11789,35-44,Алматы,200-400к,2023-09-01
11790,25-34,Алматы,до 200к,2021-01-05
11791,35-44,Атырау,200-400к,2022-12-16
11792,35-44,Алматы,200-400к,2024-11-25
11793,35-44,Шымкент,200-400к,2024-01-24
11794,25-34,Алматы,до 200к,2020-05-06
11795,35-44,Астана,200-400к,2025-05-18
11796,35-44,Караганда,до 200к,2023-06-03
11797,25-34,Шымкент,400-700к,2024-07-20
11798,25-34,Шымкент,700к+,2020-04-30
11799,25-34,Алматы,до 200к,2025-01-03
11800,25-34,Астана,400-700к,2023-12-07
11801,35-44,Актобе,до 200к,2024-11-03
11802,25-34,Алматы,200-400к,2025-05-09
11803,35-44,Шымкент,700к+,2024-08-10
11804,35-44,Шымкент,до 200к,2022-05-09
11805,35-44,Астана,до 200к,2024-08-03
11806,35-44,Астана,700к+,2025-04-20
11807,35-44,Атырау,до 200к,2024-12-20
11808,35-44,Астана,200-400к,2023-07-06
11809,25-34,Алматы,200-400к,2025-03-31
11810,45-54,Костанай,до 200к,2023-04-05
11811,55+,Алматы,до 200к,2022-06-08
11812,25-34,Атырау,400-700к,2020-12-08
11813,55+,Алматы,200-400к,2022-07-20
11814,55+,Астана,200-400к,2025-03-19
11815,25-34,Шымкент,400-700к,2020-08-25
11816,35-44,Алматы,200-400к,2024-09-19
11817,35-44,Актобе,200-400к,2023-07-09
11818,25-34,Алматы,700к+,2020-09-20
11819,18-24,Шымкент,400-700к,2021-03-27
11820,25-34,Атырау,200-400к,2020-02-27
11821,45-54,Шымкент,200-400к,2024-01-21
11822,25-34,Астана,400-700к,2021-12-19
11823,45-54,Астана,200-400к,2021-01-06
11824,35-44,Алматы,200-400к,2020-11-14
11825,35-44,Павлодар,200-400к,2022-10-06
11826,25-34,Шымкент,до 200к,2021-11-03
11827,25-34,Караганда,700к+,2024-12-15
11828,25-34,Астана,200-400к,2025-03-31
11829,25-34,Астана,200-400к,2021-02-04
11830,18-24,Алматы,200-400к,2024-09-19
11831,18-24,Алматы,700к+,2020-04-30
11832,25-34,Астана,200-400к,2022-05-30
11833,35-44,Алматы,400-700к,2023-03-01
11834,25-34,Алматы,400-700к,2021-07-05
11835,25-34,Шымкент,700к+,2023-07-22
11836,45-54,Астана,200-400к,2023-03-01
11837,35-44,Астана,400-700к,2025-02-11
11838,45-54,Актобе,200-400к,2025-02-17
11839,35-44,Шымкент,700к+,2024-06-21
11840,18-24,Алматы,до 200к,2024-04-30
11841,45-54,Актобе,200-400к,2021-11-06
11842,45-54,Астана,200-400к,2024-10-01
11843,35-44,Шымкент,400-700к,2021-12-25
11844,35-44,Павлодар,до 200к,2024-03-02
11845,25-34,Алматы,до 200к,2022-08-29
11846,25-34,Шымкент,400-700к,2022-10-04
11847,35-44,Астана,200-400к,2024-06-07
11848,35-44,Алматы,200-400к,2020-10-10
11849,25-34,Астана,до 200к,2024-08-29
11850,18-24,Астана,700к+,2024-06-25
11851,18-24,Алматы,200-400к,2022-07-31
11852,25-34,Астана,400-700к,2023-07-25
11853,25-34,Астана,400-700к,2021-06-13
11854,45-54,Астана,400-700к,2024-03-25
11855,25-34,Алматы,200-400к,2020-08-26
11856,25-34,Астана,до 200к,2024-01-08
11857,25-34,Астана,200-400к,2023-09-18
11858,35-44,Астана,200-400к,2021-05-07
11859,35-44,Актобе,до 200к,2024-06-17
11860,35-44,Костанай,400-700к,2021-07-25
11861,55+,Алматы,200-400к,2022-12-20
11862,55+,Астана,200-400к,2024-09-08
11863,45-54,Атырау,200-400к,2020-04-28
11864,45-54,Караганда,700к+,2022-03-25
11865,25-34,Костанай,до 200к,2023-06-08
11866,35-44,Актобе,200-400к,2020-12-21
11867,25-34,Актобе,200-400к,2022-10-24
11868,45-54,Алматы,700к+,2023-07-09
11869,25-34,Алматы,200-400к,2024-10-08
11870,25-34,Шымкент,200-400к,2021-08-19
11871,18-24,Шымкент,700к+,2024-07-21
11872,35-44,Актобе,200-400к,2023-07-09
11873,35-44,Костанай,до 200к,2022-10-16
11874,18-24,Алматы,до 200к,2023-03-26
11875,35-44,Астана,200-400к,2025-05-30
11876,25-34,Атырау,200-400к,2023-08-19
11877,45-54,Атырау,до 200к,2022-05-11
11878,18-24,Атырау,200-400к,2025-06-09
11879,18-24,Караганда,700к+,2023-10-16
11880,35-44,Костанай,400-700к,2021-07-08
11881,35-44,Астана,200-400к,2023-05-06
11882,45-54,Алматы,до 200к,2025-05-05
11883,35-44,Алматы,200-400к,2023-10-30
11884,55+,Астана,700к+,2024-03-06
11885,25-34,Атырау,200-400к,2023-08-16
11886,25-34,Астана,до 200к,2024-09-06
11887,55+,Шымкент,400-700к,2020-06-11
11888,18-24,Астана,до 200к,2024-05-23
11889,45-54,Актобе,200-400к,2024-12-06
11890,18-24,Алматы,до 200к,2020-02-15
11891,25-34,Шымкент,400-700к,2024-04-25
11892,25-34,Алматы,400-700к,2022-10-04
11893,35-44,Астана,200-400к,2022-02-10
11894,45-54,Астана,200-400к,2020-07-30
11895,18-24,Шымкент,400-700к,2021-09-28
11896,25-34,Шымкент,до 200к,2023-09-08
11897,25-34,Костанай,до 200к,2022-10-24
11898,25-34,Павлодар,400-700к,2020-04-29
11899,25-34,Астана,400-700к,2021-09-04
11900,55+,Алматы,до 200к,2020-03-07
11901,18-24,Алматы,до 200к,2021-12-27
11902,25-34,Алматы,400-700к,2024-12-18
11903,25-34,Алматы,до 200к,2024-02-24
11904,25-34,Павлодар,200-400к,2025-01-08
11905,25-34,Павлодар,400-700к,2020-11-29
11906,35-44,Алматы,200-400к,2023-06-01
11907,35-44,Актобе,200-400к,2021-08-25
11908,45-54,Атырау,400-700к,2022-07-08
11909,25-34,Астана,700к+,2025-04-19
11910,35-44,Павлодар,400-700к,2024-07-14
11911,45-54,Костанай,200-400к,2023-10-25
11912,45-54,Костанай,700к+,2025-04-12
11913,45-54,Актобе,200-400к,2022-09-24
11914,25-34,Астана,до 200к,2020-04-18
11915,55+,Алматы,до 200к,2024-12-29
11916,45-54,Костанай,200-400к,2020-07-26
11917,45-54,Алматы,до 200к,2021-06-17
11918,35-44,Астана,400-700к,2024-12-15
11919,55+,Алматы,до 200к,2024-11-09
11920,25-34,Астана,200-400к,2020-07-17
11921,35-44,Алматы,400-700к,2024-09-08
11922,35-44,Атырау,до 200к,2023-11-29
11923,35-44,Шымкент,200-400к,2020-08-03
11924,35-44,Астана,700к+,2023-01-12
11925,25-34,Астана,до 200к,2021-06-13
11926,25-34,Шымкент,200-400к,2022-11-09
11927,25-34,Актобе,до 200к,2021-01-05
11928,35-44,Павлодар,400-700к,2020-07-14
11929,35-44,Атырау,200-400к,2023-07-25
11930,45-54,Астана,700к+,2023-12-28
11931,45-54,Атырау,400-700к,2021-01-17
11932,35-44,Шымкент,200-400к,2023-04-19
11933,18-24,Караганда,700к+,2022-09-10
11934,35-44,Караганда,до 200к,2025-01-31
11935,45-54,Астана,400-700к,2023-02-05
11936,35-44,Астана,400-700к,2022-08-19
11937,45-54,Караганда,200-400к,2020-01-17
11938,55+,Астана,200-400к,2024-12-29
11939,25-34,Актобе,до 200к,2023-08-16
11940,35-44,Астана,400-700к,2021-01-02
11941,35-44,Шымкент,200-400к,2020-01-12
11942,25-34,Атырау,400-700к,2021-02-11
11943,25-34,Алматы,400-700к,2022-10-04
11944,25-34,Алматы,200-400к,2025-03-12
11945,25-34,Шымкент,700к+,2023-05-25
11946,35-44,Алматы,до 200к,2020-07-17
11947,25-34,Алматы,до 200к,2021-01-19
11948,25-34,Актобе,200-400к,2021-04-18
11949,35-44,Алматы,до 200к,2020-05-31
11950,25-34,Шымкент,200-400к,2020-10-09
11951,45-54,Алматы,до 200к,2020-07-02
11952,25-34,Алматы,400-700к,2023-11-20
11953,18-24,Астана,700к+,2023-09-28
11954,55+,Костанай,400-700к,2024-04-09
11955,45-54,Шымкент,200-400к,2020-12-31
11956,35-44,Астана,700к+,2024-12-07
11957,35-44,Астана,400-700к,2022-01-17
11958,18-24,Шымкент,400-700к,2020-10-20
11959,35-44,Шымкент,до 200к,2020-11-11
11960,25-34,Алматы,400-700к,2021-10-05
11961,25-34,Алматы,до 200к,2020-06-24
11962,25-34,Астана,до 200к,2021-09-26
11963,35-44,Караганда,до 200к,2023-08-14
11964,25-34,Атырау,400-700к,2025-04-30
11965,25-34,Шымкент,до 200к,2020-01-11
11966,18-24,Караганда,200-400к,2023-03-11
11967,35-44,Астана,200-400к,2021-04-14
11968,25-34,Шымкент,200-400к,2021-11-05
11969,35-44,Караганда,200-400к,2023-07-11
11970,25-34,Алматы,400-700к,2021-08-20
11971,35-44,Павлодар,700к+,2022-05-27
11972,25-34,Астана,400-700к,2021-09-30
11973,55+,Шымкент,400-700к,2021-12-24
11974,25-34,Шымкент,до 200к,2023-11-25
11975,18-24,Атырау,до 200к,2021-08-07
11976,25-34,Алматы,200-400к,2023-01-03
11977,18-24,Павлодар,700к+,2024-05-04
11978,25-34,Алматы,до 200к,2023-06-01
11979,25-34,Алматы,до 200к,2024-02-28
11980,45-54,Атырау,400-700к,2022-07-30
11981,35-44,Алматы,200-400к,2022-07-18
11982,25-34,Шымкент,200-400к,2020-02-22
11983,25-34,Астана,400-700к,2023-11-10
11984,25-34,Павлодар,200-400к,2023-10-06
11985,25-34,Актобе,700к+,2022-10-18
11986,25-34,Астана,200-400к,2023-12-19
11987,18-24,Атырау,200-400к,2023-08-09
11988,25-34,Алматы,до 200к,2020-12-26
11989,55+,Шымкент,200-400к,2021-03-23
11990,35-44,Актобе,до 200к,2023-07-22
11991,45-54,Караганда,до 200к,2020-07-14
11992,25-34,Караганда,до 200к,2024-10-21
11993,45-54,Атырау,200-400к,2021-11-28
11994,25-34,Шымкент,до 200к,2023-04-20
11995,25-34,Павлодар,до 200к,2022-11-09
11996,45-54,Алматы,200-400к,2023-08-30
11997,18-24,Астана,до 200к,2021-12-12
11998,25-34,Актобе,до 200к,2023-11-02
11999,45-54,Астана,700к+,2020-12-12
12000,35-44,Астана,200-400к,2021-10-10
